# OBJ file format with ext .obj
# vertex count = 2503
# face count = 4968
v -0.00341018 0.13031957 0.02175437
v -0.08171916 0.15250145 0.02965609
v -0.03054348 0.12477885 0.00109834
v -0.02490159 0.11211138 0.03756024
v -0.01840568 0.17843055 -0.02421958
v 0.01906794 0.12144925 0.03196844
v 0.0060412 0.12494359 0.03265289
v -0.01346903 0.16299355 -0.01200002
v -0.03439324 0.17236688 -0.00098213
v -0.08431416 0.10957263 0.00370973
v -0.04223354 0.17211574 -0.00417998
v -0.06330839 0.15660615 -0.01383879
v -0.07690395 0.16708033 -0.02693136
v -0.07225392 0.1153955 0.0516703
v 0.01298133 0.11366375 0.03830295
v -0.03785728 0.17010102 0.0014236
v 0.00486894 0.03796237 0.04586763
v -0.05718055 0.04091883 0.04630134
v -0.04520907 0.0388391 0.04450377
v -0.03376149 0.12617876 0.00171323
v -0.05024227 0.15773747 0.00939445
v -0.02121695 0.15887938 -0.00469237
v -0.05647295 0.15778406 0.00817865
v -0.05280206 0.04131986 0.0461698
v -0.04996034 0.04310195 0.04446265
v -0.02974875 0.03653986 0.05249331
v -0.00354389 0.04265977 0.04754153
v 0.00493049 0.04198266 0.04572339
v -0.03908818 0.1687202 -0.01192468
v -0.056901 0.045437 0.04323696
v -0.04124488 0.04309889 0.04212956
v -0.02647198 0.04503453 0.05121946
v -0.02186697 0.04402293 0.0532438
v -0.03699625 0.16899301 0.00132563
v -0.06721659 0.1617134 -0.01373371
v 0.04976006 0.07023522 0.02373202
v -0.04918664 0.04641123 0.04117004
v -0.04459038 0.04379799 0.04268546
v -0.04368647 0.0471545 0.04028631
v -0.02249195 0.04651362 0.05188531
v -0.00651742 0.0450362 0.04750278
v 0.00037699 0.04493579 0.04651993
v 0.03402392 0.11353879 0.02459528
v -0.0264679 0.1810425 -0.00808117
v -0.01753347 0.04796425 0.04882963
v -0.00700126 0.04641652 0.04748554
v 0.00598623 0.04668914 0.04907362
v 0.00910072 0.04847449 0.04935319
v -0.0354537 0.11244769 0.03505541
v -0.0759832 0.138208 0.04921658
v 0.03483844 0.04315341 0.02895431
v -0.05265555 0.04849422 0.03873119
v -0.04737894 0.04845667 0.03912679
v -0.03893375 0.04636427 0.04036478
v -0.02646894 0.04781643 0.04932259
v -0.02236579 0.04807365 0.0501265
v -0.01337343 0.04789241 0.04788385
v -0.01219349 0.0494703 0.04948449
v -0.00063364 0.04719306 0.0491369
v 0.00206568 0.05010468 0.05229022
v -0.02274927 0.04988388 0.04660552
v -0.01800208 0.04991785 0.04694797
v -0.00780368 0.05016931 0.05098865
v -0.00268438 0.05124742 0.05318679
v -0.06387565 0.16140094 -0.02006421
v 0.032434 0.04533397 0.03031676
v -0.08806457 0.12496764 0.00057412
v -0.04150371 0.16748512 0.00327659
v -0.06445701 0.15342891 -0.00511804
v -0.03430319 0.05052015 0.03828602
v -0.0229494 0.05102065 0.04392645
v -0.01435471 0.0544282 0.05071031
v 0.00137731 0.05230271 0.05314901
v 0.0036285 0.05319864 0.05342271
v 0.00807238 0.05157414 0.05177356
v -0.07266589 0.13005582 0.0516682
v 0.03799278 0.0497932 0.03190202
v 0.03849726 0.0480624 0.03173745
v 0.02150351 0.12563988 0.02125262
v -0.07648133 0.14827412 -0.00893762
v -0.08724041 0.11967213 -0.00017813
v -0.04371996 0.16822738 0.0023425
v -0.0406522 0.12266506 0.0262903
v -0.04668618 0.05457072 0.03758737
v -0.04407175 0.05105825 0.03897781
v -0.03814411 0.0505996 0.03930216
v -0.01987577 0.05160771 0.046142
v -0.01691125 0.05184355 0.04845932
v -0.01624919 0.05429211 0.05030694
v -0.01044654 0.05368597 0.05195861
v -0.00430909 0.0544675 0.05390825
v 0.00781527 0.05505068 0.05275025
v 0.03795509 0.1048871 -0.00320318
v -0.07900379 0.1285055 0.05314934
v -0.07977899 0.13448894 0.05099029
v -0.0591297 0.15039712 0.03448954
v -0.06569179 0.14961818 0.03816098
v -0.03195166 0.12518394 0.01940058
v -0.06937259 0.16061775 -0.0091905
v -0.0452255 0.12935459 0.02037752
v -0.04187911 0.05616439 0.0397967
v -0.03061484 0.05441265 0.03669429
v -0.0247876 0.05260622 0.04083976
v -0.02158886 0.05683692 0.04546704
v -0.00024264 0.05453602 0.0546412
v -0.08090051 0.12558713 0.05215537
v -0.02999621 0.17811137 -0.00523582
v 0.03551539 0.05044957 0.03143983
v 0.04331555 0.05214555 0.03249211
v -0.06393854 0.15262699 0.03448107
v -0.04448944 0.06107771 0.03954532
v -0.0389799 0.05799627 0.04015139
v -0.07908773 0.17044488 -0.04137317
v -0.00462473 0.05775965 0.05399071
v -0.00149855 0.05592548 0.0546308
v 0.00519817 0.05701799 0.05342353
v 3.092e-05 0.12315746 0.03474966
v 0.0335683 0.11523716 0.02179841
v 0.0386863 0.05645059 0.03118893
v -0.03438578 0.054096 0.03806029
v -0.00853083 0.06015942 0.05530895
v -0.00044024 0.05834341 0.05448341
v -0.09107873 0.11506037 0.04014181
v 0.04077548 0.05455749 0.03201474
v 0.04563688 0.05740262 0.03199222
v 0.02035885 0.12448747 0.02590634
v -0.0141697 0.12767892 0.00130805
v -0.01198759 0.05749321 0.05275242
v 0.00325145 0.05982864 0.0554643
v -0.01239524 0.12264726 0.03358828
v 0.01381378 0.12322188 0.03250259
v -0.07700431 0.15521281 0.02453477
v -0.02800136 0.06107542 0.03747121
v -0.0008548 0.06059352 0.05582481
v -0.0380502 0.11527068 0.03317854
v -0.01623134 0.12382942 0.02957699
v -0.02537355 0.15840012 -0.00148013
v -0.06781859 0.15454353 0.03023372
v -0.00430826 0.06141857 0.05568849
v -0.00319589 0.11912518 0.03834958
v -0.00642924 0.1220109 0.03574089
v 0.04231296 0.05909915 0.03084842
v 0.04851001 0.06178076 0.03034725
v 0.05041229 0.06031261 0.03024506
v -0.03918559 0.06307453 0.04138289
v -0.03444866 0.0607805 0.03954399
v -0.01474603 0.06558391 0.05373086
v 0.00266452 0.06270001 0.05652521
v -0.01399161 0.11962575 0.03625154
v 0.01965917 0.11236219 0.03754527
v -0.03259716 0.17498725 -0.00259531
v -0.00215139 0.09943738 0.04984975
v -0.05600139 0.06183067 0.02793115
v -0.05470726 0.06346157 0.03167059
v -0.05130794 0.06052166 0.03143493
v -0.04197932 0.06962998 0.04182493
v -0.03027249 0.06247466 0.03798222
v -0.01138786 0.06474246 0.054918
v 0.00695449 0.06470013 0.05559915
v 0.04301509 0.09769096 0.00102583
v 0.0406359 0.06157486 0.02984125
v 0.04618356 0.06191011 0.0302234
v 0.03755296 0.10685291 0.02630347
v -0.07864073 0.16387238 -0.02838779
v -0.06199624 0.14761484 -0.00432568
v -0.00574998 0.06548898 0.05617339
v 0.00025369 0.06574117 0.05656926
v -0.02054255 0.11979518 0.03300367
v 0.00431559 0.12782561 0.02864688
v -0.04654958 0.06765213 0.03963579
v -0.01742058 0.06965949 0.05408953
v -0.01524219 0.0709099 0.05500479
v -0.01028289 0.06892636 0.05528961
v -0.00011289 0.0692882 0.05657979
v -0.03630933 0.11876943 0.03067402
v -0.0703258 0.06336777 0.01980918
v 0.0430231 0.06379581 0.02803921
v 0.04283111 0.08555604 0.02787376
v 0.0169816 0.12715003 0.02293149
v -0.04212149 0.12825104 0.00107515
v 0.01632923 0.12251895 0.03137539
v -0.08126416 0.15381172 0.02589783
v -0.03225787 0.0881926 -0.02513096
v -0.01377495 0.07088795 0.05469563
v 0.00529296 0.06800603 0.05567049
v 0.00769625 0.0723756 0.05606215
v 0.00348306 0.12002635 0.03691195
v 0.00665325 0.11673563 0.03871634
v 0.04608657 0.06647393 0.02680899
v 0.05232729 0.06432707 0.02828189
v -0.06189763 0.12297065 -0.00877255
v -0.00639347 0.10524472 -0.0228419
v -0.03521833 0.06855983 0.04138147
v -0.03268988 0.06772972 0.04012439
v -0.02924544 0.06955152 0.03936901
v -0.00500245 0.069655 0.05689251
v 0.01657396 0.11890153 0.0350423
v -0.0893851 0.09902404 0.01752183
v 0.04571923 0.0694894 0.02354934
v 0.05453721 0.06879672 0.02451769
v -0.04498945 0.07157733 0.04192925
v -0.00424394 0.12914902 0.02582923
v -0.07388009 0.12091638 0.0533958
v -0.07403387 0.14406894 0.04499497
v 0.05040001 0.06729248 0.02685147
v -0.05405689 0.15671602 -0.00248659
v 0.02614811 0.12014725 0.02730801
v -0.01073649 0.12990285 0.01099379
v -0.04507884 0.08726113 -0.02186552
v -0.0383409 0.06884377 0.04184647
v -0.02925558 0.07516921 0.04118643
v -0.04731121 0.16296037 0.00607403
v -0.01186603 0.07318375 0.05625005
v -0.00637346 0.07218434 0.05797298
v -0.00299353 0.07218644 0.05816719
v -0.02578106 0.09377818 -0.02838822
v -0.01669256 0.11568553 0.03785315
v -0.08412341 0.1083205 0.02473098
v -0.07429408 0.1635685 -0.01553422
v -0.09429715 0.12617744 0.01922465
v -0.03520709 0.12505219 0.02163569
v -0.04949594 0.07343634 0.04167357
v -0.03306416 0.07665484 0.0412779
v -0.00731573 0.07391959 0.05797169
v 2.185e-05 0.07349604 0.05769665
v 0.00419344 0.07291517 0.05629873
v -0.07725608 0.14565854 0.04312293
v 0.04107326 0.08872432 -0.00978794
v 0.03741871 0.10850822 0.00033973
v -0.05511138 0.07468784 0.04193974
v -0.04274023 0.07699534 0.04280408
v -0.06853119 0.15630045 0.02099771
v -0.00994402 0.0763431 0.05738856
v -0.00324792 0.07571069 0.05871464
v 0.01341438 0.09307374 0.05146775
v -0.07350444 0.09388334 -0.01475172
v -0.07447183 0.13507476 0.0506889
v -0.02585131 0.12182948 0.02607967
v -0.03402294 0.17597076 -0.00372716
v -0.07540585 0.16839072 -0.02679298
v -0.03665841 0.0750873 0.04200694
v -0.01779548 0.07748619 0.05608724
v -0.01137866 0.07987715 0.05769888
v -0.00010415 0.07688195 0.05819074
v 0.00273814 0.07910568 0.05671919
v 0.00556812 0.07639714 0.05632722
v -0.06189586 0.15424247 -0.0190186
v -0.07264696 0.14098943 0.04697664
v 0.01579974 0.12901416 0.01323687
v -0.01170342 0.09735572 0.05159208
v -0.05892216 0.07754549 0.04296139
v -0.05312132 0.07791243 0.04333492
v -0.05074574 0.0761484 0.04313763
v -0.04740182 0.07555034 0.04263014
v -0.04505562 0.07879628 0.04234131
v -0.03951765 0.07812778 0.04291862
v -0.01524557 0.08294077 0.05693459
v -0.01455779 0.07658216 0.05649325
v -0.0059406 0.07903824 0.05796983
v 0.03717654 0.11064404 0.01881133
v 0.00239297 0.13162713 0.0119551
v -0.09364421 0.11789378 0.01866208
v -0.06393981 0.07862183 0.04208352
v -0.04537646 0.08238355 0.04328212
v -0.03650546 0.08115226 0.04316232
v -0.03324434 0.08226659 0.04185218
v -0.03080065 0.08006842 0.04179807
v -0.00205785 0.08099829 0.05755384
v 0.00818481 0.08075617 0.05537451
v -0.01295337 0.1159358 0.03892023
v -0.07808147 0.1235194 0.05213699
v -0.02658093 0.15567694 -0.00419634
v -0.0824716 0.1162413 -0.00232363
v -0.02753848 0.07996478 0.04769721
v 0.00125564 0.08384557 0.05744644
v 0.00615083 0.08340624 0.0564635
v -0.06243324 0.08403527 0.04420312
v -0.05986717 0.08054051 0.04327709
v -0.05523834 0.08199945 0.04498477
v -0.0540004 0.08056841 0.04460146
v -0.05002702 0.08131133 0.04426418
v -0.04199612 0.08108367 0.04245615
v -0.03935794 0.08363138 0.04350235
v -0.08616148 0.10838594 0.01824492
v -0.08672301 0.09991725 0.00355371
v -0.0224137 0.08328352 0.0555907
v -0.01699318 0.08255582 0.05752388
v -0.01240601 0.08522257 0.05726778
v -0.00744421 0.11693417 0.03928385
v -0.0021452 0.11143287 0.04243662
v -0.07571822 0.12522734 0.05308733
v -0.07705666 0.13193469 0.05246243
v -0.06112104 0.1556966 0.02251705
v -0.03753854 0.12744127 0.01532087
v -0.00205167 0.10093469 0.04562592
v -0.06499215 0.0845509 0.04412006
v -0.05786195 0.08394436 0.04418603
v -0.04568108 0.08498801 0.0441595
v -0.03502264 0.08288816 0.04291276
v -0.02998201 0.0854023 0.04374508
v -0.08889226 0.0992091 0.00957032
v -0.0191353 0.0834748 0.05721739
v -0.08348971 0.10724729 0.0007579
v -0.0701128 0.1179035 0.05271416
v -0.03552632 0.17595563 -0.00486762
v -0.07083139 0.12254425 0.05327488
v 0.04513381 0.09363069 0.00623368
v -0.0536167 0.08534685 0.04533247
v -0.04900084 0.08622168 0.04535204
v -0.03674488 0.08608369 0.04361289
v -0.0108726 0.08882677 0.05666549
v -0.00384502 0.08478781 0.05719798
v -0.04902007 0.11771293 0.03158143
v -0.0429144 0.11835991 0.03064504
v -0.05768453 0.15561695 0.01298311
v -0.02541173 0.12472533 0.00012886
v 0.01901223 0.12736197 0.01778658
v -0.0594986 0.08884547 0.04510929
v -0.05693105 0.0881015 0.04469293
v 0.00357656 0.13138981 0.0072086
v -0.01668335 0.08726669 0.05674119
v -0.00849808 0.08399047 0.05760522
v 0.00350782 0.08633952 0.05704832
v -0.0283987 0.1807065 -0.00784695
v -0.07656583 0.11674037 0.05148935
v 0.01786943 0.09089861 0.04871294
v -0.0403421 0.11669551 0.0324602
v 0.00591057 0.13140929 0.01682375
v -0.08577755 0.09170137 -4.697e-05
v -0.05037223 0.08884466 0.045188
v -0.04443413 0.08765453 0.04347762
v -0.04205639 0.08671152 0.04253463
v -0.03305846 0.0861855 0.04256035
v -0.02924191 0.09045336 0.04423661
v -0.00689641 0.08443291 0.05716858
v -0.00662106 0.09041525 0.05687975
v -0.00124391 0.0890932 0.05655212
v 0.0094076 0.09032805 0.05421414
v 0.04019481 0.10231597 -0.00200486
v -0.08622713 0.11466841 0.0022102
v -0.08949549 0.09563243 0.01423481
v -0.06713216 0.15709447 -0.0062032
v -0.05293564 0.09091352 0.04456887
v -0.03674491 0.08888695 0.04331205
v -0.01362611 0.08978793 0.05667438
v 0.02333713 0.12353449 0.02487414
v -0.03705379 0.12715094 0.00035474
v -0.07369669 0.15613015 0.01435979
v -0.06559238 0.0910424 0.04409208
v -0.05899738 0.09203067 0.04533527
v -0.03323891 0.08857358 0.04369704
v -0.03183499 0.09072297 0.04417346
v -0.02002217 0.08803211 0.05558935
v -0.01121383 0.09236637 0.05610526
v 0.03910844 0.10829072 0.01314233
v 0.0286757 0.119596 0.02454591
v -0.06894021 0.15652777 -0.0019716
v -0.06261511 0.09112688 0.04509073
v 0.03044456 0.11886441 0.02082175
v -0.01524109 0.09182172 0.05581723
v -0.00562217 0.09323501 0.05589363
v 0.00479899 0.09165484 0.05471517
v -0.0682824 0.09237684 0.04238873
v -0.05562373 0.09218742 0.04505497
v -0.05190103 0.09545762 0.04393765
v -0.04880903 0.09108389 0.04445669
v -0.04541156 0.09100213 0.04325277
v -0.04451455 0.09486042 0.04297249
v -0.03943032 0.08959762 0.04317789
v -0.03564224 0.09261741 0.04423849
v -0.00012246 0.09320116 0.05539838
v 0.00951046 0.09548387 0.0509106
v 0.02144166 0.09135496 0.04804336
v -0.00898303 0.16926449 -0.02268348
v -0.07301905 0.15602104 0.02241934
v -0.06476043 0.15311588 -0.00203712
v -0.06936851 0.09524279 0.042129
v -0.06011714 0.09555291 0.04418382
v -0.02924169 0.09429044 0.04482119
v -0.02656143 0.09328951 0.04497542
v -0.01439403 0.09458764 0.0539935
v -0.00886916 0.09540026 0.05444598
v -0.00121887 0.09620175 0.05381591
v 0.0040479 0.09581736 0.05293677
v -0.00460194 0.12428544 0.03347196
v -0.07843646 0.13928013 0.04832936
v 0.01077461 0.13079162 0.01434174
v -0.05662373 0.09632217 0.04366791
v -0.03629887 0.09569562 0.04358031
v -0.02437993 0.09586645 0.04443453
v 0.0109155 0.12633629 0.02985702
v -0.00586227 0.09735021 0.05274365
v 0.01697345 0.09710662 0.04744092
v -0.06723198 0.09917395 0.04159388
v -0.05499421 0.09964082 0.04295523
v -0.04861799 0.0964527 0.04418306
v -0.055369 0.15442476 0.01616065
v -0.09424355 0.12207432 0.02356847
v 0.01324299 0.09673824 0.04875016
v 0.02063929 0.09660248 0.046971
v 0.00734297 0.12098188 0.03597343
v -0.01349387 0.12882438 0.00596907
v -0.02011064 0.12504545 0.02358831
v -0.06943845 0.1647993 -0.0172187
v -0.06402805 0.09783867 0.04256533
v -0.05199635 0.09970785 0.04271659
v -0.04399088 0.09942546 0.04238343
v -0.03973825 0.10215357 0.04057441
v -0.03593149 0.09980995 0.0423358
v -0.0308676 0.09691468 0.0446514
v -0.02834207 0.09778268 0.04376128
v -0.02562258 0.09871342 0.04421089
v -0.08523662 0.11077356 0.02453767
v 0.0071936 0.09885947 0.04841951
v 0.00965092 0.10108782 0.04737308
v 0.0134871 0.1007642 0.04745429
v 0.00773898 0.131475 0.01168297
v 0.00080905 0.11633319 0.04016756
v -0.07265257 0.16567918 -0.01821248
v -0.00560094 0.13076674 0.01051606
v -0.02630372 0.12518875 0.01739298
v -0.04759043 0.1008118 0.04234915
v -0.04146083 0.0985448 0.04177862
v -0.03358207 0.10383908 0.04073799
v -0.02287024 0.10284737 0.04354475
v -0.02236197 0.09820761 0.04476594
v -0.01887051 0.0989732 0.04448928
v -0.07143369 0.07757352 0.03806076
v -0.07300115 0.11826712 0.05303459
v -0.06846643 0.13498146 -0.00833598
v -0.07468381 0.107861 -0.00904771
v -0.06495896 0.15852021 -0.01259532
v -0.0789317 0.15093057 0.0351519
v -0.07411355 0.09944252 0.03833771
v -0.07045693 0.10098777 0.03979406
v -0.05905876 0.1004126 0.04272513
v -0.04918733 0.10452012 0.04030139
v -0.02915118 0.10197369 0.04263306
v -0.01159972 0.10107813 0.04419166
v 0.00514504 0.10163906 0.04542301
v -0.0514957 0.10496738 0.04034721
v -0.02021821 0.10214391 0.04370116
v 0.00425159 0.10523743 0.04256355
v 0.0168328 0.10337487 0.04528727
v -0.02566108 0.12562669 0.00455375
v -0.07214195 0.10536685 0.03752321
v -0.06498457 0.1037155 0.04064781
v -0.06065248 0.10467197 0.04090639
v -0.05530898 0.10365394 0.04151669
v -0.04424324 0.10431726 0.04133999
v -0.01551334 0.10436131 0.04291942
v -0.00763232 0.10304531 0.04371064
v -0.00780469 0.10516619 0.04382546
v 0.00971632 0.10523506 0.04360383
v 0.03030039 0.11553645 0.02868501
v -0.04749691 0.10635662 0.04016564
v -0.03897895 0.10683037 0.03824766
v -0.02586931 0.10426705 0.04220754
v -0.01805793 0.10503919 0.04280283
v -0.01518003 0.1080775 0.04235043
v -0.00389815 0.10566175 0.04404719
v 2.682e-05 0.10446731 0.04377591
v 0.01197835 0.10403629 0.04539631
v 0.01500497 0.10726898 0.04181199
v 0.02648806 0.12230287 0.02039811
v -0.03622563 0.10634244 0.03864486
v -0.02112678 0.1093229 0.04071532
v -0.01281981 0.104571 0.04346569
v 0.00528479 0.10943666 0.04167498
v 0.00894037 0.10710645 0.0412434
v -0.05183967 0.16062039 0.00714213
v -0.05420137 0.1145173 0.03484399
v 0.01322625 0.1295807 0.01968961
v -0.06938241 0.10865787 0.0375078
v -0.06769104 0.10734145 0.03801844
v -0.0637824 0.1103727 0.03757979
v -0.05074939 0.10928682 0.03829758
v -0.00939362 0.10742813 0.04345457
v 0.00117601 0.10932531 0.0426628
v 0.00980203 0.11003994 0.0399454
v 0.02013129 0.10732778 0.04032384
v -0.00278728 0.10577531 -0.02245903
v -0.05499689 0.10774199 0.03942459
v -0.04596674 0.10905146 0.03875411
v -0.04232454 0.10737278 0.03945644
v -0.03216124 0.10896504 0.03810272
v -0.03077018 0.11597313 0.0328588
v -0.01160861 0.10983707 0.04247533
v -0.02942832 0.09316662 -0.02493186
v -0.08004357 0.09208016 -0.00941982
v -0.04979743 0.11342104 0.03511792
v -0.04372385 0.16191369 0.00577134
v -0.05798174 0.10943152 0.03799764
v -0.04149118 0.11224766 0.03587345
v -0.02492983 0.11592775 0.03409473
v -0.02088169 0.11409528 0.03787299
v -0.00755197 0.11183813 0.04203969
v 0.00376672 0.11240547 0.04149471
v -0.06282962 0.1518948 -0.00923734
v -0.05919595 0.11320797 0.03623468
v -0.05107908 0.09389281 -0.02176169
v -0.07394537 0.08437488 -0.01515449
v -0.07214624 0.13486431 -0.00775922
v -0.01940887 0.17041104 -0.02099483
v -0.05553045 0.14905531 -0.00196021
v 0.01668846 0.0369766 0.0430006
v -0.05227733 0.11775075 0.03376946
v -0.06920138 0.0930392 -0.01648612
v 0.02657921 0.11702438 0.03086794
v -0.02357431 0.03703691 0.05414475
v -0.00737751 0.03898843 0.04892945
v 0.01323466 0.03845306 0.04450147
v 0.01948735 0.04080929 0.04264106
v -0.06395393 0.14694729 0.0384842
v -0.04957947 0.03609654 0.04595536
v -0.04332365 0.0362864 0.04404236
v -0.0290472 0.12556338 0.00776177
v -0.00173431 0.0394768 0.0472629
v -0.03135813 0.15362199 -0.00467389
v 0.0025822 0.10747582 -0.02060603
v -0.0568023 0.14514674 0.0317403
v -0.05646433 0.03768311 0.04681964
v -0.05096475 0.03831229 0.04628614
v -0.05098041 0.13486613 0.027585
v -0.02564741 0.03886073 0.05416139
v -0.02254211 0.04061578 0.05398603
v -0.01761801 0.03891117 0.05240344
v -0.01971175 0.16829145 -0.01302096
v 0.02378007 0.09522294 0.04634733
v 0.01474429 0.04271695 0.04451031
v 0.02169136 0.04016153 0.04084645
v -0.06406724 0.09017219 -0.01885552
v 0.02031915 0.10041961 0.04576052
v -0.036425 0.09363069 -0.02353463
v -0.01498117 0.04257142 0.05140453
v -0.05733534 0.12340101 0.04023147
v -0.05417256 0.12337919 0.03757644
v 0.02262521 0.04362168 0.04090458
v 0.02881052 0.04335229 0.03215772
v -0.04276416 0.15727487 0.00520162
v 0.00922319 0.04412509 0.04505744
v 0.01504821 0.04575584 0.04379387
v -0.06375729 0.10251144 -0.0174844
v -0.03407043 0.16148975 -0.01378696
v -0.0821915 0.0756102 0.01654262
v -0.06629942 0.12337119 0.05061592
v -0.0155101 0.04528311 0.05065304
v 0.01892802 0.04424961 0.04300983
v 0.0258218 0.04632661 0.03827723
v 0.0272687 0.04454779 0.03615252
v -0.04530134 0.15695057 0.00720369
v 0.02385576 0.10616625 0.03937808
v 0.02163267 0.04812727 0.04069443
v 0.04378536 0.0488037 0.03134342
v 0.04807479 0.04896996 0.02816549
v 0.05266309 0.04767362 0.02120127
v -0.05272245 0.04472285 0.04414325
v -0.03007161 0.17258324 -0.00635977
v -0.03450805 0.15447469 0.00165046
v 0.01062971 0.04671181 0.04647202
v 0.01674344 0.048439 0.04367863
v 0.02882705 0.09213337 0.04392009
v -0.0599371 0.12726188 0.04077127
v -0.03675209 0.15802075 0.0041862
v -0.03788539 0.16199719 0.00024686
v -0.02204779 0.18348586 -0.01209499
v -0.02436462 0.18096836 -0.0098312
v -0.04488228 0.15052959 0.00764517
v 0.02699676 0.05131778 0.03875204
v 0.04773575 0.05275104 0.03079729
v 0.05170379 0.04885738 0.02414797
v -0.06750436 0.11424088 0.04803605
v -0.01625752 0.1603125 -0.0096926
v -0.0639263 0.16792441 -0.04073042
v -0.04166529 0.14996141 0.0045405
v -0.03520323 0.16493551 -0.002681
v 0.04131877 0.09949674 0.02427575
v 0.01405522 0.05252391 0.04859388
v 0.01942122 0.0513213 0.04479891
v 0.02367799 0.05147439 0.04105327
v 0.03425813 0.05193081 0.03275788
v 0.05595734 0.05314741 0.02319772
v -0.03993796 0.1492285 0.00160172
v -0.0469888 0.12600802 0.0269855
v -0.02770837 0.09008129 -0.03191146
v 0.01920463 0.05516651 0.04772215
v 0.021886 0.05392756 0.04510246
v 0.03128627 0.05286384 0.03691362
v 0.04666116 0.05471923 0.03197681
v 0.05182373 0.0532767 0.02792701
v -0.02926488 0.16140418 -0.00210395
v -0.06870077 0.14463537 0.04304163
v -0.05607006 0.15000706 0.02986764
v 0.04471785 0.09480266 0.01202471
v -0.04180409 0.15582081 0.00645482
v -0.06836934 0.12289287 0.05243786
v -0.06411481 0.09550988 -0.01811461
v -0.01838313 0.18543664 -0.01713637
v 0.0117454 0.05667834 0.05191406
v -0.05937536 0.11998238 0.04054824
v 0.05909208 0.05795698 0.02027012
v 0.04354774 0.0973894 0.01731465
v -0.02629178 0.15963381 -0.00051845
v 0.01490478 0.05635038 0.04952278
v 0.0242862 0.05495858 0.04308685
v 0.02895261 0.05612525 0.04038897
v -0.04950777 0.129495 0.03025927
v 0.04082479 0.09517022 0.02865792
v 0.0177748 0.05824378 0.04886472
v 0.03357384 0.05851526 0.03831099
v 0.03638504 0.05699648 0.03360146
v -0.06420501 0.12243894 0.04800834
v -0.0654245 0.14011279 0.04130896
v 0.05080134 0.05730808 0.03000139
v 0.05667175 0.05697082 0.02429192
v -0.04934993 0.14913519 0.01127406
v -0.06976057 0.13442855 0.04826522
v 0.01953706 0.06000378 0.04857614
v 0.02701391 0.05995279 0.04345442
v 0.05767943 0.06139297 0.02420179
v -0.05691654 0.12623512 0.03942661
v 0.02346928 0.11656262 0.03353727
v -0.05829864 0.138855 0.03293746
v 0.00645984 0.06029743 0.05478003
v 0.01040602 0.0591624 0.05248437
v 0.02318395 0.05865436 0.04587106
v 0.03304036 0.06177384 0.03978144
v -0.06434822 0.12628088 0.0466502
v -0.05703144 0.11562007 0.03649488
v 0.05445156 0.05834289 0.02765301
v -0.0301344 0.17011322 -0.00735916
v -0.0370771 0.15986369 0.00160965
v -0.05603276 0.13731083 0.03197059
v -0.06767647 0.14150325 0.04386814
v 0.00999117 0.06273527 0.05400924
v 0.01452151 0.06138289 0.0505009
v 0.03005174 0.06216961 0.04154581
v 0.03751917 0.06106271 0.03436602
v 0.05394401 0.06139155 0.02826853
v 0.0591199 0.06312881 0.02156183
v -0.02436639 0.17693266 -0.01171963
v -0.01325342 0.16627152 -0.01412037
v 0.03921874 0.1066925 0.02045019
v -0.01796898 0.18078031 -0.01810343
v 0.02190239 0.06087597 0.04728236
v 0.03534175 0.06163003 0.03760602
v -0.06214562 0.13599775 0.03670097
v 0.05682062 0.06369115 0.02528609
v -0.03280004 0.15948699 0.00219628
v 0.01121214 0.06658412 0.05398218
v 0.01291959 0.06420358 0.05244115
v 0.02012695 0.06385133 0.04791966
v 0.03597176 0.06666961 0.0377814
v 0.03990694 0.06436126 0.03168666
v -0.06670235 0.132106 0.04548094
v -0.04160143 0.15978 0.00353747
v 0.03304458 0.10766252 0.03191615
v 0.0246721 0.0636945 0.04520464
v 0.02610866 0.06800764 0.04390269
v 0.03336394 0.06705476 0.03972948
v 0.04291579 0.0667077 0.02699472
v 0.05471496 0.06469716 0.02697968
v -0.01653094 0.16325 -0.00924752
v -0.0178916 0.161138 -0.00670727
v 0.04111812 0.09749126 -0.00397567
v 0.02338677 0.07007599 0.04701262
v 0.0381029 0.06567844 0.03513252
v 0.01014524 0.12221678 0.03471895
v 0.05839241 0.06674124 0.02197946
v 0.03830205 0.08454914 -0.01447883
v 0.03412644 0.09705398 0.03759039
v -0.03135574 0.15809888 0.00191288
v -0.05825951 0.14099493 0.03244064
v -0.06681723 0.11951525 0.05149022
v -0.06809004 0.1164705 0.05115123
v 0.0165683 0.06626989 0.05100989
v 0.02936287 0.06650978 0.04228938
v 0.03702718 0.09394963 -0.01167404
v 0.05641273 0.06765993 0.02396932
v -0.06129574 0.14519988 0.03713783
v 0.0083873 0.11336223 0.03979261
v 0.01180703 0.07092098 0.05424049
v 0.02974173 0.0706471 0.04165389
v 0.03629441 0.0712207 0.03711461
v 0.03989968 0.07029482 0.03272002
v -0.06276313 0.13778012 0.03667859
v -0.01581544 0.17504938 -0.01865416
v -0.09226899 0.11475156 0.01701738
v -0.00094964 0.10141111 0.04429007
v -0.06371292 0.1127425 0.03800676
v -0.06109602 0.1170165 0.03965402
v 0.02099187 0.06933545 0.04900354
v 0.02565853 0.07055046 0.04453993
v 0.03297856 0.07350069 0.04048651
v 0.04215613 0.06971758 0.02831823
v -0.05551686 0.1295607 0.03659845
v -0.04080229 0.16436059 0.00374488
v -0.00625465 0.1012165 0.04432203
v -0.01098682 0.16621199 -0.01604755
v -0.03035142 0.16448158 -0.00532914
v 0.02611092 0.1008899 0.04173326
v -0.06559994 0.11329504 0.04231871
v 0.02881466 0.09671268 0.0422577
v 0.01526328 0.07157194 0.05271739
v 0.0289824 0.07408848 0.04344724
v 0.04487254 0.07551671 0.02315525
v -0.07822523 0.14962481 -0.00250194
v -0.04609494 0.1529685 0.00900297
v -0.05236903 0.14682913 0.01893465
v -0.0215921 0.1576344 -0.00686236
v 0.01717677 0.07306623 0.0518266
v 0.0226875 0.07514918 0.0493125
v 0.03547204 0.07307667 0.03848227
v -0.08948084 0.13839976 0.02506145
v -0.05321673 0.13221978 0.03297838
v -0.03777678 0.15551947 0.00437008
v -0.09054938 0.13511875 0.02168055
v -0.06336658 0.13037076 0.04166994
v 0.01407427 0.07665172 0.05422135
v 0.01810979 0.07580659 0.05248826
v 0.04220994 0.07886148 0.0291872
v -0.05211593 0.14179906 0.02051031
v 0.02906309 0.11149602 0.03380579
v -0.05473146 0.14267229 0.02898048
v 0.02590364 0.07553604 0.04641665
v 0.03129876 0.07590744 0.04269906
v 0.03844617 0.07564943 0.03505064
v 0.04635167 0.07407952 0.01835432
v -0.04765656 0.13077525 0.02552357
v -0.01144743 0.17131059 -0.01960298
v -0.03664724 0.16640131 -0.00028167
v -0.04665353 0.15917824 0.0078019
v -0.04556989 0.14663612 0.00565142
v 0.04143888 0.0923651 -0.0074587
v -0.06428742 0.13463625 0.03994564
v -0.06112889 0.13178328 0.03891591
v -0.04784354 0.12215063 0.02883316
v -0.04953683 0.12491344 0.03177844
v -0.07113538 0.13817656 0.04785396
v 0.01011387 0.07646811 0.05525679
v 0.01789745 0.07951655 0.05275953
v 0.02174085 0.08025065 0.05042539
v 0.02527159 0.07872492 0.04802657
v 0.03088504 0.07899948 0.04338877
v -0.06244193 0.14084781 0.03696584
v -0.06216506 0.1566685 -0.01783776
v 0.02065726 0.1041683 0.04300468
v -0.0636028 0.11571453 0.04257229
v 0.01442402 0.0800855 0.0537556
v 0.02877934 0.08255325 0.04452735
v 0.04445013 0.0818469 0.02455292
v 0.04554199 0.08333838 0.01970085
v -0.04966581 0.12063801 0.03216327
v -0.02917729 0.17619959 -0.00562411
v -0.05820313 0.13270975 0.03691868
v 0.03899705 0.09708822 -0.00777993
v -0.0547258 0.12071262 0.03745145
v 0.01318912 0.08421118 0.05306583
v -0.0199263 0.16489742 -0.00999002
v 0.02015313 0.11849719 0.03427125
v -0.05585994 0.11774313 0.03725348
v 0.01804526 0.08362316 0.05128584
v -0.06375713 0.15912175 -0.05015573
v -0.01852762 0.17653197 -0.01704354
v 0.0287344 0.10360053 0.03803524
v 0.04141401 0.10284216 0.01657892
v 0.02441173 0.09801688 0.0446874
v 0.02092518 0.08631143 0.04943312
v 0.03044501 0.08495956 0.04301109
v 0.03303009 0.08378164 0.04163693
v 0.03697509 0.07987648 0.03719839
v -0.07772146 0.11355888 0.04815599
v 0.02925 0.10651935 0.03659033
v -0.05307818 0.13754688 0.02826647
v -0.06299059 0.11999459 0.04523553
v -0.06539832 0.11751956 0.04873557
v 0.03337391 0.1122789 0.02778813
v 0.03841359 0.08748993 0.03518585
v -0.06194593 0.16479234 -0.05664767
v -0.02287648 0.17392813 -0.01343114
v 0.04376623 0.08839002 -0.00357088
v 0.03929153 0.10125969 0.02755052
v 0.01093623 0.08602729 0.05473267
v 0.02410872 0.0844926 0.04829231
v 0.03675839 0.09919547 0.03283767
v -0.05194164 0.12565987 0.03458786
v -0.03158211 0.1664185 -0.005732
v 0.00764059 0.08642723 0.05611785
v 0.01677102 0.08864469 0.05052296
v 0.03440461 0.08693285 0.04057427
v 0.03614382 0.0844392 0.03793693
v 0.04125883 0.10361081 0.00267606
v 0.02476614 0.11081111 0.03672836
v -0.02260159 0.16250449 -0.0060717
v -0.01289367 0.17879041 -0.02262475
v -0.02493915 0.17031135 -0.0113297
v -0.04846863 0.14559606 0.00836615
v 0.01253449 0.08959393 0.05339463
v 0.02587286 0.08848229 0.04665526
v 0.03275647 0.08896913 0.04221545
v -0.02334362 0.1610345 -0.00318624
v -0.09259497 0.11943826 0.02680295
v -0.07431484 0.13761738 -0.00666988
v -0.09249923 0.121315 0.0292562
v -0.07737826 0.15764266 -0.01413365
v -0.09290734 0.12307021 0.03652323
v 0.02842334 0.08801108 0.0442342
v 0.03525168 0.09083682 0.03918392
v 0.01576056 0.09320356 0.04993931
v 0.03878553 0.0949543 0.03252022
v -0.06151122 0.12373565 0.04306268
v -0.06814512 0.12748676 0.05014897
v -0.02061671 0.18237588 -0.0142991
v 0.01513719 0.11571495 0.03703198
v -0.05071827 0.152763 0.01181668
v 0.03016869 0.10048686 0.03940471
v -0.0874265 0.09546953 0.00403124
v -0.06001039 0.14284463 0.03544969
v -0.05860331 0.14637237 0.0338088
v 0.03241165 0.09373615 0.04089024
v -0.07591778 0.1499769 -0.01684205
v 0.01859657 0.03529394 -0.00867822
v 0.0172098 0.0352594 -0.01468516
v 0.04432654 0.09081812 0.02209752
v 0.03833591 0.03883083 0.00309381
v 0.02219292 0.03677532 -0.00209193
v 0.01963602 0.03823401 -0.01250767
v 0.02368212 0.03976254 0.03714876
v 0.04669328 0.04246532 0.00656495
v 0.02162111 0.03765724 -0.00470216
v 0.01663861 0.03819609 -0.01988493
v -0.09025398 0.11366307 0.03772021
v -0.09059387 0.11373094 0.01027677
v -0.06254169 0.17679461 -0.05782182
v -0.01109194 0.17992082 -0.02599643
v -0.06226313 0.15219935 -0.02257888
v -0.04227676 0.09498257 -0.02256242
v 0.04329341 0.04186414 0.00206344
v 0.04377959 0.04453072 -0.00126225
v 0.02169699 0.04042727 -0.00946295
v -0.0111837 0.1645 -0.01615169
v -0.06237257 0.15313041 -0.02899712
v -0.00924893 0.1772585 -0.0282702
v 0.0414774 0.08550941 -0.0091575
v -0.08126871 0.10879438 0.02944066
v 0.04957568 0.0438159 0.01458296
v 0.05298796 0.04774769 0.005042
v 0.02197754 0.04285533 -0.01453623
v 0.0185057 0.0382941 -0.0171365
v -0.0351005 0.15203437 -0.00013279
v 0.04874913 0.045265 0.00230235
v 0.0319129 0.09987006 -0.01462098
v -0.01422252 0.16167426 -0.01334906
v -0.04866364 0.13638523 0.00680639
v -0.00958372 0.17426102 -0.02839076
v 0.05280185 0.04653994 0.01042772
v 0.0514338 0.0484852 0.0010401
v 0.02391124 0.09802167 -0.02080729
v 0.02456706 0.04413011 -0.01082084
v 0.02035681 0.0436624 -0.02045628
v -0.02188242 0.11087418 -0.01969532
v -0.0538318 0.14981693 0.02506661
v 0.05411421 0.04777309 0.017484
v 0.05673057 0.05051574 0.01062708
v 0.04594182 0.04813882 -0.00387157
v -0.08381776 0.11109094 0.02852449
v 0.02920777 0.04745025 -0.00850818
v 0.02845492 0.04806739 -0.01284724
v 0.02663726 0.0476071 -0.01642774
v 0.02204011 0.0449925 -0.0175285
v 0.01912008 0.04716775 -0.02211468
v -0.0157822 0.10072957 -0.02372413
v -0.06251417 0.17213119 -0.0527881
v -0.0623456 0.14745498 -0.00766002
v 0.04559818 0.08815172 0.01312407
v -0.04942261 0.14283525 0.00897283
v -0.08276186 0.11162341 0.04422146
v -0.05216622 0.15013661 0.01744875
v -0.06361674 0.14801371 -0.02017026
v -0.05149269 0.13796388 0.02366218
v -0.06151758 0.17517449 -0.0606317
v 0.05652487 0.05012566 0.01556449
v 0.0552579 0.05141626 0.00320626
v 0.05031813 0.05278637 -0.00341663
v -0.06268195 0.16744086 -0.04571389
v 0.05652015 0.0511799 0.01994056
v 0.05690798 0.05157813 0.00725383
v 0.05285416 0.05189867 -0.0006207
v -0.03892114 0.03376739 -0.02904256
v 0.0297407 0.05032469 -0.01399086
v -0.06879619 0.03511772 -0.00520674
v 0.05882602 0.05550378 0.01864792
v -0.02616057 0.12309988 -0.00447355
v -0.05334196 0.144012 0.02426139
v 0.05817739 0.05282132 0.01518242
v 0.05979814 0.05684018 0.01334273
v 0.05454987 0.05604463 -0.00066158
v 0.02677546 0.05142345 -0.02023406
v -0.00869604 0.17291588 -0.02670877
v -0.07703956 0.07196702 0.02640507
v -0.06306989 0.15897471 -0.04295185
v 0.03570669 0.05608304 -0.00899933
v 0.03260038 0.05370752 -0.01100615
v 0.02973996 0.05253843 -0.01622495
v 0.05923853 0.05636278 0.00945308
v 0.05742175 0.05601221 0.00402456
v 0.02906299 0.05521058 -0.01804206
v -0.01722441 0.09521409 -0.0320853
v -0.08591138 0.10968787 0.00765824
v 0.06059493 0.06167721 0.01559156
v 0.05953164 0.0605046 0.0058397
v 0.05730647 0.05994462 0.00188864
v 0.03882938 0.05983983 -0.00642525
v 0.03066277 0.05730039 -0.01651837
v -0.02776207 0.12068537 -0.00901529
v -0.08819459 0.10314633 0.01750902
v 0.0607788 0.06164656 0.01046399
v 0.03591508 0.05991638 -0.01196651
v 0.02425186 0.05645747 -0.0242548
v -0.06195439 0.1686532 -0.05262116
v -0.09055793 0.11275994 0.01614103
v -0.08846922 0.11124294 0.01267916
v 0.05955801 0.06309926 0.0059471
v 0.03094044 0.06051808 -0.01813272
v -0.09357575 0.12474629 0.0262133
v -0.09318982 0.12019919 0.03791372
v -0.00922961 0.17314463 -0.02419766
v -0.08173946 0.07686134 0.02331361
v -0.03699275 0.15063932 -0.00203723
v 0.06009357 0.06569345 0.01853332
v 0.05983724 0.06642318 0.00851394
v 0.04070618 0.06447531 -0.00559203
v 0.03474594 0.06326134 -0.01464674
v -0.06187966 0.1600045 -0.02580625
v -0.07653781 0.15344875 -0.01289875
v 0.03811107 0.06481181 -0.011142
v 0.03190934 0.06465705 -0.01847341
v -0.08315935 0.14674277 0.00307579
v -0.0870559 0.10562761 0.00976511
v -0.07144833 0.18105301 -0.05547855
v -0.08563211 0.12461094 -0.00273358
v 0.06072897 0.0658066 0.01397483
v 0.03990965 0.06817174 -0.00956982
v 0.03498179 0.06774079 -0.01568321
v -0.09182203 0.12747346 0.03645865
v -0.06242542 0.16366637 -0.04966729
v -0.07116895 0.14740156 -0.02759094
v -0.05036476 0.13715763 0.00195261
v -0.05049265 0.14159899 0.01629174
v 0.05988667 0.06851305 0.01617161
v -0.06140699 0.17268822 -0.05826575
v 0.02499074 0.06589732 -0.02356827
v -0.07485275 0.14993112 -0.02775294
v -0.06222569 0.0602652 0.02044929
v -0.06200194 0.03643502 0.04391894
v 0.05837457 0.07118641 0.01307274
v -0.03612504 0.12286688 -0.00829279
v 0.02921651 0.06785025 -0.02041857
v -0.0416817 0.12575112 -0.00701933
v -0.07422655 0.16437012 -0.03824034
v -0.00978457 0.16928488 -0.02475666
v -0.08957795 0.1207831 0.00352291
v -0.06231193 0.16371109 -0.04062399
v 0.04351477 0.09151989 -0.00264681
v -0.04843435 0.13754973 0.01324498
v -0.08931316 0.13653006 0.03045875
v -0.07423019 0.15652681 -0.02516709
v 0.0373786 0.07309341 -0.01263537
v 0.02632181 0.07024065 -0.02387868
v -0.04802362 0.14426649 0.00424986
v -0.09201958 0.11611534 0.03584273
v -0.07130551 0.07389902 0.03596978
v -0.06205929 0.15697807 -0.03378458
v -0.00970153 0.16738863 -0.01936025
v 0.04334214 0.07167612 -0.00223046
v 0.04177246 0.06956802 -0.0061596
v 0.03350541 0.07280986 -0.0170348
v 0.029665 0.07150683 -0.02128234
v -0.02946016 0.15550263 -0.00119147
v -0.08639644 0.10479356 0.00598206
v -0.0549107 0.14662313 0.02843897
v 0.04420381 0.08520426 -0.00211705
v 0.04326435 0.07581054 -0.00388439
v 0.01309699 0.09112648 -0.02926977
v -0.06706921 0.09114461 -0.01742595
v -0.09082168 0.12276896 0.00609985
v 0.04562 0.07468443 0.00260739
v -0.0930398 0.12026416 0.01121682
v 0.04463559 0.09279429 0.01783207
v -0.01124339 0.16457514 -0.01824078
v 0.04551119 0.08695305 0.00388655
v 0.04625272 0.07737387 0.00691408
v 0.04028164 0.07263713 -0.0092881
v 0.0432182 0.09948674 0.00501533
v -0.05110827 0.14520219 0.01427948
v 0.04469298 0.09268855 0.00224667
v 0.04342254 0.09186037 0.02453845
v 0.04075136 0.10554729 0.00750741
v -0.08561303 0.09627711 -0.00066514
v 0.04072147 0.07847553 -0.008213
v 0.03553808 0.07606296 -0.01443475
v -0.09273651 0.12073095 0.03269273
v -0.06227852 0.15166598 -0.01467273
v 0.04496022 0.08094263 0.00061119
v 0.03781474 0.07969815 -0.01328963
v 0.03386449 0.07865669 -0.01763249
v -0.09104428 0.14199862 0.02172963
v -0.07400445 0.17818523 -0.05391632
v -0.06176865 0.16067957 -0.03404635
v -0.04974745 0.14112519 0.00529375
v 0.04106544 0.0904607 0.02988862
v -0.07291636 0.0650574 0.01879462
v -0.09094969 0.13895375 0.01737113
v 0.04287905 0.10093777 0.00947532
v -0.07245548 0.17610676 -0.05353542
v -0.07586294 0.15071299 -0.0090209
v -0.08526982 0.10267793 0.00139356
v -0.07702557 0.11396763 -0.00461681
v 0.04628088 0.07870202 0.01478633
v 0.04210691 0.08153316 -0.00666909
v 0.03652388 0.08199175 -0.01622959
v -0.03742022 0.0454285 -0.02422679
v -0.08514891 0.1396552 0.00248085
v -0.0633133 0.16503258 -0.03289512
v -0.06159141 0.15681572 -0.02594563
v 0.04591854 0.08703622 0.00842363
v 0.04463114 0.08417838 0.00082665
v -0.04484287 0.14629393 0.00171148
v -0.06412418 0.17953625 -0.05873042
v -0.0670703 0.18072682 -0.05661862
v -0.06479376 0.17885275 -0.05588325
v -0.06437103 0.17296209 -0.04922566
v -0.07038153 0.1807118 -0.05317259
v -0.07526927 0.15232949 0.03437406
v -0.01627309 0.12844514 0.01668361
v -0.06211615 0.15600787 0.01803442
v -0.05601079 0.15381662 0.02536928
v -0.03727792 0.17289068 -0.00086627
v -0.0741587 0.17987275 -0.05079475
v -0.07903996 0.15537445 0.01514181
v -0.07250553 0.15459529 0.02958883
v -0.06773818 0.17728865 -0.05037596
v -0.00753469 0.10021302 0.0474887
v -0.05957562 0.15472401 0.02637325
v -0.07738271 0.153466 0.03089499
v -0.08149667 0.15473104 0.01969734
v -0.07222332 0.15896734 -0.00542423
v -0.0137085 0.1849115 -0.02554955
v -0.04346534 0.12451145 0.02251889
v -0.06910365 0.15559479 0.00163708
v -0.07374808 0.15539253 0.00234917
v -0.06819241 0.17439828 -0.04536587
v -0.06005285 0.1528035 0.03288763
v -0.02345949 0.12615386 0.01661377
v -0.07277722 0.17854465 -0.0482088
v -0.07659558 0.17753227 -0.04711808
v 0.01390641 0.12790838 0.02511024
v -0.08636751 0.10906537 0.01198064
v -0.03135885 0.12140977 0.02597109
v -0.04910459 0.13666879 0.01931403
v -0.04293064 0.12928436 0.00927007
v -0.06532035 0.15390322 0.00091386
v -0.03760649 0.12422605 0.02431353
v 0.00950784 0.13041865 0.02071502
v -0.00179768 0.13117283 0.01636066
v 0.00362317 0.13076791 0.0211686
v -0.0926747 0.11701945 0.01188952
v -0.06573972 0.15565338 0.0260176
v -0.08656194 0.14249188 0.00843268
v -0.07073153 0.15569959 0.00690582
v -0.00808407 0.13030537 0.01687228
v -0.04428625 0.12606625 0.02079522
v -0.07022226 0.15143521 0.03671891
v -0.01521069 0.18463639 -0.02205724
v -0.01727075 0.18699602 -0.01997757
v -0.08356095 0.15255943 0.00768067
v -0.08813028 0.09754051 0.0056788
v -0.08839924 0.13899 0.01064066
v -0.06778055 0.15614453 0.01427632
v -0.00658646 0.12641717 0.03022639
v -0.08874618 0.13625578 0.00714778
v -0.07720673 0.1563995 -0.01897254
v -0.09317648 0.11821016 0.02336236
v -0.02350685 0.12672006 0.0109969
v -0.06654665 0.17171115 -0.04212777
v -0.069136 0.17247836 -0.03901333
v 0.05718027 0.07110769 0.00803076
v -0.07539087 0.17952824 -0.05240205
v -0.03182884 0.12639115 0.01001341
v -0.00898888 0.12952269 0.02202681
v 0.03432588 0.11193312 -0.00224065
v -0.08141495 0.09710025 -0.00687458
v -0.02329883 0.18324307 -0.017923
v -0.06164166 0.15582039 0.01109982
v -0.08882645 0.09048332 0.0212047
v 0.05837313 0.06806759 0.00572476
v -0.04304563 0.12785122 0.01684226
v 0.03083572 0.11554234 -0.00317855
v -0.08863127 0.0948812 0.00793376
v -0.09171514 0.11709957 0.0308094
v -0.07208378 0.17499844 -0.04193032
v -0.06954063 0.15308527 0.03386572
v 0.06007869 0.06812926 0.0114545
v -0.04008106 0.12628381 0.01960725
v 0.03281993 0.11655625 0.00444586
v -0.07282322 0.14510601 -0.01565468
v -0.08527021 0.1055177 0.02329094
v -0.07605132 0.11103825 -0.00627221
v -0.08653773 0.15154801 0.02587537
v 0.05588848 0.07257925 0.01066965
v -0.05464236 0.15522963 0.0126124
v 0.03672996 0.11116756 0.00386706
v 0.03150187 0.11725172 0.00168551
v -0.07875155 0.09524029 -0.01060067
v -0.08940816 0.14352815 0.03092475
v -0.02089113 0.18595338 -0.01503736
v -0.07086356 0.16136525 -0.00973246
v -0.07091976 0.17136688 -0.03276375
v -0.03077129 0.12564075 0.01659477
v -0.05445418 0.15297699 0.02250519
v -0.00155395 0.12754717 0.02923287
v 0.02913055 0.12027445 0.00611175
v 0.02572594 0.12122705 -3.615e-05
v -0.08931897 0.09954698 0.01341811
v -0.0754295 0.17095605 -0.03287989
v -0.02859602 0.11901156 0.02988817
v 0.02106978 0.12497756 0.00109981
v -0.09224076 0.11816838 0.04120173
v 0.00240946 0.10016785 0.04693807
v -0.05662762 0.15270606 0.02962903
v -0.0572648 0.1550625 0.01932243
v -0.03645207 0.12199869 0.02767065
v -0.07410816 0.17355729 -0.03798684
v 0.05153713 0.07349669 0.0126987
v -0.06609604 0.15532529 0.00715618
v 0.036102 0.11266103 0.01049178
v 0.01671521 0.12689851 0.00022331
v -0.08076792 0.143014 -0.00153128
v -0.0917576 0.14334588 0.01779071
v -0.08682494 0.15280775 0.01552145
v -0.0658081 0.16764344 -0.03055867
v -0.07821734 0.16873975 -0.03356425
v -0.07256706 0.1475323 0.04171409
v 0.05843996 0.07020081 0.01777962
v 0.05684756 0.07201716 0.01713938
v 0.05491939 0.07316161 0.01522359
v 0.0474469 0.07369141 0.01243002
v 0.01231936 0.12903768 0.00133362
v -0.07979064 0.10351662 -0.00662754
v -0.07665521 0.15509766 0.00796863
v 0.02174732 0.12118456 0.03087881
v -0.07526049 0.14938613 0.03917598
v -0.02591961 0.18272826 -0.01354109
v -0.06798379 0.16974781 -0.03162749
v 0.01683111 0.12487146 0.02842558
v 0.05401649 0.07288385 0.01867801
v 0.05052275 0.07339791 0.01616689
v -0.05958244 0.15623338 0.00792099
v 0.0253435 0.1237475 0.00998188
v 0.01926275 0.1268939 0.00555521
v -0.09075852 0.14223375 0.02600813
v -0.04654849 0.13320769 0.01688963
v -0.02410695 0.18380887 -0.01154476
v 0.00867844 0.12894574 0.02615688
v 0.00249192 0.12983563 0.02484711
v 0.05734515 0.06948272 0.02115351
v -0.08532984 0.15339912 0.02037829
v 0.03287732 0.11691463 0.00929575
v 0.02424663 0.12377758 0.00487645
v -0.04776565 0.13301969 0.02287402
v -0.06354183 0.16332115 -0.02591299
v -0.0666052 0.16477375 -0.02067076
v -0.06850422 0.16732018 -0.02395957
v -0.07275916 0.16965906 -0.02701342
v 0.04820685 0.07269858 0.01699463
v -0.02738318 0.12324257 0.02165886
v -0.0450775 0.13124443 0.01114577
v 0.02925315 0.12057701 0.01229933
v 0.01367761 0.12967262 0.00693274
v 0.00842109 0.13090986 0.00627544
v 0.00096836 0.13064303 0.00258659
v 0.0030802 0.09830736 0.05053564
v -0.05242017 0.15310101 0.01292737
v -0.07035972 0.16906988 -0.02614426
v 0.05435939 0.07146726 0.02138125
v 0.04516144 0.07103038 0.02253069
v 0.01932044 0.12738348 0.01129631
v -0.09328121 0.12691094 0.01350501
v -0.08740506 0.1059399 0.01364592
v -0.02285164 0.09063504 0.05228046
v -0.06209937 0.15406697 0.03083736
v -0.04585156 0.12072981 0.02766504
v 0.05078167 0.07215517 0.02068018
v -0.08960727 0.13971105 0.02930856
v -0.05332305 0.1527352 0.01621386
v -0.01522708 0.12784878 0.0215452
v 0.03366354 0.11574212 0.01718129
v 0.02400026 0.12468761 0.01551793
v -0.08416684 0.09775682 -0.00327619
v -0.03622359 0.12777519 0.00985015
v -0.03918958 0.12828193 0.00503463
v -0.03367405 0.17774449 -0.00817995
v -0.07448862 0.15649443 -0.00259546
v -0.04675562 0.13284294 0.00812128
v -0.08497041 0.15322309 0.01265446
v -0.01086621 0.12691699 0.02757544
v -0.0031074 0.13072898 0.00564285
v -0.08876054 0.09703744 0.02107904
v -0.06481132 0.03453064 0.01550844
v -0.06430026 0.03508645 0.02427205
v -0.06672702 0.03589577 0.03384943
v 0.01983851 0.09651889 -0.02278588
v -0.03867051 0.16070199 -0.01235776
v -0.07689009 0.13041906 -0.00695701
v -0.07253973 0.03539927 0.00702988
v -0.06920905 0.03545481 0.01204214
v -0.06416081 0.03590077 0.01768757
v -0.06680415 0.03737774 0.03329629
v -0.06292835 0.03906166 0.04270768
v -0.07175223 0.03678935 0.00869667
v -0.06517138 0.0372895 0.02595377
v -0.06639203 0.03771235 0.02962195
v -0.06455872 0.0396399 0.03941153
v -0.06014579 0.04120205 0.04429383
v -0.06031843 0.03844299 0.04524595
v -0.03675631 0.08866336 -0.0238688
v -0.03949475 0.03755157 0.0428709
v -0.07201603 0.0375727 0.00397894
v -0.07169363 0.039461 0.0060145
v -0.07116595 0.03936631 0.00811421
v -0.0690003 0.03846771 0.0107689
v -0.06725342 0.03814216 0.01353396
v -0.06112567 0.03779005 0.0197109
v -0.03917968 0.04240674 0.04147607
v -0.03514596 0.03858592 0.04773269
v -0.02895094 0.03928594 0.05330909
v -0.0182239 0.09749457 0.04684794
v -0.06691626 0.12278907 -0.00890774
v -0.06375464 0.03825012 0.0165935
v -0.06441576 0.04128384 0.02824348
v -0.08585634 0.09702539 0.02741496
v -0.03750113 0.0402219 0.04429655
v -0.03433397 0.04092363 0.04842581
v -0.03117289 0.04029433 0.05131246
v -0.06999732 0.04207308 0.00668978
v -0.08037933 0.09780066 0.03364575
v -0.02627316 0.07763116 0.04835618
v -0.03750145 0.04273669 0.0429884
v -0.0261775 0.04249893 0.05331522
v -0.06963725 0.04188127 0.00318258
v -0.06715651 0.04197286 0.01024094
v -0.08740551 0.10205209 0.02202036
v -0.02394438 0.07880014 0.05353473
v -0.06090236 0.0434295 0.04267853
v -0.03121788 0.04384751 0.04978092
v -0.07572944 0.10354026 0.03607097
v -0.06242532 0.04188572 0.01464677
v -0.06105166 0.04439223 0.01242194
v 0.02585506 0.08961066 -0.02270184
v -0.07764496 0.08221494 0.03579766
v -0.06038127 0.04592142 0.04008874
v -0.02498201 0.08177765 0.05342106
v -0.03445385 0.04456396 0.04542299
v -0.02984291 0.04678228 0.04774692
v -0.01511958 0.09993002 0.04450027
v -0.06730647 0.04417683 0.00759583
v -0.05785299 0.0464445 0.01106261
v -0.05181526 0.16392582 0.00174888
v -0.05517413 0.04838388 0.03851778
v -0.07884915 0.11867375 0.05062287
v -0.02722907 0.08799148 0.04790973
v -0.07553688 0.15977062 -0.01043865
v -0.03615128 0.04650514 0.0407409
v -0.02543922 0.09067787 0.04885233
v -0.08005037 0.11670406 0.04876246
v -0.05251364 0.04757788 0.01485844
v -0.03204356 0.05046183 0.03934152
v -0.03148777 0.04693021 0.04525321
v -0.0203215 0.09399957 0.05158854
v -0.07214504 0.09155645 0.04149478
v -0.0536442 0.04935817 0.01220185
v -0.08240389 0.12186563 0.04936503
v -0.04975442 0.0497383 0.03703711
v -0.03233206 0.04867284 0.04252396
v -0.02312295 0.0945159 0.04735887
v -0.08634714 0.09172209 0.02681108
v -0.05771311 0.04871782 0.00727651
v -0.08697036 0.08891209 0.02487986
v -0.09223775 0.12488519 0.04078653
v -0.0158628 0.09702162 0.05013936
v -0.02772004 0.05050209 0.04334072
v -0.08591877 0.14263412 0.03984981
v -0.07509736 0.09007356 0.039581
v -0.08943084 0.14730552 0.02769496
v -0.05328835 0.05192576 0.01173035
v -0.05016872 0.05346226 0.01625544
v -0.08598605 0.14670902 0.03482703
v -0.06993725 0.08607686 0.04217569
v -0.05039932 0.05183133 0.0340374
v -0.08329898 0.14960772 0.03374089
v -0.02917482 0.05226453 0.03763732
v -0.08876373 0.11944938 0.04656009
v -0.07769346 0.17367969 -0.04147867
v -0.08341814 0.09412744 0.03089845
v -0.05606751 0.05347063 0.00737182
v -0.07893563 0.14817228 0.03946307
v -0.06790277 0.08781723 0.04352699
v -0.04411124 0.09288399 -0.02237321
v -0.0866051 0.13226807 0.04678302
v -0.09265428 0.12084025 0.04162965
v -0.05088731 0.0527279 0.01445579
v -0.04976341 0.0562412 0.03362425
v -0.08977133 0.12904861 0.04302299
v -0.02805424 0.05455103 0.03678685
v -0.02586708 0.05668921 0.03918224
v -0.0837022 0.12226381 -0.00373014
v -0.08145547 0.13012213 0.05211766
v -0.05145855 0.05587815 0.01590035
v -0.0785977 0.17441574 -0.04660758
v -0.05290982 0.05704307 0.02098841
v -0.0529785 0.05955377 0.02621192
v -0.05213064 0.05630297 0.02667246
v -0.0477145 0.06194452 0.03670582
v -0.08353979 0.08116956 0.02701407
v -0.01834 0.05748997 0.04976302
v -0.08006981 0.09058613 0.03459307
v -0.08381225 0.0863377 0.02922327
v -0.05543665 0.05942025 0.02301897
v -0.08222768 0.14513771 0.04060008
v -0.02418758 0.07226915 0.04768109
v -0.02535315 0.0625672 0.04064217
v -0.09113211 0.122821 0.04411516
v -0.04607629 0.16819719 0.00073744
v -0.08782928 0.14351461 0.03570767
v -0.08699064 0.13812326 0.04231655
v -0.0157159 0.06082297 0.05236544
v -0.08380358 0.125611 0.05044049
v -0.06278668 0.1127419 -0.01360544
v -0.08103384 0.08469818 0.0331064
v -0.08856354 0.11624535 0.04539284
v -0.02026838 0.06226681 0.04821212
v -0.01261963 0.06163503 0.05442408
v -0.07049119 0.08181816 0.04060989
v -0.08388252 0.13331465 0.04911354
v -0.05656035 0.04835554 0.03660705
v 0.00994449 0.10919723 -0.01947281
v -0.05592825 0.03591731 0.0463761
v -0.07600326 0.16361344 -0.01802111
v -0.08379885 0.10290691 0.02803833
v -0.08825211 0.1269273 0.0461413
v -0.07912672 0.10619883 0.0320507
v -0.08820623 0.0944857 0.02374401
v -0.08911033 0.13851394 0.03765878
v -0.01932136 0.09212389 0.05382065
v -0.05826563 0.09092639 -0.02094869
v -0.02704631 0.06701445 0.03967214
v -0.0214163 0.17977662 -0.02173252
v -0.007824 0.10924112 -0.02218567
v -0.02398834 0.08599559 0.05371643
v -0.06048358 0.15567975 0.00433438
v -0.08638915 0.12168475 0.04841244
v -0.07408436 0.14987744 -0.03261005
v -0.0205806 0.0795725 0.05601388
v -0.0838375 0.13927865 0.04489385
v -0.02293396 0.03563291 0.05286549
v -0.08615362 0.12735612 0.04856396
v -0.06572859 0.10709818 -0.01431767
v -0.02148109 0.07419446 0.05285768
v -0.0764239 0.15736285 -0.00903546
v -0.07721601 0.08559488 0.03742077
v -0.08415083 0.12955013 0.0504837
v -0.08122144 0.08100325 0.03125584
v -0.081704 0.10167226 0.03093966
v -0.08625273 0.10106846 0.02541377
v -0.08094497 0.13903572 0.04735908
v -0.07890835 0.0948309 0.0354355
v -0.07344016 0.0954126 0.04021065
v -0.05267578 0.08822074 -0.0218863
v -0.07644067 0.07751106 0.0337483
v -0.02179114 0.10658035 -0.022327
v -0.08836094 0.14996706 0.02604417
v -0.02407887 0.0679067 0.04517837
v -0.02001809 0.0675693 0.05156534
v -0.08357775 0.12052625 0.0491775
v -0.01465595 0.17456543 -0.02597269
v -0.02739594 0.0841083 0.04874568
v -0.04193358 0.0884634 -0.02212635
v -0.0316939 0.10261265 -0.02235231
v -0.0278902 0.10440703 -0.02283092
v -0.0737904 0.12016662 -0.00788512
v -0.04612416 0.10506369 -0.02045758
v -0.02741265 0.07326945 0.04264138
v -0.04553288 0.03473648 -0.0213632
v -0.04499303 0.03901701 -0.02109783
v -0.04646261 0.03680027 -0.01777871
v -0.08836646 0.11361863 0.00582278
v 0.05174624 0.07289725 0.00906474
v -0.07038525 0.0374503 -0.0009319
v -0.06092317 0.03862182 0.02246885
v -0.07769672 0.17027889 -0.04311791
v -0.04379321 0.16955506 -0.00730264
v -0.07758718 0.17717875 -0.05022109
v -0.04054188 0.03888601 -0.02736495
v -0.04421585 0.03613146 -0.02425221
v -0.06663488 0.04043031 -0.00501807
v -0.06924212 0.04147405 0.00019289
v -0.07564069 0.159304 -0.02690846
v -0.06308703 0.03961417 0.02518156
v -0.07230302 0.15186699 -0.04154431
v -0.04105149 0.04152862 -0.024061
v -0.04699058 0.03889238 -0.01401692
v -0.08955969 0.12851666 0.00454575
v -0.07698734 0.15369375 -0.00229708
v -0.07012167 0.16882633 -0.05117365
v -0.06479261 0.04172453 0.0316169
v -0.04214806 0.12409627 -0.00956025
v -0.0480697 0.12493027 -0.00840764
v -0.04215048 0.04334397 -0.02150871
v -0.06731516 0.044034 0.00157418
v -0.07338664 0.15463418 -0.02994383
v -0.05535277 0.04293621 0.01913549
v -0.06006777 0.0414195 0.02295328
v -0.06548846 0.04093778 0.03531547
v -0.0800664 0.1503965 0.00060518
v -0.0440313 0.04194907 -0.01799396
v -0.04518651 0.04245342 -0.01419362
v -0.08310943 0.10265445 -0.00329334
v -0.0654728 0.04562757 0.00455754
v -0.07542773 0.15201213 -0.01439369
v -0.05447342 0.04593751 0.0236126
v -0.0624641 0.043722 0.02849331
v -0.0628326 0.04518275 0.03462289
v -0.06353813 0.04352402 0.03797401
v -0.06025526 0.04474962 -0.00413162
v -0.06324205 0.0455497 0.00048428
v -0.06224943 0.04654005 0.00719035
v -0.09100365 0.14885725 0.02150703
v -0.05709413 0.04599654 0.02686528
v -0.05727649 0.04729958 0.02988995
v -0.0395199 0.17385855 -0.00757526
v -0.08964111 0.1384192 0.0341418
v -0.09260143 0.13018652 0.02518358
v -0.09228086 0.12762053 0.02975167
v -0.03395731 0.04102506 -0.02966025
v -0.09019954 0.11657506 0.00567549
v -0.05851589 0.04773131 0.00021246
v -0.07172356 0.14617438 -0.02156782
v -0.05238982 0.04544913 0.0176863
v -0.05941435 0.04727799 0.03417242
v -0.05752062 0.158776 0.00416212
v -0.08095914 0.10926674 -0.00201899
v -0.051904 0.04610006 0.01942129
v -0.05183005 0.04856873 0.02164703
v -0.0776504 0.15658012 -0.01659915
v -0.03741645 0.04768213 -0.01714728
v -0.07887611 0.15347012 0.00398758
v -0.05763542 0.05042554 0.00461084
v -0.05262544 0.05043462 0.02904674
v -0.05299872 0.04916902 0.0339676
v -0.0735026 0.16871934 -0.0447918
v -0.05442072 0.04783652 -0.00591869
v -0.05231274 0.05108535 0.02448569
v -0.07912993 0.16736568 -0.03550623
v 0.00941157 0.12350285 -0.0098291
v -0.0327157 0.10896631 -0.01894141
v -0.03113338 0.04960726 -0.01940694
v 0.04599733 0.06981445 0.00301433
v 0.03352546 0.10966209 -0.00698948
v -0.05504716 0.05276756 -0.00394613
v -0.05689789 0.04965557 -0.0015319
v -0.0502905 0.04909893 0.01716478
v -0.05059517 0.04992327 0.01917413
v -0.05188742 0.05332467 0.02870556
v -0.06768448 0.16533627 -0.0554664
v -0.03027144 0.05210608 -0.01767614
v -0.00910873 0.11141669 -0.02054323
v -0.05706936 0.05442438 0.00233955
v -0.03274838 0.17759875 -0.01162747
v -0.02900958 0.05126529 -0.02217578
v -0.03138313 0.05179131 -0.0138868
v -0.05567396 0.05698385 -0.00335104
v -0.05091605 0.05381361 0.01975314
v -0.08887538 0.15169443 0.02008658
v -0.07715305 0.17378676 -0.04786762
v -0.07857777 0.16420639 -0.03182586
v -0.02754591 0.05402157 -0.02514739
v -0.05446366 0.05535745 0.01032684
v -0.08704141 0.13058932 0.00091161
v -0.09000934 0.13278082 0.00592206
v -0.09223262 0.131954 0.01543065
v -0.04863998 0.16472475 -0.00505915
v -0.05406648 0.05995935 -0.00759922
v -0.05743409 0.0576835 0.00872597
v -0.08679473 0.13850688 0.00455759
v -0.09298953 0.13092307 0.01991929
v -0.09128203 0.13311897 0.02468863
v 0.02181502 0.11770533 -0.0100153
v -0.02964712 0.05810426 -0.02131132
v -0.03128953 0.05520857 -0.01438784
v -0.05900216 0.05923462 0.00261408
v -0.0902417 0.13575994 0.01414916
v -0.06156942 0.17084875 -0.06167917
v -0.06607018 0.16557822 -0.05864408
v -0.02453993 0.18005865 -0.01872695
v -0.01613175 0.18298848 -0.02603719
v -0.03080939 0.05699804 -0.01783502
v 0.01046428 0.09618045 -0.02589897
v -0.05749163 0.05953016 -0.00107861
v -0.08914646 0.136505 0.02595278
v 0.00437145 0.10391901 -0.0215151
v -0.09037704 0.1325249 0.03108265
v -0.09079545 0.13855232 0.02056256
v -0.09423771 0.12615419 0.02220145
v -0.09033691 0.1311983 0.03813879
v -0.04508261 0.12218447 -0.01156943
v 0.01134801 0.09824375 -0.02302425
v -0.03922792 0.09918463 -0.02191272
v -0.06550953 0.15857325 -0.05560027
v -0.07740951 0.16260515 -0.02075458
v -0.04858001 0.16689211 -0.00252561
v -0.07692291 0.15351394 -0.00907856
v -0.06775058 0.15734825 -0.05398211
v 0.05290641 0.06523045 -0.00051112
v -0.02905482 0.06108412 -0.02491823
v -0.03106692 0.06505886 -0.02275108
v 0.02424972 0.10266151 -0.01831383
v -0.05547366 0.16050213 0.00137635
v -0.06664285 0.16040875 -0.05684268
v -0.07820032 0.16073213 -0.02399969
v -0.01832068 0.11968625 -0.01111066
v 0.02171297 0.10956342 -0.01508109
v -0.06838264 0.15980248 -0.0542088
v -0.02544562 0.06020855 -0.0308647
v -0.02654033 0.065084 -0.03166487
v -0.02842571 0.06219961 -0.0279385
v -0.03260575 0.0612646 -0.01545301
v -0.07087229 0.11611638 -0.00795637
v -0.06978053 0.1593857 -0.04941824
v -0.03032487 0.06769472 -0.02765495
v -0.03297737 0.06636518 -0.01838553
v 0.01353349 0.10255388 -0.02157931
v 0.04440853 0.06975886 0.00094765
v -0.0021999 0.11215881 -0.01965866
v -0.0720285 0.06704661 -0.00072256
v -0.07869963 0.1731391 -0.04272047
v -0.08321197 0.15072131 0.00421285
v -0.08743906 0.13374875 0.00239747
v 0.02634802 0.08456223 -0.02315171
v -0.07490149 0.07041935 -0.00228543
v -0.05457635 0.09156295 -0.0220987
v -0.07324252 0.15231332 -0.03570352
v -0.07455096 0.17218738 -0.04755101
v -0.02868068 0.0682835 -0.03061016
v 0.0173729 0.10246037 -0.0214877
v -0.08125743 0.0730252 0.00710204
v -0.0749823 0.15407794 -0.01897447
v -0.0915565 0.13196262 0.01063815
v -0.00082448 0.09516512 -0.03205632
v -0.07761883 0.07399913 -0.00532635
v -0.07985879 0.07275504 0.00304202
v -0.08162747 0.07347061 0.01116169
v -0.07367929 0.14785987 -0.02023629
v -0.09130982 0.14848588 0.01627007
v -0.09085014 0.14625613 0.01480905
v -0.06854389 0.17513008 -0.0571879
v -0.02725396 0.10747453 -0.02127968
v 0.02144358 0.12273826 -0.00293167
v -0.0790612 0.0737243 -0.00084521
v -0.0820635 0.07599367 0.00176155
v -0.08373658 0.07677184 0.0089586
v -0.09020572 0.14947775 0.01303509
v 0.00084818 0.11670025 -0.01733709
v -0.07457755 0.15164041 -0.02864799
v -0.02908746 0.07292463 -0.03335447
v -0.03118402 0.07398953 -0.03033987
v -0.03260662 0.07195562 -0.02486658
v -0.08057599 0.0766078 -0.00298794
v -0.08949102 0.14392581 0.01248849
v -0.07738841 0.14656426 -0.0043543
v -0.07289616 0.15834962 -0.03410942
v 0.00713465 0.11468229 -0.01834564
v -0.03450261 0.07613002 -0.02237315
v -0.08389074 0.08078953 0.00229514
v -0.08374048 0.07724027 0.00466733
v -0.08620462 0.08093075 0.01053542
v -0.0860615 0.0799311 0.01444078
v -0.08154276 0.07795066 0.02672728
v 0.02666617 0.11268609 -0.01050954
v -0.07604143 0.15663068 -0.02142048
v -0.09001211 0.15083344 0.01575274
v -0.07115651 0.16335125 -0.04536053
v -0.03321096 0.07687319 -0.02770838
v -0.07326309 0.07998383 -0.01374994
v -0.07928595 0.08004883 -0.00701255
v -0.08603451 0.08264572 0.01954268
v -0.08433541 0.08072995 0.02218046
v -0.07135146 0.15727092 -0.04218309
v -0.07354845 0.16120822 -0.03528842
v 0.01673262 0.1099123 -0.01702004
v -0.03097877 0.07702086 -0.03281649
v -0.06235924 0.17544824 -0.06148599
v -0.01758787 0.11491318 -0.01720504
v -0.08235405 0.08087632 -0.00240389
v -0.07857891 0.14050129 -0.0046031
v -0.02893108 0.07924762 -0.0350498
v -0.03122571 0.0804131 -0.03218232
v -0.03325868 0.07962167 -0.02714606
v -0.0446974 0.11791537 -0.01472586
v -0.07972374 0.08422666 -0.00876086
v -0.08504216 0.08381783 -7.764e-05
v -0.0867764 0.08434486 0.01241903
v -0.08667467 0.08266501 0.01517434
v -0.08510625 0.08517658 0.02567944
v -0.07697576 0.08293594 -0.01145063
v -0.08277639 0.08343089 -0.0043687
v -0.08618044 0.08257215 0.0063639
v -0.09116082 0.14144362 0.01567391
v -0.0746388 0.14398484 -0.00715046
v -0.0834485 0.13393299 -0.00168732
v -0.0758047 0.15134475 -0.0198812
v -0.07492414 0.15273013 -0.01939744
v -0.05231444 0.12159646 -0.01079806
v -0.03073405 0.08542756 -0.03050667
v -0.03259056 0.08194266 -0.02910021
v -0.08645483 0.08694049 0.00091667
v -0.01250182 0.10634409 -0.02236019
v -0.08858588 0.14605869 0.009878
v -0.08560975 0.14712513 0.00659811
v -0.08751121 0.15061504 0.01015246
v -0.06011354 0.03555044 0.04490758
v -0.0882842 0.08686911 0.00810292
v -0.08881256 0.08776549 0.01422654
v -0.08800107 0.08662643 0.01546668
v -0.08699111 0.0864447 0.02242095
v -0.07460999 0.14727815 -0.01417238
v -0.03470791 0.08403588 -0.02430226
v -0.0849649 0.08996254 -0.0030068
v -0.08809145 0.08774158 0.00484899
v -0.09149047 0.14543178 0.02227722
v -0.09438042 0.12183919 0.01790434
v -0.02916453 0.08539344 -0.03366678
v -0.03055779 0.08862592 -0.02755067
v -0.07777055 0.08784484 -0.01169481
v -0.08072826 0.08820415 -0.00780031
v -0.08327254 0.08947669 -0.00565029
v -0.08939871 0.089539 0.01164555
v -0.08969839 0.13971257 0.01377476
v -0.07713489 0.15151225 -0.0055823
v -0.05112141 0.16374125 -0.00266405
v -0.08644296 0.12767438 -0.00148641
v -0.06960559 0.15490763 -0.05018867
v -0.08726518 0.09211003 0.0042059
v -0.08908625 0.09237712 0.01056986
v -0.08961234 0.09159988 0.01781228
v -0.08273246 0.14196856 0.00125291
v -0.07261837 0.14368135 -0.0109871
v -0.07767723 0.16610992 -0.03677732
v -0.01507806 0.09386344 -0.03431731
v -0.07105728 0.15476885 -0.04577853
v -0.09233192 0.12523886 0.00915895
v -0.0760467 0.09103725 -0.01364315
v -0.08294281 0.0932917 -0.00618563
v -0.01041117 0.09459234 -0.03378485
v -0.02933114 0.1147623 -0.01584464
v -0.03721825 0.11594244 -0.01517305
v -0.01242992 0.10286006 -0.02382248
v 0.00665096 0.0881445 -0.03294581
v -0.00641199 0.09287621 -0.03481764
v 0.01580015 0.11996558 -0.01141563
v 0.02910274 0.10247506 -0.01576838
v 0.04208069 0.06348063 -0.00254053
v 0.02872312 0.09794322 -0.01749735
v -0.01998764 0.10278313 -0.02339292
v 0.03374835 0.08364414 -0.01863045
v -0.01868568 0.18689625 -0.0202487
v 0.00641549 0.11790181 -0.01628274
v 0.05630521 0.06776991 0.0026525
v -0.00536083 0.112894 -0.01961329
v 0.04576943 0.0646288 -0.00121661
v -0.01009087 0.09822965 -0.02773136
v -0.06045852 0.11755645 -0.01135458
v 0.01293394 0.1188725 -0.01397937
v 0.01523568 0.0949779 -0.02443714
v -0.03089295 0.04740903 -0.024954
v -0.01776619 0.18572344 -0.02304928
v -0.01303489 0.11002855 -0.02016117
v -0.07120655 0.03860857 0.00077218
v 0.0179048 0.10627709 -0.01772925
v -0.03362349 0.11840428 -0.01192748
v -0.04990684 0.11788332 -0.01440248
v -0.00668781 0.11747209 -0.01535928
v -0.01545147 0.185976 -0.02479587
v -0.0306039 0.03803846 -0.03012384
v -0.01322027 0.18397188 -0.02751946
v -0.04785945 0.11162729 -0.01748212
v -0.01309899 0.09077604 -0.03665927
v -0.06311734 0.15425437 0.00297304
v -0.05513975 0.11051601 -0.01767274
v -0.01109677 0.18202324 -0.02804245
v -0.0265689 0.03469583 -0.02911375
v -0.00663966 0.10222209 -0.02351932
v -0.0569964 0.15741713 0.00060244
v 0.01907655 0.09187062 -0.02489023
v 0.01347309 0.12429893 -0.00683614
v -0.02173049 0.09841096 -0.02430685
v -0.01714217 0.09805746 -0.02492433
v -0.05869811 0.15137318 -0.00065801
v 0.00356411 0.12764883 -0.00446724
v -0.00853698 0.09992122 -0.02435107
v -0.01217198 0.18125102 -0.02906117
v -0.06111398 0.15305212 0.00099983
v -0.02957062 0.11713871 -0.01367553
v 0.03053011 0.11221207 -0.00818606
v -0.0317141 0.03511153 -0.03065899
v -0.01369113 0.17914707 -0.02812641
v 0.01162084 0.11548972 -0.01638568
v -0.06199357 0.15028063 -0.00162971
v 0.03668402 0.1009957 -0.00984859
v 0.04851267 0.07179818 0.0060005
v -0.00046583 0.11983662 -0.01361058
v 0.01674717 0.09011395 -0.02712719
v 0.00698324 0.09773008 -0.02480031
v -0.04322683 0.04626357 -0.01177173
v -0.00835625 0.113736 -0.01823981
v -0.01235441 0.11556773 -0.01648693
v 0.04683447 0.0743541 0.0101395
v 0.02531917 0.10931725 -0.01357966
v -0.0424595 0.11392482 -0.01618805
v 0.05774464 0.06415844 0.00262776
v -0.05971053 0.03653578 -0.0094949
v -0.00320784 0.109621 -0.02152385
v 0.02702074 0.0613457 -0.02229206
v 0.00710302 0.10191162 -0.02123099
v -0.03822568 0.12465525 -0.00732574
v 0.02594154 0.11576352 -0.00821939
v -0.06129796 0.03390022 -0.00932166
v -0.05946667 0.14743956 -0.00188854
v 0.01050661 0.100877 -0.02210951
v 0.03308134 0.10273382 -0.01278721
v 0.01251784 0.10475378 -0.01991596
v 0.02308799 0.09399872 -0.02221068
v 0.03155543 0.09248473 -0.01820428
v 0.00627231 0.09991037 -0.02229689
v -0.04091724 0.04612178 -0.01794258
v 0.03540736 0.09818885 -0.01200897
v 0.00941359 0.12121902 -0.01293778
v 0.05373519 0.07202735 0.006801
v 0.02562034 0.11880719 -0.00503308
v -0.03815026 0.04246661 -0.02689399
v -0.02821241 0.11116862 -0.01800193
v -0.06025359 0.143391 -0.00379063
v 0.01901688 0.1040145 -0.01933312
v 0.00754467 0.09168215 -0.03164314
v -0.00707608 0.12240119 -0.01136441
v -0.0190475 0.09656213 -0.0275799
v -0.01695339 0.10669256 -0.02200299
v -0.00067307 0.10119875 -0.02285777
v -0.00901793 0.12528031 -0.0077912
v -0.06813618 0.18006113 -0.05881605
v -0.02360019 0.11513818 -0.01557739
v -0.05983122 0.04284226 -0.00664691
v 0.05312407 0.05901238 -0.00288538
v -0.03693184 0.03710737 -0.02971417
v -0.05621514 0.14139213 -0.00280273
v 0.03669588 0.10372844 -0.00796215
v -0.03588507 0.12040038 -0.01064047
v -0.00935695 0.08542373 -0.03811254
v -0.06012734 0.12041391 -0.00937911
v -0.03984279 0.12156113 -0.01157031
v 0.0283222 0.10847957 -0.01262339
v -0.00187335 0.1159391 -0.01716943
v 0.03864815 0.09015334 -0.01254968
v -0.00173592 0.09224417 -0.03431046
v 0.05000082 0.06161207 -0.00346499
v 0.05585896 0.06291017 0.00069037
v 0.02046152 0.11515372 -0.01310378
v -0.01516584 0.11798075 -0.01446552
v -0.07085954 0.07151015 0.0338951
v 0.02267403 0.08660605 -0.02492549
v 0.03535884 0.08743889 -0.01710905
v 0.01840092 0.12145507 -0.00768042
v -0.0254259 0.04142101 -0.02920483
v -0.00820851 0.09677744 -0.03080978
v -0.05681066 0.03387394 -0.01116631
v -0.03458864 0.04474496 -0.0271229
v -0.04025168 0.11827531 -0.01367408
v 0.01638702 0.11402346 -0.0154969
v 0.04263528 0.06079746 -0.00345837
v -0.0506872 0.03593587 -0.01238079
v 0.00734468 0.09450957 -0.02968322
v -0.0197067 0.09291734 -0.03463688
v -0.01208304 0.12219229 -0.00971209
v 0.04880593 0.06845781 0.00169529
v -0.00308697 0.0984025 -0.02740317
v -0.05319879 0.13672896 -0.00165805
v -0.04729006 0.13055355 0.00169091
v 0.00446517 0.12044039 -0.0139314
v -0.00238501 0.12290534 -0.01038246
v -0.02483333 0.09585803 -0.02516211
v -0.0422969 0.03629192 -0.0272536
v -0.05438826 0.13404922 -0.00399204
v -0.05053938 0.13336659 -0.00108722
v 0.00260403 0.09694266 -0.02840706
v -0.00781631 0.12821209 -0.00194304
v 0.00651117 0.13002517 0.00092881
v 0.03474286 0.09227414 -0.01565459
v -0.0677877 0.18088887 -0.05819105
v -0.03371541 0.11151566 -0.01807844
v 0.00446304 0.12427294 -0.00942914
v -0.02337017 0.09339276 -0.03203182
v -0.04898207 0.12980647 -0.00132294
v -0.00078164 0.12822918 -0.003249
v 0.00249604 0.0898576 -0.03362845
v 0.00745533 0.1119679 -0.01955426
v 0.02879114 0.09115734 -0.02037021
v -0.05359015 0.1243745 -0.00734704
v -0.04774363 0.12064432 -0.01281299
v -0.01961623 0.12109197 -0.00954877
v -0.06504737 0.17999148 -0.0597586
v -0.05170416 0.03762036 -0.01176345
v -0.05212427 0.12929832 -0.0041187
v -0.04533445 0.12891494 0.00158191
v -0.00304712 0.12919453 -0.0010688
v 0.00721296 0.12721957 -0.00520737
v 0.01166932 0.12720154 -0.00318509
v 0.0530564 0.06970883 0.00312914
v -0.06302115 0.17810951 -0.06039357
v 0.0282048 0.06439127 -0.02069804
v 0.03440018 0.10503 -0.01022492
v 0.03097519 0.1079025 -0.01105843
v -0.04898439 0.11480518 -0.01596669
v -0.03282171 0.123005 -0.00590883
v -0.05079286 0.12716487 -0.00481832
v -0.03530167 0.12547815 -0.00315428
v 0.05645525 0.06995149 0.00491917
v -0.01624045 0.12512177 -0.00364997
v -0.0169704 0.11119793 -0.01958641
v -0.05408812 0.03978121 -0.01054468
v -0.03419049 0.04751401 -0.0223015
v 0.01369909 0.09391422 -0.02642769
v 0.00088 0.09923493 -0.02435567
v -0.04645946 0.12723953 -0.00488433
v -0.0417355 0.12687599 -0.0041742
v -0.02100048 0.12313643 -0.00611901
v -0.01213045 0.12572568 -0.00520079
v -0.00438224 0.12640753 -0.00694952
v 0.00140857 0.03478199 -0.0232652
v -0.0148462 0.03507093 -0.0260719
v -0.0213995 0.03479512 -0.02795882
v 0.01200922 0.0359619 -0.02173575
v 0.00382492 0.03612922 -0.02387809
v -0.05113956 0.09661758 -0.02209512
v -0.05481332 0.09810248 -0.02142537
v -0.02759704 0.16979824 -0.01817042
v 0.01335987 0.03937741 -0.02249633
v 0.00439193 0.03867443 -0.02417029
v -0.00684782 0.03644454 -0.02517712
v -0.01328026 0.03769959 -0.02639181
v -0.04767276 0.03611665 -0.01330121
v -0.04559012 0.10853826 -0.01879668
v -0.05009567 0.10990925 -0.01850451
v -0.06576664 0.03646955 -0.0072073
v -0.02345584 0.16824727 -0.01882288
v -0.0045918 0.03840457 -0.02541287
v -0.02495413 0.03744106 -0.02915272
v 0.02900777 0.03735822 -0.00027474
v -0.00794688 0.04148992 -0.02591127
v -0.0168038 0.03975381 -0.02756535
v -0.06515615 0.14034537 -0.00768486
v -0.0470801 0.04070069 -0.01186983
v -0.06847063 0.0374777 -0.00495574
v 0.03732685 0.04020951 -0.0008585
v 0.03534987 0.04125705 -0.00280751
v 0.00518207 0.04153632 -0.02406567
v 0.01866066 0.10030784 -0.02212729
v -0.06051078 0.1074845 -0.0170423
v -0.06237434 0.04014609 -0.00740402
v 0.02545695 0.03948389 -0.00402514
v -0.00022828 0.04339494 -0.02512442
v -0.00810884 0.04343906 -0.02614007
v -0.01736245 0.04323742 -0.02766519
v -0.02641667 0.04467402 -0.02820974
v 0.00380645 0.10944331 -0.02020379
v -0.05823237 0.0956904 -0.02061603
v -0.06612237 0.04234126 -0.00275388
v -0.06095992 0.09417304 -0.01901567
v 0.03135225 0.04264928 -0.0046745
v -0.0335409 0.03634262 0.04908996
v 0.01725278 0.04433561 -0.02306719
v 0.01063766 0.04416156 -0.02492617
v 0.00438431 0.04580671 -0.02678899
v -0.00825064 0.04514872 -0.02844107
v -0.01574841 0.04504386 -0.02787779
v 0.02899033 0.04469785 -0.0061863
v 0.00816864 0.04505303 -0.02517874
v -0.00096291 0.04537823 -0.02730828
v -0.00170334 0.0478192 -0.02992893
v -0.03153583 0.04474041 -0.02807941
v -0.03361965 0.15691468 -0.01102487
v -0.05075118 0.04310962 -0.01001868
v 0.03689089 0.0473532 -0.00610571
v 0.02497563 0.04264458 -0.00701699
v 0.02456242 0.04836956 -0.01967276
v 0.01396404 0.04557917 -0.02470651
v 0.01337613 0.0486303 -0.0265515
v 0.00373089 0.04812799 -0.02902597
v -0.0087947 0.04705685 -0.02988163
v -0.01375377 0.05186506 -0.03224348
v -0.02120084 0.04665709 -0.02795132
v 0.03969354 0.04565858 -0.00452741
v 0.0336274 0.04871773 -0.00639046
v -0.06535212 0.09929457 -0.01682015
v 0.00128681 0.05038367 -0.03035744
v -0.00817975 0.0498458 -0.03107139
v -0.01718435 0.0482105 -0.02974193
v -0.02604945 0.0476925 -0.0261495
v -0.08474701 0.1107835 0.03948838
v -0.05131687 0.04827069 -0.00793105
v -0.08250651 0.12765487 -0.00467964
v 0.03866369 0.05169667 -0.00669102
v -0.07564316 0.09944045 -0.01192761
v 0.02028447 0.05134919 -0.02489538
v 0.0059436 0.05097666 -0.02911936
v -0.02552829 0.05147271 -0.02688468
v -0.03556267 0.04939989 -0.01286504
v -0.04281898 0.16220182 -0.01033751
v -0.0655936 0.17665711 -0.06050473
v -0.03415108 0.17442797 -0.01331255
v 0.04367318 0.05016223 -0.00598435
v -0.05034241 0.15546197 -0.00519277
v 0.02546418 0.0540297 -0.02169101
v 0.01014979 0.04925854 -0.02775059
v -0.02204319 0.05361202 -0.03013561
v -0.03287552 0.05167763 -0.01088865
v -0.03761382 0.04953477 -0.01162614
v -0.04075063 0.04928511 -0.0112862
v -0.04638517 0.04749085 -0.01008598
v 0.04447317 0.05329301 -0.00633279
v 0.03320562 0.05102065 -0.00723825
v 0.01567835 0.05116927 -0.02639781
v 0.00683417 0.05501017 -0.03056113
v 0.00214247 0.0555028 -0.0313344
v 0.00059285 0.05286795 -0.03051383
v -0.00364814 0.051869 -0.03145794
v -0.00942456 0.05539922 -0.03365398
v -0.01930215 0.05822477 -0.0339197
v -0.06108427 0.1338619 -0.00722489
v -0.04330976 0.05565684 -0.01140211
v -0.06108054 0.16833773 -0.05919206
v 0.04757469 0.05294363 -0.00513003
v -0.03740303 0.11150775 -0.01824331
v 0.01997249 0.05440971 -0.02710823
v 0.00539748 0.05838257 -0.03090376
v -0.01060359 0.05360291 -0.03340335
v -0.03499829 0.05233156 -0.01034738
v -0.04647123 0.05130434 -0.00982998
v -0.06794536 0.11493603 -0.00951073
v -0.07104821 0.15161088 -0.04467927
v -0.00589038 0.03479062 -0.02422447
v 0.01684214 0.05555567 -0.02828456
v 0.01071104 0.05468761 -0.02976752
v -0.00118268 0.05949242 -0.03336092
v -0.00523259 0.05568896 -0.03284022
v -0.05170583 0.05247076 -0.00740472
v -0.05262636 0.06004376 -0.00895669
v -0.07259859 0.09776272 -0.01443451
v 0.04433126 0.05581801 -0.00603627
v 0.0384634 0.05493482 -0.00618225
v 0.03883862 0.05780826 -0.00525848
v -0.00920154 0.05951013 -0.03443711
v -0.03526256 0.0552849 -0.01054506
v -0.03833645 0.05450354 -0.01090532
v -0.01772754 0.03628954 0.05222225
v 0.05000649 0.0580958 -0.00462118
v 0.04613397 0.05927881 -0.00477696
v 0.0151103 0.05981984 -0.02864575
v 0.01031238 0.05758653 -0.02999525
v -0.00613534 0.06025679 -0.03469583
v -0.01231822 0.05939639 -0.03526851
v -0.01446691 0.06313602 -0.03686587
v -0.04665026 0.05984095 -0.01213584
v -0.05657208 0.12480275 -0.00718857
v -0.0792375 0.12055419 -0.00567448
v -0.07933479 0.1256065 -0.00611759
v 0.02234 0.05849223 -0.02601412
v 0.00762704 0.06209833 -0.03113584
v 0.00331017 0.06045684 -0.03248107
v -0.01681188 0.06127523 -0.03592933
v -0.03249191 0.05719635 -0.01210473
v -0.03410824 0.06146656 -0.01305313
v -0.03389698 0.05702533 -0.01104757
v -0.03862358 0.05830329 -0.01150575
v -0.0450084 0.06272394 -0.01339045
v -0.05689601 0.13398739 -0.00562707
v -0.04485389 0.15746031 -0.00867316
v -0.07860955 0.06965687 0.01181074
v -0.02373002 0.10186156 -0.0238364
v -0.02812293 0.09932239 -0.02358013
v -0.05007672 0.14997652 -0.00364197
v -0.03304842 0.09595859 -0.02342646
v 0.01952039 0.06206477 -0.02729247
v -0.03886471 0.10333987 -0.0206414
v -0.04895294 0.05628109 -0.01022088
v -0.05399304 0.14498656 -0.00110934
v -0.04553056 0.09851085 -0.02172951
v -0.05091096 0.1007457 -0.02161943
v 0.02324583 0.06279253 -0.02504799
v 0.00974128 0.0631814 -0.03114137
v -0.00086614 0.06455963 -0.03449093
v -0.0085264 0.06400173 -0.03585048
v -0.0484515 0.06479412 -0.01302991
v -0.05232516 0.10614813 -0.01927124
v -0.05526535 0.10216682 -0.0198971
v -0.05904201 0.09903221 -0.01922295
v -0.05784676 0.10433496 -0.01852574
v -0.02711346 0.17332156 -0.01853889
v 0.022832 0.06708257 -0.02629751
v 0.01451906 0.06459554 -0.02985569
v 0.01147133 0.06758144 -0.03090117
v -0.01773936 0.06626083 -0.03765731
v -0.06505975 0.13452104 -0.00808999
v -0.07582932 0.14244605 -0.005809
v -0.04136235 0.06163733 -0.01281377
v -0.05614789 0.06192155 -0.00575411
v -0.06212611 0.06284536 -0.00452026
v -0.03729248 0.16449057 -0.01362705
v -0.01981892 0.16509494 -0.01760898
v 0.00628811 0.06541635 -0.03256304
v -0.00592505 0.06951563 -0.03593348
v -0.01053863 0.06799918 -0.03651706
v -0.0353857 0.06681743 -0.01543486
v -0.0539945 0.0646387 -0.00932549
v -0.06385231 0.06557231 -0.00693933
v -0.06392088 0.12774242 -0.00854946
v -0.0269407 0.03618405 0.05335185
v 0.01961865 0.06700739 -0.02835612
v 0.01227518 0.06993394 -0.03155316
v 0.00542651 0.06824796 -0.03273052
v -0.00440842 0.0666192 -0.03487025
v -0.02191135 0.06714479 -0.03653575
v -0.04564315 0.15466949 -0.00729694
v -0.05167346 0.06685066 -0.01212035
v -0.05810518 0.06646595 -0.01004434
v -0.05699226 0.14311862 -0.0022403
v -0.08065111 0.13119854 -0.00443978
v -0.05654431 0.12850938 -0.00620147
v 0.01775808 0.07013854 -0.02940468
v 0.00649805 0.07079187 -0.03352531
v 0.00075831 0.07043446 -0.03446256
v -0.01323595 0.06929282 -0.03791749
v -0.06739078 0.11889688 -0.00873014
v -0.03811952 0.06416231 -0.01382914
v 0.00185274 0.11303356 -0.01979427
v -0.07595081 0.06817061 0.01811797
v -0.01000199 0.07267148 -0.03766137
v -0.01797607 0.07061377 -0.03844388
v -0.02303599 0.07277846 -0.03807264
v -0.0261201 0.07117748 -0.03545153
v -0.06853542 0.13929375 -0.00780466
v -0.03526304 0.07106765 -0.01801186
v -0.04155818 0.06977401 -0.0167741
v -0.05283173 0.07029892 -0.01486496
v -0.06697885 0.06763898 -0.00680944
v -0.01024447 0.17895826 -0.02953887
v -0.07527265 0.12680098 -0.00802417
v -0.0873599 0.11248315 0.04204949
v 0.0087503 0.07430156 -0.03339821
v -0.06424952 0.16045024 -0.05704147
v -0.04435401 0.07337222 -0.01787443
v -0.04576258 0.06944532 -0.01592878
v -0.04795744 0.07254299 -0.01610699
v -0.05782263 0.06953801 -0.01441647
v -0.0720716 0.07153815 -0.00747144
v 0.02547293 0.0740945 -0.02493854
v 0.01571973 0.07375635 -0.02974777
v 0.0048214 0.07376398 -0.03455245
v -0.00225286 0.07392132 -0.03588719
v -0.00738349 0.07479962 -0.03722383
v -0.02022534 0.07709519 -0.03904429
v -0.03401618 0.07210127 -0.02082315
v -0.03849337 0.07283987 -0.01750223
v -0.06439255 0.07311633 -0.01533534
v -0.06448066 0.07018735 -0.01226175
v -0.02385433 0.16164528 -0.01450419
v 0.02210445 0.0726926 -0.02690014
v 0.01553237 0.07658696 -0.02960694
v 0.01157405 0.07486057 -0.03138386
v -0.01473156 0.07764075 -0.03849067
v -0.01601882 0.0742888 -0.03886442
v -0.05110362 0.07307195 -0.01624306
v -0.05798954 0.07401788 -0.01752232
v -0.06960838 0.07232289 -0.01093443
v -0.07599611 0.11714132 -0.00655772
v -0.03798766 0.10751453 -0.01997576
v 0.01069621 0.0798892 -0.03200958
v -0.00534334 0.07826458 -0.03747694
v -0.02608199 0.07619129 -0.0367802
v -0.03916104 0.15718885 -0.01058051
v -0.06560988 0.07586001 -0.01675006
v -0.0701776 0.07566333 -0.01383921
v -0.07429136 0.07480836 -0.00935379
v -0.06342889 0.17185387 -0.06141217
v 0.03068489 0.07572687 -0.02077809
v 0.01930501 0.07901787 -0.02774399
v -0.00859921 0.07933873 -0.03790518
v -0.02320011 0.0765685 -0.0383865
v -0.03811782 0.07639012 -0.01864436
v -0.04423113 0.07766413 -0.01902658
v -0.0510255 0.07570507 -0.0181869
v -0.07059513 0.12994832 -0.00876292
v 0.02814766 0.07878537 -0.02243245
v 0.0076016 0.07943592 -0.03371456
v 0.00495024 0.07802725 -0.03440975
v -0.01585835 0.08116555 -0.03918559
v -0.01850208 0.08334387 -0.03901072
v -0.07973935 0.13606854 -0.00414821
v -0.03098018 0.16634656 -0.01624116
v -0.0357498 0.07724835 -0.01937402
v -0.04894474 0.07908636 -0.0195757
v -0.05506586 0.07808919 -0.01975548
v 0.023706 0.08024041 -0.02545012
v 0.01225411 0.0834567 -0.03077158
v 0.00185499 0.08469279 -0.0348385
v -0.00020857 0.07894141 -0.03578208
v -0.0004271 0.08294737 -0.03638066
v -0.00441016 0.08279451 -0.03746725
v -0.03320232 0.1057832 -0.02064759
v -0.03920697 0.08153638 -0.020571
v -0.06035541 0.07976661 -0.01937554
v -0.04177183 0.10396706 -0.02083294
v -0.01120401 0.08271332 -0.03848961
v -0.0231815 0.08168699 -0.03832916
v -0.02723319 0.08057095 -0.03662067
v -0.03547018 0.08019607 -0.02232591
v -0.04486421 0.0819979 -0.02047352
v -0.05064789 0.08230943 -0.02136589
v -0.05552261 0.0819276 -0.02135379
v -0.08808961 0.11135484 0.01851615
v -0.07203608 0.11107918 0.0453614
v -0.03335978 0.16986395 -0.01544899
v -0.06683903 0.06217051 0.02157684
v 0.03073056 0.08196899 -0.02004046
v 0.01622432 0.08648038 -0.02895201
v -0.06985563 0.10027892 -0.01484783
v -0.06383617 0.0817046 -0.01890886
v -0.06791482 0.08013629 -0.0171282
v -0.04575208 0.16340754 -0.00817805
v 0.01172754 0.08801078 -0.03086011
v 0.00733348 0.08527 -0.03282938
v -0.00343565 0.08701789 -0.036461
v -0.02696411 0.08451281 -0.03636174
v -0.03655337 0.08531619 -0.0225762
v -0.03879109 0.08523271 -0.0219176
v -0.05767694 0.08625834 -0.02109832
v -0.06258181 0.08639453 -0.01916929
v -0.07139534 0.12468846 -0.00859442
v 0.01480157 0.0990409 -0.02284292
v -0.02116286 0.17491852 -0.02197711
v -0.01482425 0.08728884 -0.03831707
v -0.02328575 0.08946803 -0.03602725
v -0.05159565 0.08442207 -0.02160096
v -0.06948104 0.08565646 -0.01719842
v -0.07091721 0.10754846 -0.01149663
v 0.03014532 0.086284 -0.02040814
v -0.05557811 0.11567692 -0.01464599
v -0.00809811 0.08907008 -0.0365522
v -0.08120631 0.11205088 -0.00088299
v -0.01877217 0.08983804 -0.03699171
v -0.02110042 0.08658767 -0.03784905
v -0.02580991 0.08888959 -0.03508225
v -0.0489848 0.09073176 -0.02181717
v -0.03587487 0.034776 -0.0308452
v -0.03316439 0.03360654 -0.02972188
v -0.02596402 0.033487 -0.02632112
v -0.01671753 0.03361164 -0.02462542
v -0.00534863 0.03382901 -0.02260043
v 0.00648435 0.034293 -0.02085493
v 0.01395035 0.03488 -0.01861287
v -0.04246598 0.0341891 -0.02726065
v -0.0332411 0.03357876 -0.02671945
v 0.00628135 0.0341658 -0.01876423
v -0.04426579 0.03366366 -0.02191442
v -0.02367146 0.03363097 -0.02321776
v -0.01155858 0.03389543 -0.02105426
v -0.00204064 0.03405394 -0.01933107
v 0.00173239 0.03445966 -0.01660787
v -0.02731607 0.03391007 -0.02135375
v -0.01337108 0.03436158 -0.01902372
v 0.00958873 0.03420722 -0.01542405
v -0.01498154 0.03587818 -0.01799238
v -0.00234743 0.03590313 -0.01592974
v 0.00225443 0.03641154 -0.01478397
v -0.03519913 0.03383521 -0.02050829
v -0.02607545 0.0359186 -0.01940517
v 0.00827406 0.0356452 -0.0126487
v 0.01047364 0.0347426 -0.01126287
v 0.01405538 0.03448343 -0.01449573
v -0.03697052 0.03568036 -0.01500779
v -0.00247195 0.03840877 -0.01415903
v -0.03948189 0.03361822 -0.02361247
v -0.04109151 0.034006 -0.01199754
v -0.03158981 0.03559233 -0.01920415
v -0.02008631 0.03806445 -0.01722079
v -0.01111325 0.03829029 -0.01564636
v 0.00445226 0.03770519 -0.01295765
v 0.01587048 0.03441623 -0.00296665
v -0.047872 0.0341363 -0.01541825
v -0.04752164 0.03362272 -0.01280459
v -0.03340734 0.03757704 -0.01615819
v -0.02785147 0.03840433 -0.01721042
v -0.00850653 0.03902895 -0.0130008
v 0.00645525 0.03816519 -0.01016486
v 0.00741471 0.03465919 -0.00301168
v 0.0119662 0.0343354 -0.00595713
v 0.02041482 0.03556758 -0.00378069
v -0.01928878 0.03876257 -0.01420262
v -0.00113901 0.03917676 -0.01038137
v 0.00381492 0.03902447 -0.00808273
v 0.00752082 0.0367334 -0.00676143
v 0.01996812 0.03484399 -0.00189849
v -0.0450584 0.03360049 -0.01252751
v -0.03075485 0.03863981 -0.01405077
v -0.05149981 0.03372911 -0.01208251
v -0.02375686 0.03858575 -0.01109327
v 0.00397347 0.03820855 -0.00379635
v 0.00954854 0.03423262 0.0017162
v 0.02908655 0.03579999 0.00356309
v -0.0559652 0.03352991 -0.00912462
v -0.01952351 0.03850521 -0.00454345
v 0.01636347 0.03439479 0.00229486
v 0.02132474 0.03462404 0.0056444
v -0.0396703 0.036174 -0.00733977
v -0.01425173 0.03864803 -0.00430304
v 0.00232623 0.0353482 0.0023246
v 0.0140143 0.0357038 0.00388789
v 0.0153228 0.0362397 0.00366285
v 0.02375313 0.03467071 0.00398853
v 0.03236918 0.03581601 0.00702463
v -0.0637159 0.03377693 -0.00800656
v -0.06426688 0.0335625 -0.00512532
v -0.0380666 0.0385186 -0.00730796
v -0.00943088 0.03888769 -0.00748487
v 0.00396778 0.03420021 0.00497545
v 0.00942926 0.0360304 0.00452751
v 0.02985902 0.03498013 0.00983493
v -0.05273006 0.0334979 -0.00181175
v -0.041271 0.0338554 -0.00188008
v -0.0031105 0.03894619 -0.00277939
v 0.00621941 0.0351341 0.00654928
v 0.0208979 0.0359371 0.0087849
v 0.03560601 0.03652664 0.00981553
v -0.06707834 0.0338401 -0.00616883
v -0.0008114 0.03742417 0.00477215
v 0.00314923 0.03412531 0.01176222
v 0.0049172 0.0339971 0.00916661
v 0.0251308 0.03454691 0.01101258
v 0.02824862 0.03504637 0.0160167
v -0.06703297 0.06514596 0.02729286
v -0.04638017 0.03360523 -0.00089435
v -0.0331634 0.0381954 -0.0005252
v -0.0320742 0.0383234 -0.00042109
v -0.02169269 0.03826601 0.00451008
v 0.02393075 0.03481671 0.01773916
v 0.04271912 0.03997707 0.00893216
v -0.05860408 0.03346223 -0.00021667
v -0.0373144 0.033633 0.00457247
v -0.01042399 0.03848857 0.00622927
v -0.00138969 0.03865136 0.00239665
v -0.00030845 0.03546248 0.00826072
v -0.0014089 0.03619308 0.01294455
v 0.0222529 0.0365833 0.0139797
v -0.07096183 0.03434573 -0.00078374
v -0.06906618 0.03371763 -0.00019761
v -0.06482564 0.03350586 0.00282225
v -0.04705966 0.03350186 0.00356464
v -0.00369538 0.03817278 0.0130468
v 0.03347585 0.03644734 0.01626696
v 0.03724961 0.03750992 0.01481582
v -0.04567594 0.03370364 0.00643003
v -0.03863927 0.03393731 0.00855065
v -0.00950641 0.03835264 0.01557066
v 0.0214998 0.0358071 0.0181694
v 0.04487646 0.04123099 0.01600825
v -0.07247401 0.03625593 0.00155326
v -0.07149813 0.03445297 0.00420265
v -0.0277909 0.0380629 0.00793761
v -0.01655641 0.03828647 0.01021579
v 0.00810435 0.0348429 0.0181346
v 0.02358946 0.0358906 0.02533769
v 0.04126135 0.04058507 0.02075193
v -0.05135087 0.0336457 0.00803294
v -0.0471043 0.0355495 0.00808039
v -0.00141035 0.03699994 0.01698203
v 0.00091714 0.03480338 0.01563469
v 0.00288879 0.03463625 0.01884977
v 0.0132792 0.0343795 0.0214237
v 0.0143227 0.0344255 0.0215932
v 0.0174901 0.0346463 0.0220409
v 0.02986846 0.03624882 0.0198722
v -0.039222 0.0363262 0.0107899
v -0.0303071 0.0339954 0.0147064
v 0.02008123 0.0351727 0.02801877
v 0.02498901 0.03810458 0.02942957
v 0.03358413 0.03830393 0.02292867
v 0.04901572 0.04457363 0.02065945
v -0.05822597 0.06660731 0.03505028
v -0.06733083 0.03384644 0.00872663
v -0.03469233 0.03382871 0.01243858
v -0.0298032 0.034287 0.0163531
v 0.00170238 0.03631089 0.0211796
v 0.04513702 0.04462544 0.02551651
v -0.06887649 0.11022176 0.03900463
v -0.05768056 0.03362269 0.01404031
v -0.0532105 0.0335853 0.013987
v -0.0357116 0.0358916 0.0155029
v -0.0288615 0.0353967 0.01735
v -0.0265805 0.0377426 0.0157053
v -0.00109744 0.03814784 0.02042701
v 0.03504771 0.04097394 0.02697039
v -0.06968546 0.03447878 0.00979843
v -0.054019 0.0333099 0.015848
v 0.00448168 0.03711783 0.0247553
v 0.00666055 0.03520473 0.02431593
v 0.0083833 0.0347487 0.02405731
v 0.0388831 0.04103298 0.02497657
v -0.00264419 0.03872707 0.02513126
v 0.00322223 0.03870844 0.02589875
v 0.00900165 0.03689093 0.02848219
v 0.01319698 0.03483579 0.03163098
v 0.0222916 0.03705331 0.03310102
v 0.02894839 0.03916002 0.02723481
v -0.08777347 0.11181412 0.03714431
v -0.01787049 0.03820389 0.02024322
v 0.01008742 0.03704769 0.0308225
v 0.04229655 0.04543577 0.02904092
v -0.08434134 0.11388013 0.04651348
v -0.07379571 0.10895629 0.03921725
v -0.05124334 0.0642392 0.03425804
v -0.06177739 0.03401786 0.01690058
v -0.0366651 0.0353042 0.023032
v -0.01493018 0.03864351 0.02937833
v -0.08089452 0.10967225 0.03791023
v -0.08982262 0.11387199 0.03284531
v -0.06965551 0.06872837 0.03112788
v -0.0784498 0.10988832 0.04251792
v -0.07582414 0.107949 0.03712875
v -0.05574063 0.03412805 0.02667436
v -0.0382796 0.035429 0.0243806
v -0.03528334 0.03417978 0.02274486
v -0.02579807 0.037865 0.01998146
v 0.00690643 0.03900427 0.02954851
v 0.01544899 0.03485244 0.03698489
v 0.01912823 0.03564064 0.03664228
v -0.06366497 0.06604784 0.03182808
v 0.0396048 0.04493953 0.02999236
v -0.08029431 0.07170243 0.0159953
v -0.05418543 0.0673227 0.03693561
v -0.07311021 0.14847168 -0.02874847
v -0.05899998 0.07375155 0.04119708
v -0.05952073 0.06104026 -0.00237538
v -0.0627918 0.03459676 0.02350564
v -0.0418955 0.0336683 0.02694
v 0.00898082 0.0376394 0.0339008
v 0.00852878 0.034888 0.0362651
v -0.08980389 0.11498106 0.04277165
v -0.06554542 0.07443037 0.03916807
v -0.06464419 0.06172323 0.00022552
v 0.00524969 0.0395071 0.0332712
v 0.02025032 0.03703317 0.03932719
v -0.0670064 0.06329287 -0.00174939
v -0.06447977 0.06065147 0.00423432
v -0.05721963 0.05700047 0.00491758
v -0.07436281 0.07243705 0.03143004
v -0.062019 0.03434318 0.03188328
v -0.04687082 0.03444413 0.03051313
v -0.02081428 0.03840096 0.02786843
v 0.01643935 0.03563511 0.04128104
v -0.06908716 0.11205014 0.04532006
v -0.07181157 0.14861318 -0.03463949
v -0.06953877 0.06307475 0.00357582
v -0.08486389 0.0783921 0.01646201
v -0.09118878 0.11588893 0.02470554
v -0.08882776 0.11359169 0.02387364
v -0.07130283 0.11325363 0.04944453
v -0.05487695 0.07028233 0.0388282
v -0.07720888 0.10715887 0.03473829
v -0.06124178 0.05900744 0.00809166
v -0.06588565 0.03502508 0.02941652
v -0.05788943 0.03441957 0.03626576
v -0.05184771 0.03447027 0.03463518
v -0.0348346 0.0347214 0.0345782
v -0.0309847 0.0381919 0.0323901
v -0.00496131 0.0393649 0.0367022
v 0.01222417 0.03517748 0.04262058
v -0.07489822 0.11458863 0.05077648
v -0.0804691 0.11357963 0.04664344
v -0.07410756 0.06958603 0.0272644
v -0.07900262 0.07633932 0.02924809
v -0.06529708 0.03477897 0.03374434
v -0.0336564 0.0343441 0.0369141
v 0.00493185 0.0348148 0.04346211
v 0.01134744 0.03621302 0.04465228
v -0.06056926 0.07115454 0.03865376
v -0.08897947 0.11450869 0.02844603
v -0.06854352 0.06109048 0.01055776
v -0.08271096 0.11648975 0.04851853
v -0.04191321 0.03446772 0.03320004
v -0.0112898 0.0395292 0.0388441
v -0.00282619 0.03488534 0.04561141
v -0.06456121 0.05948414 0.01306168
v -0.05858144 0.05780146 0.01342954
v -0.02332 0.0391695 0.0384733
v -0.0181599 0.0393223 0.0394029
v -0.0164714 0.0348128 0.0436847
v 0.00329066 0.03583347 0.04602461
v -0.08522963 0.11200712 0.03041694
v -0.08564473 0.11131719 0.03423478
v -0.07453036 0.06668069 0.00469533
v -0.07111297 0.06275147 0.00879955
v -0.06114938 0.05883441 0.01653944
v -0.04691227 0.03462718 0.03973971
v -0.04076035 0.03466823 0.04049253
v -0.0263231 0.034658 0.0434735
v -0.00318366 0.03622991 0.0478731
v -0.07994049 0.10916678 0.0341198
v -0.05971217 0.06316528 0.02878918
v -0.0511766 0.06806188 0.03739833
v -0.05012658 0.07093315 0.03948101
v -0.07279013 0.06439988 0.01520595
v -0.06851123 0.06121465 0.01535408
v -0.03934321 0.03544018 0.04249256
v -0.00813059 0.03500835 0.0475024
v -0.06608067 0.07020274 0.03555286
v -0.0686026 0.14992277 -0.04005135
v -0.0717221 0.06702304 0.02495975
v -0.07511501 0.06655704 0.01024409
v -0.06514665 0.03594565 0.03977508
v -0.0368986 0.03592464 0.04479417
v -0.00947804 0.0359776 0.04943421
v -0.08517596 0.11706809 0.04813942
v -0.0633664 0.06279026 0.02564761
v -0.06663333 0.0610017 0.01810124
v -0.05816759 0.05998519 0.02260606
v -0.06421221 0.03499256 0.03940192
v -0.05342579 0.03456002 0.04278242
v -0.01803149 0.03485997 0.04926476
v -0.01144041 0.03764077 0.05027573
v -0.07516532 0.11154286 0.04670718
v -0.07716839 0.06982645 0.00506056
v -0.07280136 0.06438259 0.01208908
v -0.078022 0.07099516 0.02132215
v -0.06126337 0.03469041 0.0419949
v -0.05440375 0.03500731 0.04487459
v -0.04575428 0.03520698 0.04351812
v -0.03383244 0.03516882 0.04695789
v -0.02865763 0.03508338 0.05054944
v -0.01530644 0.03524641 0.05013381
v -0.06528365 0.15592447 -0.04986593
v -0.06646786 0.14871539 -0.0315793
v -0.06209598 0.16388324 -0.05838593
v -0.06327489 0.15245731 -0.03222173
v -0.04375572 0.14773408 -0.00214332
v -0.06569694 0.14561631 -0.01897471
v -0.06671365 0.15358824 -0.0490971
v -0.01048281 0.16668287 -0.02174609
v -0.06274451 0.16397531 -0.05939828
v -0.07041323 0.141292 -0.00845908
v -0.06153038 0.14037628 -0.00627347
v -0.01145246 0.17220633 -0.02684498
v -0.06373114 0.16577037 -0.06010361
v -0.02821882 0.15758144 -0.01099949
v -0.01847127 0.15967716 -0.01116951
v -0.06670071 0.15236775 -0.04526639
v -0.04989641 0.14670859 -0.00186142
v -0.03144964 0.15460463 -0.00768023
v -0.06744766 0.15507675 -0.05159425
v -0.01090665 0.17649301 -0.0292463
v -0.0720836 0.1496555 -0.03926586
v -0.06423083 0.14877806 -0.02589971
v -0.06305664 0.1434165 -0.00749077
v -0.05304335 0.1409255 -0.00047408
v -0.03926941 0.15205232 -0.00662038
v -0.06479693 0.15210615 -0.03618552
v -0.06440032 0.158344 -0.05425637
v -0.06617812 0.1421835 -0.00937663
v -0.06775143 0.14605207 -0.0233333
v -0.06473158 0.15410067 -0.04046482
v -0.02426559 0.1568769 -0.00785093
v -0.01572318 0.16312344 -0.01639657
v -0.07088766 0.14404618 -0.01490848
v -0.04434183 0.15113809 -0.00568598
v -0.06289681 0.14694778 -0.01309862
v -0.0637554 0.14428875 -0.01139573
v -0.06821456 0.14390932 -0.01498417
v -0.05027144 0.14336563 0.0015153
v -0.02853559 0.16208479 -0.01478603
v -0.0658107 0.14359119 -0.01258538
v -0.0561792 0.13774406 -0.00406743
v -0.06886688 0.14723338 -0.02873987
v -0.06096542 0.17002113 -0.06083939
v -0.01389549 0.16787168 -0.02189723
v -0.069413 0.15121847 -0.04453854
v -0.0550398 0.0573097 0.0169909
vn -0.09005532350216836 0.9777870297364248 0.1892684949698172
vn -0.3660451206757046 0.8602349288064187 0.3549744172344316
vn 0.19128859479435872 0.954894936980651 -0.22712184577956848
vn -0.26450584202796085 0.5710063194429258 0.7771669336052086
vn -0.608121835150163 0.044366745528415845 -0.7926029431593191
vn 0.23326339005993574 0.7135621063951304 0.6606188849667342
vn 0.05946688537025207 0.732668642870944 0.6779825582550117
vn -0.35616414290866594 0.9335451211175348 0.04050444597550464
vn -0.8256259697805196 0.5154265959139722 -0.22951510244101878
vn -0.8261223338253709 0.1271052867863288 -0.5489682464641169
vn -0.5979832131418692 0.8014302530650051 0.011208312660143075
vn 0.6723782412447816 0.6428691465054117 0.366915196158428
vn -0.7468160482771627 0.5932619217407937 0.30050970408308414
vn -0.22879691697055288 0.6207828458007121 -0.7498537385012755
vn 0.1252773040552192 0.38304228280903957 0.9151962667477922
vn 0.2364199947366628 0.45409432079566453 0.8590133490871026
vn 0.1821258728221317 -0.013371196229004565 0.9831843049805983
vn -0.28025224095657125 0.34069744988255096 0.8974318520547098
vn 0.2900166424899078 0.18923618804497053 0.9381257976482096
vn 0.3376753174960449 0.9299918285635681 -0.14522595759345683
vn 0.23805039040532774 0.4916393580780835 0.8376292456788033
vn -0.6245070235804363 0.4497188284624215 -0.6385483167506523
vn -0.3611132797048107 0.8286242562640191 0.42776049508075953
vn 0.093354937968704 0.3589177133382491 0.9286888233466051
vn 0.2604515934303588 0.4557463388806089 0.8511523025149543
vn -0.5057174143912357 -0.4274875534840814 0.7493358982443304
vn 0.2646248418130494 0.20451524121175976 0.9424156244500164
vn 0.17015650497763118 0.04445885033503422 0.9844136195932502
vn -0.5772034230997527 0.21521122122461658 -0.7877311334592133
vn -0.18639874889921088 0.7097049978775045 0.6793926128509935
vn 0.27213429221451313 0.30032489204333396 0.9141924776654344
vn -0.38011008822368536 0.5059123172066667 0.7743184410364788
vn 0.1276055015232555 0.33755212499540466 0.9326174987057047
vn -0.2100064930077212 0.7688806778038692 0.6039203392786675
vn 0.6025532333700777 0.6996684856987865 0.3839187558263227
vn -0.058235033795764106 0.7813276132084706 0.6213982955212872
vn 0.07782394349853501 0.7469547157703065 0.6603045406529001
vn 0.16164621781918034 0.518564431101538 0.8396198134043122
vn 0.02148011174300858 0.4413786033326953 0.8970638401583174
vn -0.046389292376092274 0.6240157210689684 0.7800335976171929
vn 0.21685993474138263 0.2373210555577413 0.9469163032142401
vn 0.2060510777478645 0.8814082838560523 0.42504398655771153
vn 0.7706224650086566 0.574404718852822 0.27604390118890976
vn -0.03424133733401176 0.7403898228571619 0.6713050283046588
vn 0.14616984819976112 0.7278739377086155 0.6699506745140372
vn -0.01602356704812323 -0.3185099701932955 0.9477840704435374
vn 0.3664957171650425 -0.06512038768141072 0.9281380416769393
vn 0.45663214012446784 -0.4148977831817169 0.786985970723904
vn 0.024282018474537082 0.538978785640199 0.8419692703469757
vn 0.025164063654132166 0.512793379539741 0.8581431814100848
vn 0.0742520574674318 -0.4859837032640156 0.870807942156964
vn -0.07424206672356713 0.9043308073000539 0.42032595268035305
vn -0.13287362535827038 0.5820690193244653 0.8022096087848893
vn 0.023924804093488017 0.30276852653792385 0.9527637813682585
vn -0.30983530647437374 0.7310365191973056 0.6079372422066429
vn 0.003214674956243333 0.8251894327053472 0.5648469403443316
vn -0.031362008140304945 0.06759078917476916 0.997220090884725
vn -0.27210074603439366 -0.5079763281792402 0.8172644822926439
vn 0.2791991558873084 0.6330906517553165 0.7219723388135053
vn 0.1392740153769997 -0.4960226328707005 0.8570672647585983
vn -0.1330449781361162 0.8137742382058176 0.5657477556520234
vn -0.21504322897274217 0.24936515664371225 0.9442316603064281
vn -0.21954752359108243 -0.4626406953799193 0.8589310052986839
vn -0.10667201909001878 -0.3610508815994211 0.9264250327142178
vn 0.7933063568599008 0.5454916805893888 0.2703772375283024
vn 0.26364702341964724 -0.4508323575219391 0.8527839306959122
vn -0.8553803038623974 0.029035511711681415 -0.5171861123656681
vn 0.14828259519009196 0.43243051327264315 0.8893908719761238
vn 0.7986182943584473 0.5728008396908296 0.18468356170889952
vn 0.04912587326436995 0.4331803512022465 0.8999674615830904
vn -0.33072399662888724 0.8046244710526795 0.49315423412661835
vn -0.2922401296125406 -0.37403842753830474 0.8801653034338027
vn 0.20746626154390552 -0.20561916239021008 0.9563882634050588
vn 0.10548519195645097 -0.21303019203875656 0.9713346547703531
vn 0.3092996516656278 -0.4047497534583931 0.8605296988221216
vn 0.35752362113107194 0.27045183404620626 0.8938862711745655
vn -0.1458919875982371 -0.03533883187666709 0.9886691534159587
vn -0.02929295336139126 -0.3112526645886335 0.9498756243160696
vn 0.4691529103666267 0.8609887123519578 0.19645351586836401
vn -0.22843127441150232 0.9718714248984168 0.05731567269654782
vn -0.7329851816822269 -0.22978683380314038 -0.6402583341472414
vn -0.19790581715572655 0.6978818188628084 0.6883271420165432
vn -0.10124030272593203 0.7978249252465286 0.5943280152906579
vn -0.6690234767260641 0.10474868219198269 0.7358228735017772
vn -0.22639931641853173 0.16232910652363827 0.9604127293515319
vn 0.0857628151330341 0.10257130523432313 0.9910216278583349
vn -0.5682969564957557 0.23204480380309464 0.7894262335808485
vn -0.4971970435096372 -0.37221433727785064 0.7837420411398679
vn -0.39589188939570075 -0.36332627068317497 0.8433644721839773
vn -0.2630877292682605 -0.34385537455687554 0.9014146260721652
vn -0.2373692159300025 -0.15981818136117498 0.958182657031102
vn 0.23926692940178637 -0.14382484621971695 0.96024254753917
vn 0.7944612866383589 0.4940687535996943 -0.35316756752194556
vn -0.17502069960668712 -0.01702934771663614 0.984417470398373
vn -0.2779349221266697 0.45402582624463744 0.8465298152843268
vn 0.3318367084157248 0.6161452604282479 0.7143174483376586
vn 0.30334010905875314 0.5943284945700891 0.7448210649399462
vn 0.3158461653565718 0.8830116814538259 0.34717656926359
vn 0.34525773022738504 0.7805238802340789 0.5211329696944642
vn 0.8468074183149217 0.43936250007298666 0.2997962471686928
vn -0.14209695469943406 -0.14105401319544694 0.9797511014674113
vn 0.12241381520190199 0.07011280535427933 0.9899995214004235
vn -0.6261619511603089 0.4338918731316164 0.6478109703836855
vn -0.7708861069836377 -0.1202486218686594 0.6255196871388617
vn 0.1292009147894607 -0.19084735965753333 0.9730798574265704
vn -0.3065603579780862 0.11856629757273754 0.9444378116087055
vn -0.1898713886075382 0.8161927361102569 0.5456906388322029
vn 0.022580353897744564 -0.12428426579709163 0.9919896919288681
vn 0.10752565231694496 -0.11405443257802102 0.987638506996928
vn 0.09415961549411582 0.8533417006598065 0.512778615705676
vn -0.4821324068848248 -0.10772913009062737 0.8694496976601708
vn 0.17538130594190657 -0.17119533736650552 0.9695017039645055
vn 0.03530032264383913 0.8460918787788997 0.5318669193375657
vn -0.08165494607474824 -0.28599898328374773 0.9547444953191364
vn -0.16236543149517785 0.03418492667643564 0.986138356136456
vn 0.18310030659328397 -0.24384361423470027 0.952373125157574
vn 0.02498479257939173 0.7037722195001072 0.7099862133870333
vn 0.7712287163755757 0.6152274125741471 0.1634059296812755
vn 0.26782779400905243 0.005384579094326144 0.9634517523281702
vn 0.3315245928475604 -0.08313650033979911 0.9397764450381323
vn -0.1676751821244819 -0.27355757814728693 0.9471279136091981
vn -0.05712573644310503 -0.23572550695407363 0.9701392351652818
vn -0.9978512953263348 0.06219833508168227 0.020595133615067183
vn -0.14873101392861102 0.16725955090952532 0.9746298415938799
vn 0.06586224136937092 0.21372378970364148 0.9746713840451644
vn 0.38970769472057243 0.84373568141327 0.3691043383457609
vn -0.22743325879991608 0.9311975457674606 -0.28486004203522186
vn -0.3708866220384153 -0.3508615422636813 0.8598484120781317
vn 0.10212403614144935 -0.4422927162780951 0.8910375044685406
vn -0.2305069448618029 0.7697787006689064 0.5952371799265969
vn 0.3437665384916527 0.6905314578601358 0.6363889319582975
vn -0.1798350781562632 0.9705821174421123 0.16009277924415086
vn -0.3750078208677753 -0.1599273834144007 0.9131223172840678
vn -0.06189670830113941 -0.3983580164854259 0.915139163298829
vn 0.07831694176616018 0.5795817824187883 0.8111420431223227
vn -0.32711062220973114 0.8158707992712911 0.47681598099684863
vn -0.5291759589227996 0.4985103972176349 -0.6866295859952815
vn 0.000505797890813032 0.9522602168619072 0.3052871165814356
vn -0.06519025779130448 -0.31126315331111676 0.9480851647821115
vn -0.01522397312557444 0.5755370615312861 0.8176339776735091
vn -0.10111493004351534 0.6720556766972281 0.7335645427236281
vn -0.10935707381102693 0.4114926306648359 0.9048286275953157
vn 0.12510635825546862 0.3018672645866778 0.9451055780678743
vn 0.30709790155200933 0.11537221417751628 0.9446587378826967
vn 0.0816935948010997 -0.16445717703827994 0.982995418854571
vn 0.33356492843602825 -0.1950710210044886 0.9223240944926755
vn -0.249803363269516 -0.14131188943907844 0.9579296579615834
vn 0.06993252701205886 -0.16515382287289435 0.9837853711334481
vn -0.25155282205997515 0.6360755678243297 0.7294717607492556
vn 0.2856382699068186 0.4624343392823317 0.8393838577296759
vn -0.57405363003527 0.7464080068968206 0.3366563783498616
vn 0.0386921792313887 0.8764597975831249 0.4799178455599186
vn 0.28996661184221745 0.8602261948876196 -0.4194404101250994
vn 0.2444123824412819 0.8308478741426022 -0.49995439526230306
vn -0.8960756019747268 -0.16243158098212196 0.4131155976785184
vn -0.12592168251568006 -0.15547642168846404 0.9797810021486288
vn 0.28641281173575933 -0.18956241008989683 0.93916654218223
vn -0.2657661668564258 -0.03063176002377934 0.9635507458521777
vn 0.27951100491087977 -0.04027428508127177 0.9592974408883319
vn 0.9139188832995279 0.29855062541863275 -0.2749905431295543
vn 0.630051663574584 0.06056466495219596 0.7741878470927632
vn -0.11695176442983542 0.49483425156524036 0.8610814992058631
vn 0.8150413806983416 0.4198993452384488 0.39923938635568357
vn -0.9937529891347622 0.07372696096385338 0.0837814526775444
vn -0.2271097677350985 0.8902022874184365 0.39491903078263096
vn -0.115355289941563 -0.09205516818590252 0.9890495453175049
vn 0.07089578967419712 0.021664652017109456 0.9972484293592292
vn -0.3220165286654518 0.6895191710244526 0.6487439156215679
vn 0.04612471006113732 0.8528823998524856 0.5200616532139637
vn -0.446350676334711 -0.3501761465073012 0.823497261776166
vn -0.41711966833777225 -0.28959508766498315 0.8614788839467264
vn -0.05953516109887865 -0.2471396251813709 0.9671491975171886
vn -0.2789694742477607 -0.20245583519923205 0.9387159672828141
vn 0.12388522636922011 -0.18089823718224443 0.9756681190198865
vn -0.014068236020886866 0.6422774020942771 0.7663431499623958
vn 0.42501566811129204 0.8977940725363416 -0.11544472780738904
vn 0.1314366505518696 0.4258396945957181 0.8952010731664319
vn 0.9028297223394675 0.07694858442258633 0.42305721577086947
vn 0.3967344387147999 0.8759402636669245 0.27446391315575847
vn 0.1698596388663603 0.970985453430422 -0.1683298913167456
vn 0.30292994987742083 0.7035774727959616 0.6428158252884812
vn -0.30917498555684436 0.9253753948830813 0.2192970744239569
vn -0.5634068392032759 0.2722514069634369 -0.7800332716912806
vn -0.1050388029892456 -0.2611953917821204 0.9595539678300388
vn 0.17434473114259813 -0.036547200743113656 0.9840062077246555
vn 0.22328311174758145 -0.07678971970278672 0.9717242360650908
vn 0.0841803284730968 0.6085027561352806 0.7890741841385566
vn 0.1899062025647656 0.4653797183594846 0.8644983238659731
vn -0.09595428195788329 0.6099808352429628 0.7865851234356296
vn 0.31864766730617283 0.3910812601924651 0.863434486250467
vn 0.11112250591310806 0.1961708263667356 -0.9742529422907499
vn 0.033717256322603785 0.22987329906656118 -0.9726363210379978
vn 0.26487177681117396 -0.1139337087184145 0.9575291389125238
vn 0.36234709428158673 -0.1586584581114683 0.9184400235918415
vn -0.04679451243590356 -0.24273550907874358 0.9689632326554859
vn -0.09187446930591915 -0.3362063601297888 0.937296306030294
vn 0.2531741580269138 0.5742859874300618 0.7785232497163088
vn -0.985498664664595 0.1268058986461175 0.11275037034462737
vn 0.26595664830851523 0.7242528423634076 0.6361799128776591
vn 0.37906449966442657 0.6066225174811802 0.6987984161251033
vn -0.142032254997996 -0.21302075814282417 0.9666690204720747
vn -0.11742579620315752 0.9185190636966808 0.3775366366484545
vn -0.18735932531976096 -0.10297703168324042 0.9768788124232366
vn 0.07036251101350818 0.6262550667292162 0.7764365450182383
vn 0.0486268248292092 0.6366677605352868 0.7696035307884262
vn -0.6162019180761483 0.1730485436860602 -0.7683419796466998
vn 0.5687830430504729 0.7169431279730842 0.40308609649851923
vn -0.20490948236066975 0.9780425829138062 -0.038010657005276706
vn -0.06516088388037007 -0.10252617306195645 -0.9925937955927383
vn 0.061645866364610724 -0.06582997602088356 0.9959247970691595
vn -0.4512451604291245 -0.2887861422897641 0.844381649025303
vn 0.037181062023315996 0.5199254059612824 0.8534020979953201
vn -0.30995952526264425 -0.25237176354424556 0.9166425615606792
vn -0.18833489765606287 -0.27567249117081544 0.9426211561049099
vn 0.07737906630154173 -0.2908737979382476 0.953627240472545
vn -0.5183722727665251 0.7470206762908275 -0.4162334633602425
vn -0.264565672928001 0.553357705872163 0.7898102645952703
vn -0.89164611869553 -0.024227893569798018 0.4520842932334272
vn -0.468721822377017 0.7804255921459816 0.4138064141010409
vn -0.9852471837959652 0.15831287247808398 -0.06500016330639082
vn 0.1903396154382858 0.8961471785417715 0.4008629007359344
vn -0.5007388847829896 0.6180409459817203 0.6060412183641539
vn 0.1758814562233636 -0.13651194620011473 0.974900098421067
vn -0.24971074224979975 -0.09057552396900183 0.9640750072804475
vn 0.3019066942793809 -0.14705480728403264 0.9419274025125037
vn 0.15873280653843488 -0.08955437014999283 0.9832517027269619
vn -0.23401758215850846 0.6918128324483002 0.6831037813543019
vn 0.8595896234416038 0.12791077343957163 -0.4947165989833089
vn 0.8068887949778338 0.4972819972637435 -0.3188119943424356
vn -0.0713422931874834 -0.11861208322447601 0.9903743993641502
vn -0.09432912023940859 -0.024844302718252675 0.9952310172504186
vn 0.015296233903651351 0.9989332978327616 0.04356938959095185
vn -0.19680948044134544 -0.09112361281264125 0.9761979899571497
vn -0.014485932296357347 -0.02098421019627364 0.9996748574851445
vn 0.3474823910362759 0.4804331956195052 0.8052576807870527
vn -0.4797497169540411 0.14915021065550083 -0.8646354282262191
vn 0.25520404661756946 0.39804044567007557 0.881155320134189
vn -0.23331074148696726 0.8754138145467736 0.42333999481205253
vn -0.21142127059166146 0.7854319383344984 0.5817196202514747
vn -0.5212313505770265 0.7764149660156415 0.3542565168385462
vn 0.14550420340196196 -0.11275540679648983 0.9829113617364073
vn -0.194181179188117 -0.2576401821426524 0.9465279743328314
vn -0.13272312731419014 -0.034357281302331094 0.9905574938878882
vn 0.22413942477266594 0.09536618285491612 0.9698797912268619
vn 0.2565446661464392 -0.020012959550668067 0.966325160451613
vn 0.16608697063518266 0.027675193342005935 0.9857226799961085
vn -0.9985194021321885 0.03564134434609416 -0.04109377250606114
vn 0.23540196956976592 0.511049615199188 0.826688698076511
vn 0.37743943914484634 0.9258392172593998 0.01900561923552536
vn -0.17426733562448082 0.8075355956918455 0.5634866080262784
vn -0.1622860612026151 -0.32353154209624946 0.9321966399897414
vn -0.007972690647079764 -0.33298408814688774 0.9428987396559779
vn -0.027005248509023316 -0.3432190505158523 0.9388670831997269
vn -0.018653947335227967 -0.1981555004830581 0.9799930754230477
vn 0.07716274342635096 -0.09245772688889484 0.9927222571119565
vn -0.012600222543309983 -0.09913451332741245 0.9949942626262707
vn -0.006068626349013883 -0.05103751202023101 0.9986782986232456
vn -0.1633046869817676 -0.20224406504899015 0.9656235898952795
vn 0.002793230434595721 0.11029751779718705 0.9938946903125695
vn 0.8309219672730456 0.5463996061561273 0.10495787105082002
vn -0.04422036624255759 0.9989388853739418 -0.012870994415382687
vn -0.9552869937647008 -0.295401073143985 0.012843890741603421
vn -0.2657740482200525 -0.3666536331133203 0.8915880599343667
vn 0.19436151289807405 -0.16665131844247313 0.9666700266199202
vn 0.22173031394555712 -0.14086105163362458 0.9648802164052666
vn 0.22480741633462603 -0.16182255642896 0.960872044442831
vn -0.49023052633222297 -0.2172992643536925 0.844070530680568
vn 0.08757695131044096 0.10453737967257633 0.9906574654492641
vn 0.32928389661362917 -0.021436174386240604 0.9439876089539668
vn -0.19669889059114087 0.4919020878465655 0.8481402492585788
vn -0.40500660789147874 -0.15276094066372284 0.9014620028441424
vn -0.4455549093285058 0.8584526545052555 -0.25404696956694345
vn -0.5557325380759304 -0.328249755536547 -0.7638150588420484
vn -0.8658335589727151 -0.21487493745930353 0.4518417968808355
vn 0.09307465871548201 0.005486317729382187 0.9956440168166376
vn 0.27565264579785775 -0.07442876990619274 0.9583715235100071
vn -0.05604202051886328 -0.25372317277627854 0.9656520302533941
vn -0.18999267533793449 -0.2031255017092297 0.960542978670558
vn -0.12990861234529727 -0.14978902925829257 0.9801464172012146
vn 0.029340491399506622 -0.3451922691341909 0.9380732556119611
vn 0.1335555598619162 -0.23071808017321116 0.9638112262840466
vn -0.07763446244748788 -0.02705574454783676 0.9966147083639955
vn -0.16156928707642654 -0.03438039012389024 0.9862623151314991
vn -0.9775083672598347 -0.036067966353620855 0.20778954194118227
vn -0.9142090747286364 0.21459412369499928 -0.3437602794963171
vn -0.5466918648949135 0.021805076678716052 0.8370499050168734
vn 0.0927256629709587 -0.06117999108740005 0.993810324014166
vn -0.06456144915811873 0.09232600849145081 0.993633598183274
vn -0.10468749808567838 0.5237869754239843 0.8453920582314193
vn 0.023954767914991685 0.34886367140137503 0.9368672840218578
vn -0.013983340010586426 0.04333473645912471 0.9989627454605935
vn 0.0408886612239967 0.30290469396920733 0.9521433000104186
vn 0.144523604115609 0.9844070091960424 0.10027845281583543
vn 0.17378662176915857 0.95718632896256 0.23150063010981486
vn 0.00860561677028602 0.9442093858703332 0.32923331999415145
vn -0.25319812106085204 -0.18759938829050984 0.9490506735703212
vn -0.12301803072234492 -0.11533138452302072 0.9856800879906215
vn 0.255973822271584 -0.06291654852331406 0.9646340810035632
vn 0.35693778802690856 -0.14143636524005543 0.9233586356698785
vn -0.6873742286661522 -0.10375659236716867 0.7188541154545653
vn -0.9668866111228768 0.15470582300303087 -0.20296893742706942
vn -0.28084869143632074 0.018064417579819924 0.959582038877348
vn -0.8550971967868664 0.2941398349826632 -0.4269549642803267
vn -0.21188986829567036 0.8407122735533197 -0.4983026759013559
vn -0.4168405906472691 0.8526245688357303 0.3150797781618502
vn 0.21601724342811116 0.08309115465466804 0.9728475782772316
vn 0.9777653795944803 0.20047793620215815 -0.061509833056065694
vn -0.08137858911094419 -0.009719155730317808 0.9966358729476889
vn 0.19910885025252528 -0.005078464010654418 0.9799642212623939
vn 0.12276738200445061 0.006066429087982903 0.9924169327222777
vn -0.024658993387592632 0.15398399304957586 0.987765591590241
vn 0.00395789708235379 0.11590343349263368 0.9932526008802112
vn -0.497068704019857 0.8665388481798779 0.04509022154647717
vn -0.06462981690647442 0.719449736931055 0.6915309557760023
vn 0.07371286105958769 0.9813844274272275 0.17734435349833594
vn -0.14383717924095435 0.9503128252055273 -0.27607317891800826
vn 0.4291490403964005 0.8981345347223476 0.09584079854592581
vn 0.017714865184039575 -0.12427402641861637 0.9920897892374542
vn 0.009687379959701608 -0.06467253655697193 0.9978595180108287
vn 0.011651731620653267 0.9930440456065979 -0.11716552665149105
vn -0.09750939769945191 0.17837289342516574 0.9791195168371555
vn 0.03846917658203563 0.11011743059014167 0.9931738387278057
vn 0.13161492405714487 0.2026448751816615 0.9703672327155534
vn -0.13123580778753297 0.7972220538592933 0.5892488095827801
vn -0.4238831524889586 -0.3605735034536451 0.8308488560762339
vn 0.4415315695787195 0.26712916828025013 0.8565581594493478
vn 0.023844011461153395 0.6336979208938217 0.7732130419051972
vn 0.060451129656368396 0.993703239292856 0.09433733694648067
vn -0.9478067817885033 0.012183633946928769 -0.31861240317911
vn 0.022816486994571433 0.17060407754328355 0.9850754573365594
vn 0.36806129690979317 0.1253464243102452 0.9213138203835418
vn 0.021909443375283735 0.0928103480763933 0.9954427234054825
vn -0.013215162640469366 -0.21807584732818702 0.9758423460213639
vn -0.32930145619773105 -0.01171018308398888 0.9441522242510438
vn 0.10722230222548813 0.10266826447009993 0.9889199185860116
vn 0.033082843879204446 0.15784013342928946 0.986910339250678
vn 0.10217657653412418 0.23066625442993882 0.9676533605971867
vn 0.24642080053375065 0.41090238691077385 0.87774484760398
vn 0.836720487749883 0.41857342656715946 -0.35312195053752293
vn -0.6646886285082639 -0.43257497302570513 -0.6091534452365952
vn -0.9992325059083091 0.009368616061941469 -0.038034565454134056
vn 0.6204993203804636 0.6744103613477385 0.4001890277283921
vn 0.03921000615531479 0.16317951574243156 0.9858169308037703
vn -0.024167630837643724 -0.13244395145926233 0.9908958196205855
vn -0.05102601740456657 0.19694437171364607 0.9790859308549714
vn 0.510784491726794 0.7967692068837602 0.32289012678188933
vn 0.2601426181762307 0.94312191747343 -0.20699484773698268
vn -0.07858723856984552 0.9961504344803387 -0.038837582553484316
vn -0.3286627045049041 0.17668894249465228 0.9277725175212098
vn -0.008739830124188209 0.1154004048486491 0.9932806058361193
vn -0.15051542573758442 -0.25452777069295085 0.9552804407927079
vn -0.05140174931820132 -0.16328186089223484 0.985239511017802
vn -0.4187372406262565 0.32336080502739184 0.8485852420851695
vn -0.07296766919859864 0.37785525745827603 0.9229848989354396
vn 0.8714517015452073 0.48784770884383744 0.05075967740028951
vn 0.6406827782806879 0.7125473298387279 0.28601028015481905
vn 0.4650164543288601 0.8165151761108733 0.3421442157687965
vn -0.18396447268444077 0.08664302573749744 0.9791067658233125
vn 0.6982016092062193 0.7013215225351832 0.1437450344560744
vn -0.23457906580483967 0.4096520014674409 0.8815655957328691
vn 0.04114323312259372 0.4090188821982841 0.9115979313126408
vn 0.2269021750015323 0.3862660118532932 0.8940436069155271
vn -0.31334993281634294 0.13111834019906896 0.9405422906320772
vn 0.13597165890997107 0.11969115167736816 0.9834560163949457
vn -0.03319276022372158 0.18358606765679497 0.9824430754150824
vn 0.18425315934666042 0.12783668754353528 0.9745299146710021
vn 0.33253407552292424 0.08836828659592609 0.9389420293821202
vn 0.2667071165718208 0.08549509030832442 0.9599780744908274
vn -0.2119666277384601 0.04055929955768042 0.97643488873789
vn -0.14320809058979864 -0.07245660627621482 0.9870367181602504
vn 0.16176252240615605 0.3794215703973793 0.9109731929436696
vn 0.25459429207734807 0.593504177198112 0.7635014984202886
vn 0.282654256416882 0.21204064055513075 0.9354920299406027
vn -0.23841436835379187 0.8028585912460298 0.5464216974323978
vn -0.07917107982067764 0.989245414719648 0.12298556653599493
vn 0.6442789873580532 0.7619059449470782 -0.06636201852853336
vn -0.2703668459962495 0.17386014131539573 0.9469289412874817
vn -0.09489434060780155 0.3092623925579764 0.9462303296079272
vn -0.032008074009584636 0.027427776915183177 0.9991112051476992
vn -0.4354123458931993 0.376372039228193 0.817777584145587
vn -0.24380555323169434 0.664608767146885 0.7062959994541135
vn -0.08123157772333787 0.6370964973193967 0.7664916724165589
vn 0.08133199031658196 0.6524838838418252 0.7534254367074629
vn 0.24660059391512748 0.5663500240932575 0.7864068904137813
vn -0.07466517611326334 0.7726690234823591 0.6304028010937079
vn -0.18829603052784002 0.5858816272979809 0.7882178148723414
vn 0.2526147670449704 0.966563782095075 0.04404809431609849
vn 0.07093898539884956 0.26156631826454435 0.9625750472041714
vn -0.227524976052586 0.18850481090513163 0.9553524593247723
vn -0.36237985972591685 0.3023604162279561 0.8816229443268148
vn 0.2062117298862232 0.8043310032769911 0.557250715230371
vn -0.056167997646306506 0.7916471658271185 0.6083912564117726
vn 0.2856300940609663 0.2665699581524299 0.9205193679534046
vn -0.20031018885556037 0.2384986511768334 0.9502600810449111
vn 0.02364721419343989 0.2787368960535803 0.9600763261529289
vn 0.08326813068747703 0.21479168071570087 0.9731037726302051
vn 0.4676121453783939 0.8685284036522636 0.1643085315614089
vn -0.976216950409104 -0.14019517634854292 0.16536558971729898
vn 0.21989591318668503 0.4682132983391107 0.8558166244133172
vn 0.22976189063224858 0.24329101159028646 0.9423475777506248
vn 0.07472830584613382 0.5899438093855032 0.8039788442944801
vn -0.21132933530623274 0.9662339295029028 -0.14741745322859642
vn -0.320394171802001 0.8832218971427699 0.34244219232278655
vn 0.29553102013614924 0.8623497671046819 0.41111348227927
vn -0.23617725411030419 0.2649059482136612 0.9349038149681163
vn 0.012986260699562737 0.3501949033487974 0.9365868281700152
vn 0.16875657348580683 0.16203820275168918 0.9722473140895437
vn -0.004709156120291819 0.38096889153243274 0.9245758635899946
vn -0.19691382813869604 0.4061314314281745 0.8923464600108335
vn -0.025020804928999198 0.24494273350622617 0.9692146390883719
vn 0.01534081531560154 0.2132875947612838 0.9768690092875294
vn -0.17790040285106573 0.1872856838957937 0.9660618609970655
vn 0.014663461875516056 0.993696851913921 0.11113752463586865
vn 0.0993251256560301 0.6429329423423478 0.7594549039043893
vn -0.10096812654002514 0.5361204853752782 0.8380812983141751
vn 0.1522993314621272 0.37084236846542595 0.916122727251727
vn 0.13255618354750665 0.9908101203556502 -0.02691028807244072
vn 0.0871583346345384 0.5021403945289031 0.8603827339539604
vn -0.16633343647945545 0.8858781204786919 0.4330740624489943
vn -0.13580110546805313 0.9904098547241401 -0.02542399297833372
vn -0.10619791067440813 0.9663029437554532 0.23447947598443672
vn 0.017049233498535613 0.34103230684005326 0.9398969567609335
vn 0.09053232708436362 0.1844414312731756 0.9786650377849371
vn -0.19460225729972025 0.47570146221673093 0.8578100490777184
vn -0.09868058714246748 0.326458107072369 0.9400464063268066
vn -0.17834776902773766 0.32741380682331234 0.9278966927327069
vn -0.11570377178689029 0.5121277263258744 0.8510803893420277
vn -0.4821135162453764 -0.4199926328555617 0.7688775883068594
vn -0.13078061872705588 -0.23447987429522804 0.9632837683236766
vn -0.018526141948719776 0.10767354117101105 -0.9940136772681704
vn -0.5448440292961335 0.366790265641106 -0.7540622552357866
vn 0.7570882034182349 0.5505875876743016 0.3516685378932022
vn -0.30763314560659893 0.8334802971010368 0.45899067753992223
vn -0.5504874682665869 0.23695365994610387 0.8005101562875948
vn -0.3637286926541641 0.32128500744546495 0.8743439724335383
vn -0.06566500488867398 0.30966283902612385 0.9485763191537365
vn -0.09009647530470141 0.4059864795891845 0.9094270743322139
vn -0.13143357074004497 0.40652281415841196 0.9041373889245189
vn -0.11455230611376031 0.586600125254556 0.8017344087759727
vn -0.13540724541714513 0.7182783658894292 0.6824522452038327
vn 0.08996251823761035 0.4342138604737681 0.8963063475647233
vn 0.025543358511264668 0.2626257516204421 0.9645596152761958
vn 0.07665194615466832 0.37659732068025403 0.9232003776034516
vn 0.21076320158809658 0.5904755897706768 0.7790490682500728
vn -0.2099014144210838 0.9638504083428734 -0.16411516249665906
vn -0.487281482951578 0.11226194191093077 0.8659988526383264
vn -0.21605471575557414 0.35980013165744135 0.9076696673675209
vn -0.058492189630639534 0.44205311608850595 0.8950797206442872
vn 0.021598730486950424 0.41456681786010874 0.9097625230634065
vn 0.12409556332312432 0.34663227408008157 0.9297560743171231
vn -0.08061116574828905 0.2264292829337919 0.970686159264049
vn -0.05817586771283328 0.0955142687692461 0.993726618782719
vn -0.1518893487212081 -0.007701272320315921 0.9883675005531574
vn -0.1493062821333567 0.7053845381746462 0.6929215593554986
vn 0.6463678094866371 0.6034789269399438 0.4669280882522065
vn -0.15177537838230093 0.4004724178067591 0.903651524146846
vn 0.16714167936462873 0.41086436415001387 0.8962444606750863
vn -0.2221796001933692 0.42612288970804346 0.8769580994122702
vn -0.028297620920261016 0.29320451291897165 0.9556308692451295
vn -0.1593238428032135 0.2910688290105816 0.9433423821141642
vn -0.0027752413643869914 0.12142046727620534 0.9925972839786523
vn 0.11630841955447659 0.11799097015113266 0.9861797414789731
vn -0.015165943032371579 0.6545404400628656 0.7558748616631256
vn 0.07506333810619223 0.641456443682236 0.7634783075706172
vn 0.6023241317110267 0.7825457996401173 0.15756811804475943
vn -0.14044559428654246 0.4892498567121497 0.8607610660064969
vn -0.2054710566448806 0.4604520079706078 0.8635772074557501
vn -0.1266033029555279 0.16507044103312063 0.9781223610458365
vn 0.2670105389004433 0.19656525270506406 0.9434338734352764
vn 0.04110963454609943 0.49818535664621644 0.866095461465287
vn -0.19371774951085383 0.7035662299225883 0.6837163107875704
vn -0.024783018532699264 0.7290675761611753 0.6839928884008055
vn 0.3407687632167175 0.9278175787182008 0.1517603065272479
vn -0.4320734095170536 0.8921506564509951 -0.13183237456090566
vn -0.22197094729818984 0.3225374521334782 0.9201622088125486
vn -0.33567172092209757 0.8000795733923296 0.49718927182064715
vn -0.01487170899575669 0.5056300519488387 0.8626222132763335
vn -0.11551782525684938 0.15880657231345227 0.9805284823185813
vn 0.17490947239564933 0.19325749482264487 0.9654316222090258
vn 0.23924156742323716 0.2688387308068313 0.9330001121302423
vn 0.317024803948845 0.5225554904702683 0.7914739623389855
vn 0.146577616571431 0.22254865754023995 -0.9638397674651505
vn 0.007774663854992889 0.49092537352172866 0.8711669370645864
vn 0.011543231483278696 0.5531051300312912 0.8330314933662424
vn 0.22389854659123445 0.4121993586462725 0.8831540803087162
vn -0.17278272431759698 0.5358475427483277 0.826446332866187
vn -0.06327486231783612 0.686343558887161 0.7245197105481431
vn -0.1558938574306292 0.33997877029868895 0.9274219864557828
vn -0.4595820084571529 0.4397769762565153 -0.7716090905744734
vn -0.7391904616808407 -0.0418760097469948 -0.6721933212757585
vn 0.058920307056029575 0.641316649228997 0.7650106880548236
vn -0.1814079321741241 0.6424554168195185 0.7445416036351273
vn -0.006928823566023519 0.507660943947791 0.8615290809914826
vn 0.07286363266727741 0.6018009627482311 0.7953153414022831
vn -0.2521528513565691 0.6596451896146276 0.7080163581239023
vn -0.27584217327611094 0.5695590542151234 0.7742826223052446
vn -0.07152497101358135 0.3925175406211081 0.9169591914726974
vn 0.1927670443234329 0.31514904033668634 0.9292588170136851
vn -0.9864078296084358 -0.1319579152766731 -0.09791170656775215
vn -0.43239883489524045 0.76579800018989 -0.4760091075666555
vn -0.06838743188014877 -0.02652801727387378 -0.9973060831361429
vn -0.5837118166409058 -0.1564214826638094 -0.7967514260263544
vn -0.2237115017992904 0.14205088435970514 -0.9642482617123723
vn 0.32941557486827083 0.43125460889270784 0.8399433560324198
vn -0.32750583218057794 0.7800034944250422 0.5332302303624864
vn 0.47847556309240263 -0.4031521432867708 0.7800829987166054
vn -0.6501399054972851 0.3004376604704543 -0.6978934843162109
vn -0.3449660749731506 0.14121493511345368 -0.927931435623625
vn 0.5360267712113669 0.6053478621112596 0.5884124967928913
vn 0.11136399974518438 -0.2816214414270589 0.9530411445941356
vn 0.29155868114340966 -0.014391354476984206 0.9564446791980358
vn 0.24584852601627688 -0.08695599545702219 0.965399998503057
vn 0.4592787322866535 -0.14568984693434645 0.8762633819631009
vn -0.4526553106987702 0.8531345614116614 0.2593541783375234
vn 0.10419405511387435 0.8833168523089402 0.45705025687111583
vn 0.2913227525274073 0.08013844332329333 0.9532622324216848
vn -0.07074685043886933 0.9956524654594744 -0.06058920017173348
vn 0.254568122447862 0.02239689868890649 0.9667954540452127
vn -0.39536229974861825 0.9161509802195832 0.06600025287967261
vn 0.16279024371583095 0.28440971475347565 -0.9447806362880153
vn -0.7904110363459792 -0.005607440476842802 -0.6125511817258815
vn -0.19537729564455622 -0.06637738908462049 0.9784793071725781
vn 0.2038467938935811 0.06404775736728702 0.9769055068918021
vn 0.7774311975559915 0.4899081601062556 0.39444990521986467
vn -0.14152242179419927 0.015150526119478869 0.9898191075584506
vn 0.13590577246500427 0.10434731437906652 0.9852112763222753
vn 0.31038059183799854 -0.029423161468565048 0.9501569163982804
vn 0.38218401582892986 0.5241989240986045 0.7610196226239753
vn 0.423237045786764 0.27172253850701383 0.8643131753832038
vn 0.21065014184846143 0.060817410543435146 0.9756678534798685
vn 0.6699177150041269 -0.38782399045071425 0.633089889000396
vn -0.27855507426880094 0.08136451898352455 -0.9569675468111145
vn 0.3472486321539697 0.4130626336490132 0.8419012104458208
vn -0.11139110294937662 0.12844281880681646 -0.9854412536933294
vn 0.3111026112810632 0.14118223013413309 0.9398312312050799
vn -0.06624769838038701 0.9961677218665236 0.05710615002398342
vn -0.11072941037959251 0.9923735318991803 0.05416429509311738
vn 0.6200653953606132 -0.07976691991755794 0.7804845571586618
vn 0.6601946611458207 -0.5622800773362846 0.4979800438022158
vn 0.2821696636229207 0.6046367610974701 0.7448453987643936
vn 0.2832288872608436 -0.018281056908798096 0.9588780946393978
vn 0.35585759072828016 -0.06789984171289801 0.9320702691409201
vn -0.3645540309231668 0.1913992288132255 -0.9112994533891554
vn 0.18032924913462228 0.39411383887463325 0.9011967842341888
vn -0.8162736086786846 -0.5592954088055816 0.14452003827730947
vn 0.643460591708059 0.33412015108469373 0.6887105281305463
vn 0.26540001878627223 0.509933958851434 0.81824824328461
vn 0.4063617548302976 0.0943260794342761 0.908830410445095
vn 0.5566459865260766 -0.10372638605734764 0.8242487989192906
vn 0.7257421640466876 -0.37918337938566116 0.5740368247094437
vn 0.06317507354968993 0.9214257953548223 0.38338415947548526
vn 0.3986798025515084 0.43680338347648173 0.8063852796405624
vn 0.4751195620141634 -0.1348275411766033 0.869530296155195
vn 0.37219963845138815 -0.5005981809576309 0.7815810197020951
vn 0.550334186303499 -0.5543163990774318 0.6243921949380012
vn 0.6361547726924797 -0.6877387280233128 0.3497464040665112
vn 0.10887753675650215 0.6450231503965573 0.7563668537438277
vn -0.7629180001126368 0.26861313282961696 -0.5880502614365489
vn -0.5193406526620566 0.4330743311079948 -0.7367034072324573
vn 0.4659811687640021 -0.45732316223640845 0.7574411367488739
vn 0.4352296392000263 -0.34040756513897474 0.8334853632535904
vn 0.5248520655265448 0.17040979024002004 0.8339609179709034
vn 0.5032457941148152 0.35073490711245303 0.7897649622758456
vn -0.2977482615368945 0.9507273918122301 0.086390967176385
vn -0.48193108939529095 0.8649235980285153 0.14017701183744594
vn -0.18413661249358942 0.8709139458242148 0.4556342907511266
vn -0.7523455117591977 0.5558123710972043 -0.35362245272478726
vn -0.6123721161647875 0.28682545018656 -0.7367031644218295
vn 0.48428047044018935 -0.36774761287030977 0.7938728608400829
vn 0.49719797943592703 -0.32317670757137423 0.8052024496535998
vn 0.6107892828521658 -0.6132709291747007 0.5008345229535761
vn -0.5850859670112494 0.6839053703132473 -0.43583007659317335
vn -0.7069631069264546 0.6284246264574364 -0.32447750970864836
vn 0.6380373364314321 0.7175741131333333 0.27927719112092464
vn -0.5876399658295642 0.574755309335014 -0.569504701430147
vn -0.7362308794051823 0.6372070847631849 -0.2278842323151721
vn 0.9083769661437807 0.3213765220235717 0.26752274383957225
vn 0.45512218812253435 -0.46102561924533153 0.761786828632535
vn 0.4229170068393335 -0.5258275418781438 0.7380017625510442
vn 0.5456292601787901 -0.40945628030037196 0.7311868878469645
vn 0.6226656188368748 -0.3998455583245785 0.6726150880010038
vn 0.7800136922100157 -0.40077082340322984 0.4805844224208645
vn -0.5278369539701933 0.797909406322357 -0.29108199759822273
vn 0.5806685210136704 0.6225245358472273 0.5246782547161556
vn -0.6759497217631215 0.5781157549838435 -0.45702751283464227
vn 0.43389172137656684 -0.31896296992217393 0.8426153321292619
vn 0.6022304694558483 -0.43449069978982907 0.6697285222051794
vn 0.6071210085512293 -0.37861845837839064 0.6986072887902823
vn 0.35575836254281756 -0.09067772057925502 0.9301685537962481
vn 0.6354012413780692 -0.3790934856966302 0.6727208868153177
vn 0.17070586751958866 0.8076089364762244 0.5644708252143119
vn 0.3866582178757559 0.49183068552612574 0.780126912318788
vn -0.8635189073521813 -0.08601399608020634 -0.49692724731454313
vn 0.9765631950514624 0.20900314257270583 0.05140051036334819
vn -0.34557913868953816 0.9243489475289435 -0.1617222375084255
vn 0.4672335702063946 0.19325884848931335 0.862753619727423
vn -0.2998852970666371 0.1604893501890523 -0.9403786349546392
vn -0.27635135925105914 0.960877063605697 -0.018579420781752655
vn 0.44054874215519974 -0.1864533732451057 0.8781525752345049
vn -0.5819811248900641 0.3316184126662019 -0.7425141067026568
vn 0.9127053438080798 -0.20119228166482803 0.3556551998532785
vn 0.9426908314406505 0.3039416100732851 0.13767168911506092
vn -0.4201063911282494 0.896651349732766 -0.13973896076473266
vn 0.4257257691689829 -0.21335237591190073 0.8793397143074029
vn 0.5847679665099141 -0.4266488023239316 0.6899400153777242
vn 0.5385218917316207 -0.35312817188881185 0.7650455322033207
vn 0.7573156608063856 0.3712557614458363 0.5372542689366552
vn 0.8758918461852409 0.23458827827723902 0.4216418070840832
vn 0.28824648937630615 -0.07940849719281624 0.9542579588013996
vn 0.6472521347433956 -0.33127854301446397 0.686526912078712
vn 0.7316047776701822 -0.32147696579470175 0.6011713647152492
vn -0.8547208187642258 0.07285360675190157 -0.5139500695147833
vn -0.8369873344674592 -0.057835510925295014 -0.5441573812942977
vn 0.44194556053911804 -0.0821431425387323 0.8932729849567971
vn 0.7914304308683695 -0.2601582096470768 0.5531325149082584
vn -0.6905042409747176 0.22022941587012765 -0.6889868631414037
vn 0.6214103512493585 0.2888021206573311 0.7283148429518495
vn 0.3847053051658094 -0.0692310874059481 0.920439506276144
vn 0.5794374406935922 -0.14437022818797798 0.8021281004524222
vn 0.8385397315119008 -0.08565382091230525 0.5380655551501807
vn 0.5806087577681344 0.2539688617353865 0.7735588456425122
vn 0.4323807398971846 0.524296220504028 0.7335941445589345
vn 0.5610441606215134 0.2199175569185922 0.7980386694837909
vn 0.31537512039254206 -0.3268674862968579 0.8908962789457385
vn 0.39501080681001444 -0.21165031297881323 0.8939634262760819
vn 0.5889628837186011 -0.23195966752400837 0.774155949563149
vn 0.5737313145425593 -0.16234991489582154 0.8027919306062975
vn 0.7406600622269878 0.38413287936313023 0.551239152468423
vn -0.41273534875051726 0.5786550348605484 -0.7034258187771663
vn 0.6942919361757697 -0.15048279916934038 0.7037852190231484
vn -0.6989174054600376 0.0713521303212417 -0.7116342697226083
vn 0.17401379079378818 0.7181840460701393 0.6737439250812579
vn 0.49857716259459667 0.4484771689083831 0.7418146951274576
vn 0.4322724890800465 0.4415662268570636 0.786231367018486
vn 0.44979929319739237 -0.21742137860450464 0.8662612423309973
vn 0.4746066136236098 -0.16125231750322744 0.8653012495105782
vn 0.5479457433423292 -0.1281273240518599 0.8266431220208224
vn 0.8054970002476446 -0.23526167635954734 0.5438993714176746
vn 0.5573874565152809 0.08463565896241215 0.8259273748650204
vn 0.9173804711187815 0.013390462502137308 0.39778608161153794
vn -0.7497189932077098 0.2097882863872823 -0.6276227418746914
vn 0.4351316276541913 0.6553632109930051 0.6173811855668685
vn 0.8780955762237367 0.4479144830937935 0.16828777392051844
vn -0.7258231292315058 0.12714627229231426 -0.6760285574698406
vn 0.545714518595993 -0.027051017648357555 0.8375344211659196
vn 0.7244551922750065 -0.1865887878469059 0.6635881995903826
vn 0.6039736472714333 0.35687570926151463 0.7126398540221652
vn 0.7613826601942664 0.12178179345685272 0.6367618389460339
vn 0.21201297633150518 0.646458813208406 0.732899379650601
vn 0.39892137703266306 -0.11629997892856303 0.9095801503152868
vn 0.5134777060554494 -0.2408225104591807 0.8236171221145001
vn 0.5023373047576456 -0.08355858008329188 0.8606248868951493
vn 0.7072953172244429 -0.01752453847562161 0.706700944377175
vn 0.8603557013174125 -0.11633975351155973 0.4962389837200345
vn 0.6643471293170394 0.46686768785209654 0.583675812251841
vn -0.11609408180445835 0.8253553982194958 0.5525492112019683
vn 0.7066267529384349 0.40493293168061917 0.5802654158850267
vn 0.574951100863022 0.0003998537344181435 0.8181876751292396
vn 0.5734569778878681 0.013385420214719878 0.8191263181203425
vn 0.5875422540023069 -0.037324396413551744 0.8083322269922515
vn 0.4842145702542758 0.29211216650248045 0.8247464653665962
vn 0.5361390470234648 0.3302775254036678 0.7768343957820101
vn -0.05655251951291401 0.8813049916963656 0.46915170696461334
vn -0.5750356217280422 0.7807580039565536 -0.24444012150549724
vn 0.8584511925253704 0.3051185312057601 -0.41226718516831923
vn 0.693013827083768 -0.2543098887672745 0.6745801034316724
vn 0.812745839895322 -0.1139623751939733 0.5713639617380462
vn 0.18095055587565056 0.6055263137575808 0.7749805027711657
vn 0.8394405286026847 0.3093792184704676 0.4467931267576169
vn 0.813636159153347 -0.03115250249755983 -0.5805391650064007
vn 0.6708150478658992 0.37388935602656065 0.6404794462016055
vn -0.38540242288445853 0.7843640988568058 -0.4860431388872183
vn -0.759247402575609 0.5689191491893846 -0.31602908626868176
vn -0.9270468112949345 0.3194605211087681 -0.19628852518883624
vn -0.46872575397430505 0.5303811902278066 -0.7063936300772783
vn 0.4879689706987123 -0.20632854839327858 0.8481242914532997
vn 0.5241778726789317 0.019610899622719242 0.8513829751702681
vn 0.6732014227241717 0.39080559816467214 -0.6277506104220879
vn 0.6477321483564702 0.4235347442868812 0.6332940741609366
vn -0.6815718873439252 0.18461960455322116 -0.7080786425228852
vn 0.2862012023451841 0.2774027810894553 0.9171349785173426
vn 0.41535597455326584 -0.09932809779307729 0.9042197428676924
vn 0.5213022122769984 -0.09930983152835605 0.8475739264730344
vn 0.7438176219690212 -0.039136655983015245 0.6672358409189492
vn 0.8334082413567345 -0.03333321361311496 0.5516517018091192
vn -0.4403210378561381 0.7894939734593763 0.4275706368456784
vn 0.5466072988628307 0.3179912078729252 0.7746625410754017
vn -0.9697101175509029 0.12815793906556042 -0.2079370832099999
vn -0.011438751246295625 0.616294469946715 0.7874327154005115
vn -0.5242088209274685 0.5261906235407394 -0.6695734013232912
vn -0.581179484511622 0.5158929719332835 -0.6293527216852641
vn 0.5432554527980953 -0.2348376142094588 0.8060550899023875
vn 0.6424964836064891 -0.18739103017716613 0.7430227926264691
vn 0.6122281862679069 -0.1306669260540962 0.7798094654302951
vn 0.8637930451917265 0.02495384582175108 0.503228457717872
vn 0.6116066675787675 0.36143310706161724 0.7037779431702735
vn -0.8467892422284977 0.4566966785188842 -0.27271986190210906
vn -0.028710932268591578 0.778195020184387 0.6273660756914496
vn -0.17993882410319623 0.983466906052689 0.020368217386657138
vn 0.3595222804123397 0.5571504967949474 0.7485499674759556
vn 0.46460824398944683 0.4721271046396967 0.7491563099124104
vn -0.5906823431274084 0.7397490674273005 -0.32228199881152797
vn 0.48444035749257297 0.3462823759458899 0.803371679947543
vn 0.42346814568629526 -0.1458207546994273 0.8940978901037068
vn 0.5408800829655235 -0.2701663054164986 0.7965292858827022
vn 0.9362663571381024 -0.0007516345281947261 0.35129011306452046
vn -0.8962233810972413 0.16548845074879268 -0.41157893999012296
vn -0.2908658999986038 0.9553982344158862 0.051100312063718546
vn -0.9728204623860551 -0.05957489764086852 -0.2237659034215487
vn -0.4325464546341363 0.9003641202059729 -0.04741324318334944
vn 0.43418332006412386 -0.2176786770061205 0.8741286164832722
vn 0.6087459349699181 -0.17568889604367252 0.7736677571571378
vn 0.7183280589479175 -0.06666231316869849 0.6925033831910973
vn -0.9765002157674895 -0.16043137815499522 0.14390657215476818
vn 0.6841037556555181 0.4064572737863902 0.6056356463123276
vn -0.5326827856622023 0.22607231731429747 -0.8155613754974544
vn -0.9587784933081056 0.26072471445174655 0.11298860138922791
vn 0.6877721416680842 0.3839594776867604 0.6160719119062376
vn 0.3387019423019347 -0.0876404110229724 0.9368031557571853
vn 0.44925753943725855 -0.16963224992274534 0.8771502511228776
vn 0.8790074827127461 -0.01611172686166161 0.4765356834409534
vn 0.566942820187425 0.696693557742769 0.4395383091809545
vn 0.5752987008172795 0.4938479282876352 0.6520319229638692
vn -0.9008618607640566 -0.04778181602910164 -0.4314681979910948
vn 0.6497343826296693 -0.25381765197516304 0.7165345990073736
vn 0.5848071570488388 -0.18203085828374757 0.7904842539209348
vn 0.806877708208835 -0.039485657373832216 0.589397359051951
vn 0.9299018855465033 0.26828829234698137 0.2516026141489763
vn 0.814930206297633 0.4367231106468383 0.3810008969682969
vn 0.6424915093705901 0.43635101111801516 0.6299225789594993
vn -0.7686521808362754 0.21258365511776878 -0.6033092196149561
vn 0.32619218126154587 0.40831406103467394 0.8525715737961286
vn -0.6491434241511689 0.6458985951004833 -0.4017808105528657
vn 0.827118828385804 0.2934615740063453 -0.4793273915722045
vn 0.42720076276890506 0.607188721875119 0.6699413140845435
vn 0.498923432407986 0.4869436433462698 0.7169109406327222
vn -0.9648129013500646 0.26271121520751467 0.01090333860162253
vn -0.8678309790433373 -0.015369615749151539 -0.496621754179583
vn 0.4618034375790258 0.362121499419648 0.8096947602018063
vn 0.28573491784966665 0.03348430000491666 0.9577235291954693
vn 0.3994517622886415 0.12592682215309664 0.9080642736430725
vn 0.503636224608052 0.08328625690839235 0.8598918261460199
vn 0.6228775031916086 -0.04360414499875552 0.781103254734427
vn 0.6308450212869242 -0.05773070131956878 0.7737581826660388
vn -0.6974300401064376 0.15626513995873154 -0.6994087111201941
vn -0.9872940797834356 0.15360299806271469 -0.040700356395549704
vn 0.3797883775680247 0.5864422096741524 0.7154343596562476
vn -0.7580369753436323 0.525636063033221 -0.38611743453360525
vn 0.2747572549503808 0.19792542762108337 0.9409218755843349
vn 0.6345724976160173 0.08633780109406824 0.7680257348368026
vn 0.9420733595239646 0.03436880801788775 0.33364137979372455
vn 0.9842108674215189 0.07599057840268662 0.15985743787327006
vn -0.7618928006555794 0.04149900911406932 -0.64637233275547
vn -0.7740656017897216 0.3029762048219856 -0.5559027463842773
vn 0.46120797592139373 0.4772574823830436 0.7480056807644511
vn 0.7816243183770766 0.26426064813742783 -0.5650041900442483
vn -0.641068146131934 0.23988941745519568 -0.7290299715429897
vn 0.4225220180166116 0.10348101647086085 0.9004259122889166
vn 0.262598699989749 0.7078543314991673 0.655731780640195
vn 0.3443923999150388 0.5497114713320895 0.7610592441897472
vn -0.5628731190870939 0.4067228958704676 -0.7195487042472574
vn 0.40194208388954566 0.2710806801071151 0.8746186746641037
vn -0.9311116231673108 0.3540719834736525 0.08754527812377616
vn -0.5784510512354737 -0.08592852626202915 -0.811178568318352
vn 0.5079439780229075 0.4577285168419846 0.7297105728026017
vn 0.9115884664358018 0.3940452762802608 0.11719551229648698
vn 0.513487924771866 0.41205771718547174 0.7526875771669015
vn 0.3377383474871936 0.2369017323596103 0.9109392832904041
vn 0.540294364496589 0.05489092359180974 0.8396838608669723
vn 0.6169908795802697 -0.03005057845763038 0.7863963487002766
vn 0.741830501610861 -0.02029054609088211 0.670280389552844
vn -0.6028277955085796 -0.2312603636934448 0.7636211712273578
vn 0.5155279320470136 0.3874539344943833 0.7642711560200031
vn 0.2735940355398559 0.881849107002757 0.3840422583459483
vn -0.8318513429356089 0.2332849090270948 -0.5035886163094276
vn -0.7825068785697045 0.38907383864115386 -0.4861116467192851
vn 0.7281705928705478 0.4918077504223607 0.4773811101238211
vn 0.8286840238306996 0.0461792107230274 0.5578084520198299
vn -0.9579969309467947 0.2859569002047796 -0.021691738560937705
vn -0.7083255501973422 0.0987730900405802 -0.6989411932498096
vn 0.9444416729530969 0.0865103132048691 -0.31708972247417755
vn 0.8334714338889015 0.3270569239629628 0.44537527701822777
vn 0.45855613217338803 -0.02834819928132308 0.8882131800664123
vn 0.5266696167195304 0.134802011895434 0.8393137270493354
vn 0.7619917303957564 0.3437557561237258 0.5488174404483576
vn 0.6142767016804155 0.45681627495189764 0.6434151262689604
vn -0.45120240354882446 0.8923347673539556 -0.012452068226833113
vn 0.30579426469955884 0.15064485272071404 0.9401042474245134
vn 0.5689987542205444 0.19954394831035288 0.7977610108222787
vn 0.7631536254569645 -0.024781949386196427 0.6457417432197728
vn 0.7744427157992806 -0.031207576357285594 0.6318738538057568
vn 0.8742552434022839 0.4388212355165222 -0.20763836987263765
vn 0.36628925598480827 0.46228096219652187 0.8075447312321179
vn 0.2434383167564309 0.7726155847594226 0.5863471191381869
vn 0.7042615353491845 0.29188178187486924 0.6471635923297606
vn 0.30251598278472686 0.5655196266585278 0.7672493936288188
vn -0.8318079507857907 0.3919081730332548 -0.3930693538286595
vn 0.47717474685435174 0.21026570294839822 0.8532834201647781
vn 0.5631039622141494 0.11123107771101709 0.8188660300012277
vn 0.6121916706318058 0.09096882691817532 0.7854591211120853
vn -0.2332110866950971 0.9723033420980117 -0.01545315461414612
vn -0.9295159880185285 -0.3144509933253694 0.19266707247121187
vn -0.4275630708589001 0.18912937894128587 -0.8839795803405137
vn -0.9837542619099445 -0.10678469490828124 0.14430724551236357
vn -0.9842826219471341 0.10915571591340081 0.13882632969400244
vn -0.9866528960335678 0.1628364017460942 0.0006074660140997654
vn 0.6319503755961956 0.04173800586227363 0.7738841396814307
vn 0.7589974248226312 0.2011010252134328 0.6192586590195736
vn 0.5295463342109844 0.3468295528682626 0.7741381925605463
vn 0.8255467956243031 0.2344608795086837 0.5133230797601639
vn -0.744210924472081 0.6269189770060788 -0.23048361366062967
vn 0.5642493764840266 0.36459900766313286 0.7407362585620106
vn -0.7915208418943709 0.15936787199967706 -0.5899971510279698
vn 0.2032639413862792 0.45285735064543625 0.8681036747408177
vn 0.563022764543602 0.5054538115918964 0.6538515205709194
vn 0.5739187196694835 0.44197561612533104 0.6894018116915379
vn -0.9420117870698392 -0.04916162987127072 -0.3319592251615972
vn -0.7455602135191426 0.16875483811060732 -0.6447183669103534
vn -0.7912469104683967 0.017901502940977962 -0.6112347035850231
vn 0.6122374939178202 0.30116125486340656 0.7310726021472322
vn -0.5117256178308254 0.8554068511089132 0.08010000706363042
vn -0.6158691230793718 0.7668647265844489 0.18062035975494034
vn -0.5887708556392561 0.7792654881074423 0.2146955486135839
vn 0.9566718237764552 0.1674157002098388 0.2382246941764863
vn -0.38401175902677387 0.8880040108752001 0.2529502828595387
vn -0.48777334965211533 0.7802646492931038 0.3914897654251834
vn -0.8092832629788221 0.5529771761653379 0.19818386135747607
vn 0.7705149922920969 -0.3522251239074066 0.5312665138530019
vn -0.5379059895996214 0.8258714726914648 0.16909599920543042
vn -0.6091384572642532 0.6765181432340134 0.41385207714463457
vn 0.48097460356216315 -0.22268452162307165 -0.8479829211474271
vn 0.5864423027453572 0.8084473014063461 -0.04998386139064655
vn 0.27672633968325294 0.9542239470495869 -0.11348652696516927
vn 0.4245176895547328 0.9021868254626129 0.07644385663220098
vn 0.8546300318105704 0.360328886323482 0.3738590675753934
vn -0.9563208237267437 0.2823337315841417 0.07575055192126538
vn -0.12262354551315639 0.13243424638136186 -0.9835774684645757
vn -0.4700069600913745 0.7911705390411954 0.39133442938096963
vn -0.42757801722969024 0.6898098070509563 0.5842426458914559
vn -0.687813377190069 0.6609284891585716 0.30014378283909143
vn -0.776197337368906 0.6096698926482683 -0.16068701086170512
vn -0.9430442537205739 0.3155385850306747 0.10537047442925224
vn 0.9128949868847459 0.379855461246256 0.14944086282571337
vn 0.9036427298742404 -0.04799387980880043 -0.42558947854279605
vn -0.23892056129392214 0.849904749368431 0.46965826128365057
vn -0.560116384237989 0.8276666609832621 -0.03517860720635967
vn 0.9306350581645892 -0.31031445514478323 -0.19396733602126967
vn -0.7295493062651923 0.6455334603638082 0.22592999198580146
vn -0.6901860035660053 0.6738039787003373 0.2638777724045382
vn -0.5598548879894959 0.7281580880017 -0.3954090328659393
vn -0.5455400309255845 0.7275260488909743 0.416043174253346
vn 0.6019073676883908 0.20999914271618117 -0.7704595257253305
vn -0.5069274325161519 0.8507391901141337 0.13880709119684792
vn -0.2814916502989643 0.9588778445071698 -0.03627299443455943
vn -0.1833669753077911 0.4829891559454722 0.8562114386093848
vn 0.750627832441619 0.6418959954238136 0.15661222245683207
vn 0.6629964092342547 -0.42288543837007586 -0.617740776828787
vn 0.43455635368591566 0.3152767265989417 -0.8436595054500706
vn -0.6639615893132546 0.6880460911518651 0.2928268846387853
vn 0.7697189047853887 -0.343095211065829 -0.5383479207349795
vn -0.08352759121366861 0.572110613299002 -0.8159121200574742
vn -0.9335041990078882 0.08893794381660265 -0.34736141493308664
vn 0.7513760786057356 -0.6189996767907965 0.22863374342374898
vn 0.8156997708599187 -0.5724288003634382 -0.08342153399183552
vn -0.28359945054517083 0.8038591347729146 0.5228592956930366
vn 0.6048672609279168 0.777616620425168 -0.17160416165145764
vn -0.6113260068100308 0.6377134781870388 0.4686171498529382
vn -0.7092169467964163 0.661667269422936 0.24332642057771928
vn -0.5017014928559623 0.8046242302916247 0.3176089735723937
vn -0.20467177723059013 0.9083185568811807 0.36478330941883974
vn 0.6185343968135018 0.6562540822428451 -0.4321409255071296
vn -0.04323570680274197 0.3018343577567206 -0.9523794906101535
vn -0.9668708454383742 -0.16428799594216614 -0.19537201086795997
vn -0.9966044700390375 0.06056063473731999 0.05578476331779193
vn 0.99189540101089 0.1111457686921136 0.0615640443382721
vn -0.9954691832930507 0.07691764343524664 -0.05589974277431942
vn 0.19448436277628145 0.8908777129129715 -0.41050302467881655
vn 0.41809326470137087 0.88159177705812 0.21907523966631992
vn -0.8210514653463518 0.5469374829557357 0.16350498766292354
vn 0.8305056191174638 0.45760947834065957 0.3175751595246514
vn -0.3928350096880537 0.47078128337555436 -0.7899655931663434
vn 0.7800495523847674 -0.6238009368149127 0.048939626614445765
vn 0.7773455942838802 -0.4599929341526226 -0.42911575079120806
vn 0.562019823674142 -0.35775644688466984 -0.7457506570628971
vn -0.9991011987009397 0.030136381821430316 0.029809281189900755
vn 0.7870876070506911 -0.5459874968740352 0.2870378931159475
vn 0.8489923271493738 -0.47340431390577326 -0.23473470986817171
vn 0.6761817172269271 -0.42391851558188015 -0.6025540452398433
vn -0.26201975612634976 0.8915566557079876 -0.3694216791990925
vn 0.8491776148804346 -0.21092200802840405 -0.4841583262892854
vn -0.7766955537241373 -0.03861266624097066 -0.6286915609668378
vn 0.9250208613409815 -0.3158446675184004 0.21113633530062953
vn -0.033283281359958845 0.9298813478922343 -0.36635079094228146
vn -0.9566643054715044 -0.1185169946392886 -0.2659833239479404
vn 0.8986893606167475 -0.4372711930301989 0.033931355118943365
vn 0.9594055740824182 -0.28178716372983015 0.011702084287997168
vn 0.7554647980701183 -0.2516199330781118 -0.6049465663632134
vn 0.7055198837333038 -0.19573457016537443 -0.6811238299304477
vn -0.11502228138084548 0.5745865555400165 0.8103210258771553
vn -0.7119009080759329 -0.6179331725418377 0.33370000202733235
vn -0.9583574845815589 0.26300750003031154 0.1112564005993032
vn 0.8258247885669462 -0.26491555352265506 -0.4978284524714753
vn 0.8125066804673107 -0.4022592294399409 -0.42192464555460185
vn 0.8197596798515353 -0.31428269501742734 -0.47876973056187594
vn 0.9279930417585854 -0.3363612033218706 -0.16028117589882954
vn 0.8699444495336991 -0.2917437310751801 -0.39759558612218304
vn 0.7656106498584851 -0.10897887897049183 -0.6340062592448145
vn -0.16209904392254476 0.8629422658366463 -0.47859643311678757
vn 0.016198708485172266 0.9959048046985058 0.0889450494510135
vn 0.9841588588818182 -0.10507140507638721 0.14279825040843863
vn 0.921323229413918 -0.1296939597514848 -0.36652828505626844
vn 0.8052127370046455 -0.07608036118795847 -0.5880852207010455
vn 0.8365391325533839 -0.2968178534243608 -0.46054472268758745
vn 0.7542293093458278 -0.26449162366537793 -0.6009844672989209
vn -0.020537950420249168 0.8360052671142412 -0.5483369273993698
vn -0.935067095922189 0.3084858708986967 0.17460238709569992
vn 0.9906844761441518 -0.04348933382315588 -0.12904629622970865
vn 0.7579138686500934 -0.3511033028333871 -0.5498118209417983
vn 0.6784740497225101 -0.24322045145835627 -0.693193173542217
vn -0.9916238532613225 -0.05435948071767279 -0.11716305091312816
vn 0.6809143608277519 0.7317293874484043 -0.030458771526724975
vn 0.6789633068831712 0.7315998331274934 0.061404495552786924
vn 0.9300767531517626 0.10129483947025031 -0.35312404158223415
vn 0.6906760903051815 -0.22762089080857836 -0.6864075089538706
vn -0.9649002550913955 0.0476896374562912 0.2582502588650151
vn -0.9940576238408463 -0.10253959486518135 0.036538636657314286
vn 0.8994178295352987 0.2647790455577171 0.3477637487541746
vn -0.785514534333356 -0.5744565587973881 0.2301446901532029
vn -0.4852340057084286 0.8743745040365463 -0.004145647717361024
vn 0.957845363490926 0.12638559879423505 0.2579901937213094
vn 0.9470141470128516 0.19354221676990785 -0.2563310665629727
vn 0.8867410979774083 -0.23026724997084297 -0.40083315575022677
vn 0.7484322213462898 -0.21400716456728783 -0.6277341344586321
vn -0.8476637176620203 0.4818386201148344 0.2220310021713971
vn -0.320174658084094 0.8019599693326583 0.504329650039233
vn 0.8146135827881036 -0.23348168307024203 -0.5309340961059259
vn 0.6430410460192073 -0.125435398411331 -0.7554893605868414
vn -0.8108126386250442 0.12674366042413995 -0.5714183315121976
vn -0.9576205613692401 0.2513194873208176 -0.14071736117360445
vn -0.3550431447138007 0.8845306792902448 -0.30257204561240175
vn -0.6839697140594176 -0.01969939759170677 -0.7292443787812165
vn 0.9917091204889911 0.12236538254306378 0.03923943799344499
vn 0.8487069440995142 -0.14025782118037677 -0.5099257461974218
vn 0.7351592524258717 -0.051163952196221926 -0.6759608890818286
vn -0.9635222262015093 0.26586952338178 0.030631946598815414
vn -0.9789345184864973 0.2025437362316343 0.025753512943671668
vn 0.2820857420024986 0.9430110927749824 0.17651547541854035
vn -0.6425865386968279 0.6866828706482182 0.33992524978876215
vn 0.8732766524046922 0.3969102317974348 0.2825776995082253
vn 0.9072433355921627 0.3894329656918827 0.15890719069957568
vn -0.9772121472830312 -0.14118008844472463 -0.15850741884601866
vn 0.6830647045168807 -0.15390843518361372 -0.7139571436876291
vn -0.7123925350053063 0.42909829104591873 -0.5553121038570882
vn 0.26991496874049054 0.9098638953691492 -0.315108872540108
vn -0.6148145255352835 -0.3592942161731804 0.7020760396248573
vn 0.7244340827988239 0.6878086078476899 -0.04598454794873341
vn 0.3564174420499427 0.6908668108937772 -0.6290227790851756
vn 0.6459725153015161 -0.12957452006301148 -0.7522831602697703
vn 0.1517357540720569 0.8747508842026706 -0.4602033806077812
vn 0.650892503334816 0.6516968488162377 0.3893971832788758
vn -0.3118949297118203 0.6687292822365394 0.6749242178937289
vn -0.8953816386508449 -0.049046254043889355 -0.44259031409554145
vn -0.9883020886859722 -0.14483689863435506 -0.04776247787674208
vn 0.9191513987294594 0.2293612536219224 -0.3202407243788002
vn 0.8792288849474515 0.4646084977937245 0.10533523461748032
vn -0.9992379170648478 0.028005432746694457 -0.02718971931769055
vn -0.43643775222164116 0.848220397644732 0.30007373336420834
vn 0.7528992898720065 0.05371322515472663 -0.6559402021173164
vn 0.6522548899723369 -0.18406307269967934 -0.7353124123632943
vn -0.6992537883427006 0.7136773266211469 -0.04133779088527447
vn -0.9431935439021419 -0.3321307216196334 -0.008667323562649328
vn -0.4931147518470854 -0.5438692344558282 0.6790022807938267
vn -0.9622343451139483 0.2306849495364203 0.1445320695918732
vn -0.32352951074429387 0.8543822561235609 0.4066443361203643
vn 0.9250347668016158 -0.13516728932958655 -0.3550218079267418
vn 0.9150521542230308 -0.13129322452605802 -0.3813681216952208
vn 0.7538064468007728 -0.06879334860067804 -0.6534855131905368
vn 0.6896227304863108 -0.1462612682541792 -0.7092447609995326
vn -0.5023793041369771 0.7309903539303494 -0.46180963311263784
vn -0.9213240456507015 0.22807562391203992 -0.3148706284856651
vn -0.9019583181409517 -0.08740674022372925 -0.42288444532733416
vn 0.9626577461363985 -0.026891736326461153 -0.2693824387760596
vn 0.9083929243833696 -0.05030424178319915 -0.41508044785179576
vn 0.4586641079739482 0.42802524226147154 -0.7787307802080712
vn -0.3621258576156854 0.11057873551348486 -0.9255469769268025
vn -0.8947599128394298 0.012222316664329895 -0.44638023405044813
vn 0.9298531647247639 0.06507103151097081 -0.36213098860693976
vn -0.9494037345363983 -0.055369568920007876 -0.30913873857210544
vn 0.9786321991521088 0.17224714011714798 0.11229399585094153
vn -0.5664767410330008 0.7808629812716048 0.263357373825477
vn 0.9810687926437559 0.046824635127001135 -0.18791348447023767
vn 0.992467222818057 0.05465537482438874 -0.10964306469001454
vn 0.8272042129008464 0.0013556279161932446 -0.5618997708061857
vn 0.9365595658178538 0.3311455998037179 -0.1148859060359842
vn -0.9539970691224363 0.03140243641622869 -0.2981668645120149
vn 0.9599591557155462 0.18890456268341344 -0.2068658636780946
vn 0.9165570083767153 0.18230836712430767 0.35593104623226446
vn 0.8756659873411238 0.4807814804186596 -0.04536790385654943
vn -0.9228676896773746 0.0809625512044088 -0.3765106806612774
vn 0.8174609361605585 -0.06586832312335708 -0.5722053668574074
vn 0.7869027594618043 -0.1162512506593758 -0.6060277995863957
vn -0.9959696808720783 -0.034285885209961564 -0.0828786634722103
vn -0.9987824689466288 0.010016846013157553 -0.04830364914605536
vn 0.9604760083990604 0.031424348114194894 -0.2765833466342574
vn 0.8005064692502851 -0.24763688019268482 -0.54577043549177
vn 0.7022970266470667 -0.1532608967989806 -0.6951906097431563
vn -0.9771183604045303 -0.17707989923511597 0.11782367778695288
vn -0.19753482590843688 0.9605062752786251 -0.19597879401533655
vn -0.996342849463156 -0.0793416513244223 0.03171480236029586
vn -0.9744797791853679 0.17888273217239828 0.13561020643511568
vn 0.8732378232886002 0.14306313627552852 0.4658203978114279
vn -0.6563509972331907 -0.2180605313372728 0.7222554763405413
vn -0.9866581181081665 -0.13022172734158374 -0.09771417348279317
vn 0.9310488474870099 0.3638380359608787 0.027747561717035723
vn 0.23064851154995517 0.8009395081356334 0.5525370290100382
vn -0.9810993131900132 0.12522091259206172 -0.147525796753299
vn -0.8967410746970723 0.22459914595490976 -0.3813275083015451
vn -0.6133172269083412 0.634304532806763 -0.47063758757483054
vn 0.9917052559660802 0.1263946854104898 0.023346708316904753
vn 0.8865483819762003 -0.10568045995896738 -0.4504038263583496
vn 0.7122464552400251 -0.1318050569190274 -0.6894435538668782
vn -0.47269195062901315 0.7379393895979438 -0.48167185623653863
vn -0.7507649525884145 0.38227047896509303 -0.5387218826785433
vn -0.46316630199657327 0.8013916561955327 0.3784816905412998
vn -0.9977366434449078 0.0658056979054625 0.013827525102639425
vn 0.9961291391079572 0.08727966547071322 -0.010440221039817982
vn 0.9742024518031211 0.03884841114805088 -0.22230695862266506
vn -0.532339885136191 0.8445075288848902 -0.05849171180537863
vn 0.6664612125780001 0.7364251696504583 0.11622143362717283
vn 0.35264336384565764 0.9119013792278604 0.20994888067799966
vn 0.646488773912217 0.6479660289794631 0.402731039893952
vn 0.7165004733232727 0.6000944097277202 0.35568774387243857
vn 0.2008028997949761 0.9125155722776327 0.3563615099653065
vn -0.14962712763957423 0.8733723838275954 0.4635001637989289
vn -0.260326565426172 0.9601894823329761 0.10132244248213086
vn 0.09442923893007538 0.995419427123683 0.014942655046727671
vn 0.50028453139895 0.8444975503483059 0.19115249174060955
vn -0.04558556886021918 0.6975798450211161 0.7150554633956765
vn -0.19617393546383913 0.9391102247924162 0.28211304956518224
vn -0.2069053050113803 0.9781103905652289 -0.02214178462733435
vn -0.08386555881224554 0.9518310094537612 0.2949310046220026
vn 0.5086808632541594 0.7223643456800447 0.4684373292653396
vn -0.09514706114306593 0.9116763448652447 0.3997415151932372
vn 0.24459476570568853 0.9440387163301872 0.22127878944677812
vn -0.22315682584701044 0.9162002233908584 0.3328335646181562
vn -0.28190026623749526 0.9585801028141192 0.04069921847040859
vn -0.1757173041897286 0.8896742995071183 0.42142979226060034
vn 0.7141579843926501 0.6879414222116595 0.1292863988733026
vn 0.3088502542011043 0.7915885541092985 0.5272561820245101
vn 0.27475788600131845 0.9582173209986409 0.07954665183572499
vn -0.3252324731172308 0.9402012289092765 0.10121999598664337
vn 0.5606395987322654 0.7416829551319762 0.36822497796866416
vn 0.3192437204931616 0.7963611037050848 0.5137046227466747
vn -0.2955337696892307 0.9381315146051783 0.1804689787134249
vn 0.15915590475990665 0.8692242796207732 0.4681010037350951
vn -0.5461883252038294 0.7774325398566178 0.3118925446097167
vn 0.3244928068095671 0.8816687883147659 0.34258512232789895
vn -0.8054607667213324 0.5925780569249449 -0.009176040744253105
vn 0.13814026361345183 0.8588595966494736 0.4932316502536199
vn 0.8430842932785911 0.48139488540441433 0.23972450590919833
vn 0.32198344461584544 0.9467365251192315 -0.004075953689316523
vn 0.22106144750518264 0.9543110171427429 -0.2010530253114755
vn 0.030844554384513567 0.8804740524806259 0.47308990305560805
vn 0.1824109586828757 0.962743204120402 0.19962906870587735
vn -0.0822951061102966 0.9934449219210881 0.07933916195358977
vn 0.016666719496004144 0.9787060694642293 0.2045889783324614
vn -0.9359268187488605 -0.2641033233624338 -0.233003056923199
vn 0.05038035970495982 0.9802341604867923 0.19131860853234364
vn -0.8590622235557915 0.11787316809669068 -0.4981144570299366
vn -0.017885840628336185 0.9986822816734724 -0.0481019435832374
vn -0.16796247715569076 0.9833955985381791 0.06871464940942724
vn 0.7408821374808585 0.5325853224247044 0.40920231267622137
vn 0.0030602193491413364 0.8196361049228275 0.5728763309515161
vn 0.756035271254223 0.5066677712463176 0.41436510253620856
vn 0.3888379428456576 0.9099011254789858 0.14451642140473936
vn -0.5061553516321793 0.7918547972792476 -0.3417202657729661
vn -0.9460486950766672 0.07418495130672982 -0.31541791252773393
vn -0.9097221498199929 0.28027284997326357 -0.30635394512680036
vn 0.024777889535408774 0.9981207152439899 -0.056045463607653695
vn -0.14615614155023257 0.8347192667755687 0.5309257273487558
vn -0.8739230179549998 0.39845988329550086 -0.2783671677704842
vn 0.7150128659745124 0.6236160726683484 0.31600568887382263
vn -0.8856100115863175 -0.4181676319290717 0.20206617476686944
vn -0.23840728826306906 0.9710959901155255 -0.011599262243660374
vn 0.651099652235033 0.707356513042065 0.2751654162797169
vn 0.5064173424385786 0.8191972136114374 0.26917912342658423
vn 0.5972618549895404 0.7425549548280687 -0.3031343194604299
vn -0.6990642197161332 0.6669347330029499 -0.25789005143075583
vn 0.24993941652180474 0.9674623066377471 -0.03933158150786191
vn -0.2065259990407057 0.9519864749109916 0.22598398904962758
vn 0.7685470248463624 0.562632005565496 -0.3045992398433595
vn -0.7324263070679 0.2217429131991749 -0.6437249297338277
vn -0.6663608739239676 0.5804664047639329 -0.4679977976911006
vn -0.08489835298639851 0.9946329021004161 -0.05914101554336855
vn -0.9467226870783797 -0.17191929528207223 0.2723231713989979
vn 0.8332982254021668 0.4042899658038889 -0.3770460065985184
vn 0.5466028224660183 0.7706179334765073 0.3276787376022129
vn 0.6765562052948874 0.6346429869478358 -0.373496961426611
vn -0.9734953279904816 -0.03525832094172366 -0.22597277974365657
vn -0.9985197979623445 -0.04521358642326994 -0.030231517990075337
vn 0.3530122901742386 0.8510109834971535 0.38879638495380386
vn -0.02991911192036268 0.904805706237555 0.42477226922417666
vn 0.9341527120913956 0.3303036914505906 -0.13512284006193434
vn 0.022598856226790857 0.9097981378312724 0.4144353267953759
vn 0.7597061472048978 0.6367111586388726 -0.13208130209774008
vn 0.661715524769417 0.7465231723607324 0.06953932274334658
vn -0.8777527674397777 0.3213397444027604 0.3553742364310896
vn -0.6004367882569146 0.28098913487916755 -0.7486793501810893
vn -0.48133007514505616 0.8258343459302059 0.2938009391456803
vn 0.32333921999377074 0.9322988270322926 -0.1620822196541976
vn 0.2700172439044892 0.8076277651660873 0.5242404800538157
vn 0.8027094849848011 0.5711392391297135 -0.1716317343668333
vn 0.6859893189119893 0.6851992589072706 -0.24478690718989052
vn -0.6826498614311779 0.16212511569132854 -0.712533938525083
vn -0.9632270636470771 0.14657647647144284 0.22518650137840493
vn -0.06844741805001907 0.9497220419792032 0.30552085680218094
vn 0.17538584641908941 0.846101304360067 0.5033412238591759
vn 0.2533258748612929 0.9172513741398081 0.3073693507238392
vn 0.21395229690937362 0.9436617743580662 0.2524418155983462
vn 0.7595671824974611 0.6272566805861619 0.1720661266283934
vn -0.02357444766228853 0.838480855000171 0.5444208860942058
vn 0.6381368860159962 0.7586176061804789 -0.13145585684482541
vn 0.574542941632195 0.7601495299923171 -0.30343549606643516
vn -0.9780761571220465 0.20070444940098459 -0.05554056949669597
vn -0.5084805277079819 0.8031850685911412 0.3103889471841031
vn -0.20693702865691496 0.764474285829516 0.6105375766290709
vn 0.4979101606389759 0.8215743933006299 -0.2776706469995901
vn -0.882556680325973 -0.3099298091899241 0.3536060228382648
vn -0.016315909273702692 0.897605323373495 0.4404979847356127
vn 0.5855169869822491 0.7146167540096005 0.38274371692297054
vn 0.33993563881686073 0.9363332295453891 0.0878854067025615
vn 0.11040804031713983 0.7877664491419734 0.6059984209876917
vn -0.19833923069766243 0.8949847599659756 0.3995795652869455
vn 0.02456980958462273 0.9990423713086046 -0.0362031046604503
vn 0.10966962435788984 0.9851661780571338 -0.13198551096805633
vn 0.8139878154185496 0.5806853765180213 -0.015110587290399219
vn 0.39048608471108676 0.8484572616699276 -0.35726865628903687
vn -0.7827904592473484 0.16993306519279458 -0.5986333187064573
vn -0.9976367066914508 -0.051268419381090516 -0.04574440551587288
vn -0.42767216007967007 0.9019589202729841 -0.059721266168609406
vn 0.6878114069784661 0.6915381443536336 0.22065915647041678
vn -0.8108833236062039 0.5177168179601805 0.2728324245732933
vn 0.020865035567024424 0.7332536764430305 0.6796349728152359
vn 0.7408350434864688 0.6040877114259422 0.2936689892490687
vn 0.5412528942046756 0.8088910948103728 0.22965300183437332
vn 0.28474086018273664 0.957789296275005 0.03952602286375338
vn 0.580986107656427 0.8130802084272657 -0.036820067546226264
vn 0.27325322924954565 0.9196916738270055 -0.2819572623607634
vn -0.6882557042885474 0.2797121077998871 -0.6693767416518294
vn -0.23053582774138348 0.9663498792190317 -0.11411022329729215
vn 0.4429482060716277 0.7061928718706593 0.552348182270022
vn -0.13216586575575165 0.800428742257701 0.5846759893280957
vn -0.5599976731722064 0.8270715386628891 -0.048531185597674296
vn 0.49248033072195496 0.830168813127689 0.2613099032990486
vn 0.34856358888739236 0.7924990181214668 0.50044852959965
vn 0.1909063607377844 0.9407034494205381 0.28041359039489505
vn -0.08368648328724312 0.9883909495337375 0.12680655895816528
vn -0.4009511848759128 0.9036508673129642 0.15050999086814584
vn 0.5690092195341444 0.8201077805036971 -0.060429599059100496
vn 0.45455143543907184 0.8788356522779189 -0.14502030487322848
vn -0.974348074398862 -0.16398451257094535 0.15412627794149547
vn 0.8471023986418604 0.5198318864691709 0.11041891153742464
vn 0.005933283813946328 0.8103236726274553 0.5859525080778611
vn 0.13180068138798745 0.9147993544105142 0.3817993210520006
vn -0.0019307087202182025 0.9339177986172474 0.3574826118704964
vn 0.6408826355134982 0.5985602082847893 0.48061952161282656
vn -0.3802214228947922 0.9175492187318629 0.11634045202081582
vn 0.7539402453741242 0.6566817920042546 -0.01852378080431411
vn 0.5620373065456726 0.8098450256762193 -0.1681222782333429
vn 0.8334410820711607 0.48242799178544093 0.26951659588589194
vn 0.8208580232956805 0.5380959032391277 0.19142858853466876
vn 0.5941744848320559 0.7355746586655821 0.325402217422643
vn 0.48888674427270956 0.8121098430738387 0.31853940738473047
vn -0.09890850653298357 0.9205775888717672 0.3778280166986803
vn 0.2050331107482783 0.9281506884183821 0.3106408264947923
vn -0.060409776672244515 0.9220338975721262 0.3823665134532098
vn 0.7461803156607467 0.6638020468283895 -0.050811210838448244
vn 0.6739174654484005 0.7387885263582663 0.00517330503501638
vn 0.32994054501023384 0.9398472752897691 -0.08846658063216134
vn 0.16137382804135608 0.9756421155793226 -0.14859660134465574
vn -0.030848057422994027 0.9646385092684248 -0.26176505456156457
vn 0.13541021769166162 0.7896009377627867 0.5984934686601222
vn 0.5976220106494561 0.5841336905316988 0.5492137689216459
vn 0.2797484925963548 0.8973063614938064 0.3414411728436009
vn 0.31527593002235443 0.7958475306968067 0.5169408049596538
vn 0.8124645036357773 0.3343163357467728 0.47763376972814753
vn 0.46057325927048454 0.8871611953159174 -0.02858822083648466
vn -0.9712515912130737 0.15677124454623625 -0.17914553706273698
vn -0.9511257266613631 0.308466798350062 -0.014425200121872534
vn -0.6082823217129026 0.47891556391638107 0.6329553694615565
vn 0.12630483754308588 0.9389181422523253 0.32012467909028314
vn 0.33469870134415713 0.5753652235851665 0.7462785262938537
vn -0.0963677656076242 0.9123696709865144 0.3978628371885886
vn -0.9915866741415195 -0.11128836532596902 0.06611177964654834
vn 0.7303521123943346 0.6483569528445063 0.2149861707629587
vn -0.31587969393817406 0.9009043195362127 0.29764311851363034
vn 0.7695373886969546 0.6368551281148472 0.04719908040728724
vn 0.5545981375526488 0.8309889609953548 0.043338810862713226
vn -0.8356122696032456 0.15549003228509314 -0.5268538552089123
vn 0.26410393972480184 0.9644325750657952 0.010904915121056239
vn 0.23582415697724593 0.967219856399628 -0.09419509738969445
vn -0.5402263659533534 0.8414942750286658 0.006546649739641293
vn -0.6469921040307065 0.6967275707132277 0.3097933335789586
vn 0.8267278351158343 0.5422770232064562 -0.14985565303661627
vn -0.40582236591708715 0.8964416094478735 -0.17804675838656575
vn -0.2537333675587274 0.8674742153023247 0.42791104679935954
vn -0.13678885163858542 0.9809030705776672 -0.13826776992018439
vn -0.9565734452438539 0.11846463658349414 0.26633320058423826
vn -0.6418809716715278 -0.10670285365825533 0.7593440058545272
vn -0.549074483811765 0.8263642406768233 -0.12505739865142337
vn -0.9496989950642876 -0.2983953343882063 0.09503706218751092
vn 0.2692820462301816 0.3002272932886152 -0.9150687143284257
vn -0.1362511539987396 0.6455611684763173 0.7514561868728633
vn -0.40078205702432634 0.13810768709388305 -0.9057041512176742
vn -0.9000514405736596 -0.372697879955354 0.22583997564218927
vn -0.759413438533251 -0.2302364627615958 0.6085083406085181
vn -0.7814114879039538 -0.07592001895991068 0.6193805270533259
vn -0.9778937382190096 0.19825561613873743 0.06647215523435782
vn -0.7507392055950437 0.2103906850280872 0.6261999719226559
vn -0.8900863757792573 0.20882337412847035 0.4051407682148854
vn -0.8429950792683544 0.20136635051270754 -0.4988094718532661
vn -0.9717855666215065 0.1326520148657791 -0.19502885801379882
vn -0.8789479854813134 0.28648294827097825 0.3812846170097989
vn -0.520776207451721 0.38204954256535884 0.7634332248322718
vn -0.5367218167296509 0.10667480430923282 0.8369887559412075
vn -0.3069503321726608 0.03747989629699172 -0.9509872506782938
vn -0.33148637589416113 0.047533420421033194 0.9422618301404511
vn -0.9728112636874582 0.22840988463861758 -0.03830365311800091
vn -0.9236827129636731 0.381438544249216 0.036261311795183125
vn -0.7692033844060632 0.42169612843433085 0.48010262307318663
vn -0.7079338339683867 0.36137019927442754 0.6068288603874913
vn -0.6760810015060004 0.41045546292815965 0.6119156742191474
vn -0.6536632319700416 0.678021270783396 0.3361718839161725
vn -0.2792822391505998 0.361376170156587 0.889611541369594
vn -0.7638927086275594 0.045113194088436344 0.6437644984190954
vn -0.41162396507346966 0.051001272295231444 0.9099255912443954
vn -0.3674713934483543 0.8042069658968383 0.467135880660142
vn -0.05328809082627299 0.0385313012801858 -0.9978355166046889
vn -0.6121372945631071 0.47716579464365716 0.6305558952440673
vn -0.7779676067913528 0.4943901661109844 -0.38774317071495706
vn -0.8268266204118794 0.1331561877015433 0.5464679034079325
vn -0.7145097116790732 0.29147718397516725 0.6360164487953078
vn -0.7464674190636293 0.26030250201031313 0.6123961134132506
vn -0.5976862040437682 0.20133854479202937 0.7760373650004098
vn -0.7343227180484774 0.652790998261611 0.1861022792619847
vn -0.7012917997046301 0.16784327021720521 0.6928336368204385
vn -0.8040360279291385 -0.3749718918781919 0.4614348774130787
vn -0.6761059142928285 0.4443388898915308 0.5877446244656096
vn -0.2703541593743898 0.3824248810492041 0.8835495678587982
vn -0.788816955931865 0.6006053143804175 -0.13054143546164199
vn -0.6206299173449622 0.5385174108416764 0.5699276304205318
vn -0.9004655694762009 0.30419198234955813 0.31085204850884807
vn -0.6977748227133967 -0.3101137387426008 0.6457087314187206
vn -0.6310086849075702 0.4884229484195233 0.6027197217848429
vn -0.519738645639938 0.4988175288119702 0.693579709318462
vn -0.64827199638159 0.0654806767541293 0.7585879643648776
vn -0.5198071603441797 0.6201142462012981 0.5875873022054817
vn -0.38718603815269675 0.7885110122048733 0.4778465815418842
vn 0.4781160204208417 0.2211774050534515 -0.8499915449642771
vn -0.6256859687343692 -0.344220004285084 0.7000211833786968
vn -0.5499075867972008 0.7612993468901471 0.3435475955490222
vn -0.7935753026180016 -0.052089430561365294 0.6062383444640728
vn -0.6742250148673697 0.5169489969268679 0.5274318571184342
vn -0.5168071749460783 0.7111346295027123 0.4766527904526458
vn -0.1588259606291876 0.628491221852506 0.7614283277397549
vn -0.5102648001042094 0.7689227997494411 0.3852110613677808
vn -0.4579776527634724 0.7500710954241677 0.47712663033879105
vn -0.6115425460122288 0.7756095161172046 0.15635086480514535
vn -0.18741354792107082 0.9381000645133712 0.29128067394807583
vn -0.6392754467516447 -0.20157742435232828 0.7420872220783528
vn -0.8050862715367428 0.25132257167324107 0.5372830356065734
vn -0.7301088042190231 0.5938564321914331 0.33804684874545143
vn -0.3912208265779624 0.5511948401492167 0.7369738889842266
vn -0.7186211387955788 0.44574015549663815 0.5337596581364857
vn -0.5775653050636381 -0.26103519639314005 0.773484934973359
vn -0.6434321602457237 0.5377541105865785 0.5448078300729157
vn -0.38049215067600517 0.7864332188673981 0.4865680995871094
vn -0.49205937946361367 0.7194167630866917 0.49022146839132863
vn -0.45465528913548786 0.6977957492719009 0.5535066940509322
vn -0.39598723082191 0.03499630747961796 0.9175888902383177
vn -0.7142638141228917 0.4094081154592702 0.5676373832216375
vn -0.2256165020078303 -0.21563204139915795 0.9500526389331184
vn -0.39848423176944003 0.6507935343811414 0.6462801966939892
vn -0.4945908867260117 0.7199237883404801 0.48691846724997934
vn -0.5205791177189987 0.6409952676795222 0.5640234472141797
vn -0.8432772129748947 -0.07822396157317738 0.5317561037854593
vn -0.7258752282533609 0.5977267920742209 0.3403348866113965
vn -0.8768063813232403 -0.2520345536618448 0.4094986610861129
vn -0.9377183207575056 0.25628625005278666 0.23452443145566818
vn -0.2895571527438893 0.8345937074340732 0.4686256488993111
vn -0.3255119663263798 0.83791835442868 0.43810363053719026
vn -0.651428055595658 0.5422925202337138 0.5306225691406535
vn -0.6200131591369534 -0.00022153287564541727 0.7845913799043421
vn -0.8569352591143301 0.3878187693626745 0.3394975166575989
vn -0.7897690829154126 0.12548163584320268 0.6004324730867427
vn -0.9727996846115461 -0.2294287051598546 0.03198816763037317
vn -0.6458293791262368 0.6116631861199787 0.4569163597453869
vn -0.4735144830155629 -0.11410278166256894 0.8733639502471855
vn -0.785198968474377 0.42751694441336197 0.447986430761286
vn -0.4864734108108214 0.7435370311884049 0.4587987617960831
vn -0.2662901832870179 0.6914746621433052 0.6715298428951376
vn -0.6922042627099504 -0.1349344632015084 0.7089752811817172
vn -0.5793115449467262 0.7145586381597173 0.39217864108435
vn -0.7586590886931077 0.035847655953615165 0.6505008322100553
vn -0.9244690688783531 0.10062882754210008 0.36773737878368196
vn -0.31844462075124114 0.7665909828420095 0.5576121309117296
vn -0.44079816333939353 0.024382073418254314 0.8972750379300898
vn -0.12320391969053118 -0.024469992098777357 -0.992079640784738
vn -0.7647739453110672 0.25328896239699505 0.5924234246729263
vn -0.9407636663520509 -0.011956348159727683 0.3388521356145336
vn -0.8402183270857629 0.027528397197452672 0.5415490284147331
vn -0.869550471123466 0.07785543534383911 0.4876684420345237
vn -0.8686787631380943 0.2699406356496923 0.41536641618926123
vn -0.46047247838772054 0.1700747099120988 0.8712288388797661
vn -0.775343711314727 -0.033576042352956505 0.6306463182359964
vn -0.508827213979794 -0.16224481639372537 -0.8454415922267648
vn -0.4181362871245513 0.17239033363006534 0.8918764590797369
vn -0.919896410033878 0.325591757928681 0.21858774434010375
vn -0.16812387727223002 0.8187826910495198 0.5489346652641448
vn -0.6908610588099694 0.552865920072683 -0.46588654395909934
vn -0.4437876703979508 0.8397113291974835 -0.3129494962772032
vn -0.9854228970203481 -0.14428347196064498 0.09013320002643997
vn -0.7292575152325641 -0.15952640962592124 0.665383198697329
vn -0.8499940044495972 -0.4116039736596068 0.3287740276654468
vn -0.6891483895147487 -0.2057374812149625 0.6947996733250177
vn -0.7523676968096301 -0.020566407346899736 0.6584222594097301
vn -0.8449295307499735 -0.1832234296699077 0.5025169279602689
vn 0.3447726719043072 0.8300547659367122 -0.4383387847928983
vn -0.47891504625650466 0.6489854916714434 0.5911499049049276
vn -0.8055586069052366 -0.32357604511563676 0.4963606288458199
vn -0.8002703264708096 -0.14277486090689248 0.5823939763281564
vn -0.8137329326241458 0.13665499254018304 0.5649461278535768
vn -0.4502881336330127 0.8040354631812211 0.38828799962947286
vn -0.8215249566355428 0.4172122572555865 0.3886266563434214
vn -0.7650145924934351 0.3930174267630747 0.5101862165255298
vn -0.46643446185221965 -0.2382682623683009 0.8518609792358263
vn -0.49542728191692426 -0.06399642536917755 0.8662887889568787
vn -0.39271086513269016 0.42883094169346886 -0.8135614296738919
vn -0.769600146258033 -0.1590436291419107 0.6184017617285582
vn -0.7224203737896834 -0.0411293063189616 0.690229804989103
vn -0.7318317467781482 -0.22271927626172958 0.6440639862537695
vn -0.37913362882758456 -0.20460221867142245 0.9024387090582712
vn -0.4653133218186914 -0.3213073376450357 0.8247697298722316
vn -0.6147408934933256 0.3767078093303071 0.6929537215836196
vn -0.3134483729673409 0.9446898998340911 0.09649409637683384
vn 0.20123610378732507 0.2117323193933177 -0.9563856206869816
vn -0.03801549957601286 0.5050323899074685 0.8622627829938718
vn -0.7005814727915125 0.6285857220965461 0.33773597670020117
vn -0.7867718290613587 0.24996453206166294 0.5643649720762605
vn -0.7463162369910281 0.1356122756376151 0.6516297914459859
vn -0.7781167787675441 0.0780861278204187 0.6232470098142742
vn -0.9155758514346976 0.033753260593654945 0.40072631267353204
vn -0.9293046202112552 0.25244001979452363 0.26956809763055306
vn -0.41529400662022514 0.5222393079882693 0.7448469596214071
vn -0.44604029346564483 0.017915623971172877 -0.8948335526916752
vn -0.6907150165455398 -0.2531237540932438 0.6773781300221006
vn -0.6499534642180108 0.18372052920959048 -0.7374328860974094
vn -0.04776345601082408 0.3905701740536422 -0.9193332319728301
vn -0.7198081501939427 0.2519542396542229 0.6468348228370492
vn -0.5244617411587856 0.8145841124053161 -0.24777531329318966
vn -0.48800101986186745 -0.07151967087065558 0.8699080073733835
vn -0.9214440669738114 0.37983155746449715 -0.08166283973054349
vn -0.41132904400849474 -0.2704135039093698 0.870451006351601
vn -0.5772805217517502 0.5212450084676633 0.6285306996110632
vn 0.04861222744173875 0.9530297779046518 0.2989499853991677
vn -0.7204431400525453 0.09454904194211271 0.6870386893174628
vn -0.44856169787571815 0.34304443204756435 -0.8252956566225323
vn -0.6210132998489153 -0.3581773669722755 0.6971739059944577
vn -0.9273668215993907 0.3339686515835355 0.16868822708215037
vn -0.6334671711393706 -0.16450992398004435 0.7560792471697418
vn -0.6440118501477703 0.11750494046144422 0.7559373822191878
vn -0.7570340108746783 -0.3795157842784357 0.5318526824812689
vn -0.7106873612503707 0.22491991043205734 0.6665842095716193
vn -0.8557914812045575 0.2581757265204225 0.4482925773792842
vn -0.4342649254160729 0.5636827578880879 0.7026206110078553
vn -0.6790741047136416 0.1132623284557332 0.7252792601888957
vn -0.5329707367317507 0.19743955542932282 0.8227756776542962
vn -0.02958442354028793 -0.08193167533886223 -0.9961987565039199
vn -0.6329245013266159 -0.48116110777201315 0.6065398288555035
vn -0.010320554822859528 0.4046911095648588 -0.9143952055797929
vn -0.6740577694536564 0.6506411606206173 0.34973161645098333
vn -0.8229442215984195 -0.2725441537368813 0.49848018255655746
vn -0.691646711976835 -0.3343369871632178 0.6401902879818276
vn -0.18260648276203925 -0.10712218692206624 0.9773329573499048
vn 0.5078948122969544 0.4209668272597725 0.7515515883747983
vn -0.874738650182209 0.059152123181179926 0.4809712259590645
vn -0.14652469064022777 -0.19100326038359228 -0.9705917110482777
vn -0.20028167234891311 0.25201309579429587 -0.9467716996558873
vn -0.16355676069554867 0.3226015283478953 -0.9322968625595505
vn -0.2549905515864188 -0.09963805897618314 -0.9617962756244758
vn -0.0638268305954921 0.35774371689161655 -0.9316359636256564
vn -0.8107374157033089 -0.3234920265883744 0.4879116226453993
vn -0.9347100530069945 -0.0026676645466588446 -0.3554011822905601
vn -0.8570623881616475 0.35246926890273467 -0.3757784949645539
vn -0.9166521769304414 0.2932861049765709 -0.2715364564038404
vn -0.6444437621760072 -0.16343389872539607 -0.7469816585029722
vn 0.06356495778729288 0.9693747433559663 -0.2372174173307137
vn -0.809536998243778 0.314465633161986 -0.49574309277536543
vn -0.7878634036067259 0.40571555841291346 -0.46332077756012946
vn 0.5535009256038674 0.6515788035642239 0.5187309399886193
vn -0.6791481775446458 0.5145105058658104 -0.5234851404686612
vn -0.36648824996284324 0.8741751993761352 0.31859705496891644
vn -0.590684921455395 0.4178816353217041 -0.6902653565304376
vn -0.8343790409571065 0.2550944516236523 -0.4886086744648804
vn -0.5775227719282914 0.5290695946917704 -0.6217337146053353
vn -0.7344104048033779 0.5367182650390863 -0.41542130577279224
vn 0.696588382054139 0.6312758471816108 0.34096250637326153
vn -0.6842737499941502 0.40330171796287434 -0.6075501290898863
vn -0.9651871762951107 -0.07947632644507018 -0.24919315450121698
vn -0.6811365968839458 0.4890140764751394 -0.5449019814558612
vn -0.9094712375562521 0.2971815064843064 -0.2907666078861487
vn -0.874936601663407 0.10047151389542429 -0.4736997128616927
vn -0.8356325517348321 0.5443273514994836 -0.07366120342955862
vn -0.8700689802679014 -0.22283699965107837 -0.439685843713531
vn -0.8578148468955412 0.4996206273461899 -0.12055254943707708
vn 0.09075246377725381 0.7763082251840765 -0.6237864456926804
vn -0.09496222427089984 0.7699184554972359 -0.6310370415801864
vn -0.7086495972162953 0.5702382962889915 -0.4155045532970859
vn -0.5774894878813018 0.7744331059409039 -0.25837812564014867
vn -0.9789099643771931 0.15556054661471677 -0.13242431038133767
vn -0.5688031762274087 0.805340579962552 0.16700148795502273
vn -0.6664242788769208 0.5819253851380405 -0.4660917577637683
vn -0.9065199868157299 0.40756650852090254 0.11005023687248422
vn -0.7603015886841812 0.3814980744340362 -0.5257382556438447
vn -0.8324911603429902 0.5022275531563883 -0.23393578777375806
vn -0.8141726153772335 0.48869203967098035 -0.31353316049823554
vn -0.8088002792818768 0.2691685972863724 -0.5228674540153025
vn -0.5010284044225014 0.8648250164435828 -0.032376363217620024
vn -0.4661960705634365 0.8609967294915915 0.20333680334851964
vn -0.6936363303495828 0.6117658560966485 -0.3802777649738401
vn -0.616074964223365 0.7115012044820523 -0.33796105467607995
vn -0.6929961288822295 0.7194173722337496 -0.04685093256842274
vn -0.799531379682251 0.5149029877109584 0.30923209107355726
vn -0.5270787400628488 0.7340186389756673 -0.42825767875202053
vn -0.4127625865327145 0.8423500781170792 -0.3465160790713384
vn -0.3892375674536279 0.8541123353473609 0.3449438138164819
vn -0.873491582200467 0.45441673224858325 0.1746937013101628
vn -0.5084790481583412 0.7502316705236645 -0.4226127046448782
vn -0.49045013549499156 0.8478110258410362 -0.20168076025073434
vn -0.616870092006436 0.7563007821569755 -0.21790001490756794
vn -0.9978223114562028 0.05849851041891444 0.03047226671858933
vn -0.917343367666947 0.3517215514015238 0.18647545703703136
vn -0.9637508975622485 0.2090578847475829 0.16576793499596565
vn -0.18605817441542283 0.3445136308899121 -0.9201590698701227
vn -0.8241356762370912 -0.33303767479603646 -0.4581334896290401
vn -0.6808412691128621 0.7137794939540419 -0.1642376335786025
vn 0.38843884031893094 0.894796258293052 0.22012479069027632
vn -0.7057632269806697 0.6620260217025398 0.25222968507005655
vn -0.4181175704813963 0.9070354609253508 -0.049642420153239906
vn -0.6853115819911243 0.7282278601366762 0.0056762055618261534
vn -0.763007863258834 0.2962273405608522 -0.5745157641957559
vn -0.8225335184766276 0.5144003810702638 -0.24255073476950464
vn -0.85104383437194 0.33972520744183343 -0.4003887803199651
vn -0.9922660910776152 -0.01039410382485422 0.12369303579113869
vn -0.30698548893749866 0.9123519777600818 -0.2708759462541332
vn -0.4741106175530901 0.8391808250249886 -0.2664482411910561
vn -0.9582897308887951 0.28264407268316394 0.04234524589791847
vn -0.8304991703514374 0.5569185551864811 0.01062313205116272
vn -0.3876115023386792 0.9122606450584637 0.13243050529340933
vn 0.4894500648252479 0.6855724393795234 0.5389147097693385
vn -0.6073495709600907 0.2986750649592303 -0.7361519572929175
vn -0.9618189614599573 0.1969087143267015 -0.19008220221339706
vn -0.5101156898192702 0.7076725471146194 0.48885739133260203
vn 0.16517221799996726 0.7992813133429535 -0.5778127036867005
vn 0.028824878507822567 0.40822673098315 -0.9124253736551939
vn -0.61204352961083 0.7573711018842726 -0.22757796881974265
vn 0.5295353497255348 0.4274067625761108 -0.7327453668876137
vn 0.730734069437314 0.5133739204612767 -0.4499721519758766
vn -0.79149199969451 -0.003917810337488337 -0.6111669699695371
vn -0.8466028080555996 0.36471567633915974 -0.38761599660597457
vn -0.9386542915396847 0.3006173904553736 0.16898906926169566
vn -0.9574710832728758 0.1204875609983497 -0.2621676416740529
vn -0.9785202975648362 0.08765566035774361 0.18658647448534996
vn -0.9109411229433363 -0.07609074873917028 -0.40545834371368644
vn -0.9533805905075453 0.14730237967097143 -0.2633770274468773
vn -0.18074312961106037 0.6371467839268142 -0.7492502231098214
vn -0.9968845616290599 0.07570882737201018 -0.022121126634779605
vn -0.6310018364273714 0.6940635692568415 -0.34657242281482575
vn -0.8246585568055271 0.2807203354989257 -0.4910543329661145
vn -0.8607817097801251 0.3609044659036019 -0.3588910901636318
vn -0.941139374542157 -0.058275210841508426 -0.3329574709895773
vn -0.9639684339542625 -0.20500364382919672 -0.16952393446507386
vn -0.5965679636076218 0.791123325162217 0.13502055095922308
vn 0.5289244453127302 0.6011965994207847 0.5990004841362861
vn -0.3502054816325319 0.7957660488485104 0.4940774394106217
vn -0.8473478857366877 -0.14418670001664888 -0.5110887947078024
vn -0.5504970906973858 0.6536179884825498 0.5193616064609893
vn -0.7964192614345857 0.20476530975265725 -0.5690233105399877
vn -0.875387984339143 0.2240180848355519 -0.4283827430479243
vn -0.9207173939446486 0.38214479173904103 -0.07902429142042314
vn -0.6974838249970116 0.3881700866693328 -0.6023622644909462
vn -0.8061634634974887 0.17945986120506752 -0.5638214507607804
vn 0.4338279540931499 0.8982184059801029 -0.07068947167658765
vn -0.8585080496951907 0.36451444329084526 -0.3606842791707524
vn -0.9329128862560998 0.35986956536220116 0.012939960716090921
vn -0.8803766632104881 0.4419482724472218 0.1721007128261907
vn 0.4677689215034045 0.6495962330985852 -0.5993471198059355
vn -0.9192786926597658 -0.15964755073177292 -0.3597767985391745
vn -0.9469771673259418 -0.1344647551816699 -0.29181068208218286
vn 0.44688072698440856 0.863126805402869 0.23518021524976218
vn -0.950975093511637 0.25195801668782586 -0.17934193415727004
vn -0.576751837156288 0.18148081049540093 -0.7965061416955798
vn -0.7009667992331416 -0.13764930364497505 -0.6997844064988146
vn -0.6029661664903052 0.299140161370173 -0.7395586291318712
vn -0.6064606419584576 0.2169694134417863 -0.7649377513144863
vn -0.9494414682838052 -0.1413765750014193 -0.28030976141397634
vn 0.29557664136773754 0.738144343834462 -0.6064465159789107
vn -0.0650032026379467 0.9548137282677149 0.2900091859895411
vn -0.9863722686238989 0.12996363826822707 0.10089202355899193
vn 0.18243138461384545 0.23967440925815037 -0.9535591053808
vn -0.9270469555892954 0.36381508375049915 0.09067815044560798
vn -0.9846820700887882 -0.07080501750355651 0.15933571583916797
vn -0.9819720349544212 0.152031706939736 0.11232667827574698
vn -0.9637102495679615 0.24554814492821642 0.10473138689031619
vn 0.003255837725552333 0.6582162051730677 -0.752821909065
vn 0.10364016954695189 0.5680014987525689 -0.8164759718884045
vn -0.08810608158236058 0.24852444011210678 -0.9646102430801604
vn -0.11447899936124435 0.7232050322976763 0.6810793198773292
vn -0.9140951013544492 0.3334277732613221 0.23077275770288752
vn -0.6903040673282139 0.7011682804984758 -0.17844701469325677
vn -0.9891072254785405 -0.13906533389816375 -0.048246548207472505
vn -0.4585560863178114 0.7624881321752858 0.4564407562792084
vn 0.28374464429565277 0.4986289061133721 -0.8190593329067898
vn -0.8907665414069703 -0.23448007814115182 -0.38929944986447573
vn -0.9070738818147804 -0.28032483598403246 -0.31406203091107815
vn 0.37441022326730905 0.480209116903627 -0.7932314849749488
vn -0.7518719344201921 0.6199413194143527 -0.22441335680843488
vn -0.9206475789998931 0.39037293642072485 0.004123807936415731
vn -0.8013425194701683 0.47909055822179536 0.3582211656392337
vn -0.10812685645045289 0.7790861173132831 -0.6175219872392045
vn 0.3598288777282034 0.42234461632341236 -0.831954448161371
vn -0.8844967462081669 -0.09426722049043654 -0.45692362281695703
vn -0.6476896819551071 -0.3038289629476858 -0.6987031108868959
vn -0.7195807382352685 -0.324478325416555 -0.6139359718208849
vn -0.849667264230932 -0.2773459664741961 -0.4484916442642132
vn -0.8753277329288305 -0.2974297532599665 -0.38123077242188796
vn -0.3639352121222835 0.19234235757012833 -0.9113482204195461
vn -0.963247262699703 0.0217500270450016 -0.2677342847396855
vn -0.848747082617632 -0.3074352314298688 -0.4302464040799431
vn -0.8322438809043659 -0.3216223378649756 -0.45158520179862754
vn 0.006958517898917247 0.5045959896279041 -0.8633275544543255
vn 0.7748282392295577 0.13840427821115361 -0.6168350309971645
vn 0.040300637568019895 0.5460088576885216 -0.8368095278719564
vn 0.5808131224140501 0.736830385758651 0.3460304891976991
vn -0.8858904492881614 0.4230753986041482 0.1902769532969267
vn -0.6894215148593642 0.4635805499825223 -0.5565887606904417
vn -0.7892097406306225 0.29126910343512624 -0.5406572802412294
vn 0.5511319134182736 0.09759911024762452 -0.828690550018995
vn 0.5634623364466019 0.7406611468379896 0.3659662019514512
vn -0.12607767696655886 0.021398171056642688 -0.991789563186741
vn -0.9703808405416913 0.18564875988403684 -0.1545818950042991
vn 0.4637485906061969 0.6454995298316891 0.6068505596090641
vn -0.7838348854293306 -0.36284185546114084 -0.503933190323385
vn 0.18954775373216118 0.5732578234975391 -0.797149369223834
vn -0.9200967255126049 -0.3913836237187252 0.015520141293870799
vn -0.4244034421474193 0.849433151248261 0.3136001273180084
vn -0.927982040823468 0.3141729352808828 -0.20036142005412538
vn 0.18811462934345818 0.6722219419723395 -0.7160520560391609
vn -0.5333587223368231 0.814658984380777 -0.22772617872109596
vn -0.9319790775116897 -0.29486752356978396 -0.21087470835612987
vn -0.8368757550986254 -0.5465117732008824 0.031045970445977542
vn 0.7616095595595324 0.6277108509222626 0.1610278436233441
vn -0.9736984017873677 0.2007410811800041 -0.10777031448134981
vn -0.953714504760659 -0.009299065485495646 -0.30056974363735867
vn -0.7712743823550539 -0.1245880408578585 -0.624190393388132
vn -0.16550049233895517 0.5419777478776951 -0.8239354998062559
vn 0.45246022423143795 0.7802097498532015 -0.4319172278602021
vn -0.6637354654535969 0.7340393555314088 -0.14367134867513198
vn -0.8145118919690377 -0.49344773206425807 -0.30508968117859836
vn -0.8382796407129905 -0.5452400662674134 -0.000717009627842799
vn -0.8761499401402839 0.285578777709806 -0.388337538893615
vn -0.08122528240465249 0.6300591488040612 -0.7722874610574657
vn -0.9788196043236561 -0.011556718574510226 -0.2043982006952868
vn -0.7464223499846421 -0.30342537624968685 -0.592272501886708
vn -0.8675961407904672 -0.2943600620666491 -0.40078559148952214
vn -0.9098008064562013 -0.27690868433306376 -0.3091667399843934
vn -0.8222357979526023 -0.4216633717383538 -0.38226730634399053
vn -0.856925457281202 -0.1330523044319643 -0.4979717310739102
vn -0.7013235208863589 0.2034478094718119 -0.6831941948470307
vn -0.9662684249857727 -0.1607056590248638 -0.20124368818151384
vn 0.15169206849126926 0.5053221144360405 -0.8494934237642627
vn -0.9290614540213963 -0.23252795451728175 -0.28770742955241485
vn -0.8704769815367563 -0.3764194526733175 -0.31714069474568796
vn -0.8632076038592963 -0.45999835090370433 -0.2080243971397698
vn -0.9742759987188264 -0.22227577563817696 -0.03714509233909735
vn -0.9720860947847669 -0.06276008943167122 0.2260747564427082
vn -0.7587471678393093 -0.5758183931774804 0.3045257187403579
vn 0.4476733464606543 0.5346180104336599 -0.7167790160074959
vn 0.708217198591896 0.6096298222775984 0.3560616230492001
vn -0.7025919718023095 0.6990864464872483 -0.1328256808632074
vn -0.9537865583507684 -0.08631673807736472 -0.2878204680648681
vn -0.9290053030851516 -0.11855675007295961 -0.35056161206242115
vn -0.6151024846694235 -0.36844894514495385 -0.6970611939959593
vn -0.7688884597844426 -0.3322272705934025 -0.5462925746194666
vn -0.9454334799030444 -0.2717048468656271 0.17981104323190505
vn -0.8702513413941743 -0.4253861538071748 0.2484134113746259
vn -0.9821594907076521 0.06195718325466662 -0.17755011195725315
vn 0.502021625956693 0.773053596065736 0.3877659405899802
vn 0.32244695727337674 0.31923056601264177 -0.8911339997264102
vn -0.8256430160351008 -0.14369371599264968 -0.5455875054074146
vn 0.20472941771803632 0.22788792175321979 -0.9519206692996177
vn -0.05660860761016366 0.6271271386566173 -0.7768571409884848
vn -0.82928310236316 -0.40800508500343546 -0.38186566583848847
vn -0.5722468298233674 0.09786980568573966 -0.8142205271866717
vn -0.697470419203519 -0.038320415777561505 -0.7155882615517823
vn -0.8529271375700503 0.11255133727264853 -0.5097523854526813
vn -0.9266557031387899 0.005696139719609013 -0.37586801118564145
vn 0.04141207126257801 0.49433838414417375 -0.8682825590298762
vn -0.8252494944557914 -0.18554678987142112 -0.5334188416890346
vn -0.8604624683824151 -0.3745962541475385 -0.3453722439395992
vn -0.9480556751033239 -0.31598352256488244 0.03667220162288012
vn -0.9925048149511471 -0.10919048399653228 0.05487832453157159
vn -0.8823729734509159 -0.32521003136958937 0.3400828887491695
vn -0.71501709278923 -0.26890706959938265 -0.6453212726531729
vn -0.7963938031166357 -0.2826044366333214 -0.5346883604049975
vn -0.9146135476154812 -0.36696445289636714 -0.1697620358875735
vn -0.9216796881311803 -0.12954834060737222 -0.36568262186257455
vn 0.6314226324454735 0.6873710987670739 0.35892399169653466
vn -0.6454854754257765 0.27727003874730544 -0.7116669351792502
vn -0.9578089987314524 0.2825828341819219 -0.052429607806706746
vn -0.9572963592802757 0.27987687451875626 -0.07247493096472507
vn -0.200086662719236 0.6633803110475998 -0.7210352906177814
vn -0.854620008282782 0.31179949726173095 -0.41521767176996416
vn -0.888195704319139 0.18824947686918939 -0.41913067805578896
vn -0.9249705114980443 -0.05688908706740698 -0.37575681581533965
vn -0.09218636873716606 0.3800630669736965 -0.9203552241073023
vn -0.8309278456361155 -0.021335364827062227 -0.5559709682656278
vn -0.7881961031092474 0.06871639103596143 -0.6115758012269529
vn -0.7020794104534872 0.5382589467834342 -0.46622077133571826
vn -0.5664666167830418 0.400491260482513 0.720223800181237
vn -0.9187980173158753 -0.3912015166155289 -0.05264576691555069
vn -0.9115521379307959 -0.405912214642067 0.06563515702859077
vn -0.8404419869271913 -0.5339858478621063 0.09228423967754282
vn -0.8898540631345541 -0.4045328269349501 0.21098089547383836
vn 0.7643052993636499 0.6348301867377298 0.11326095254402783
vn -0.779716427693641 -0.039551728986946894 -0.6248823514220979
vn -0.8963993065764536 -0.04846846671460647 -0.44058948115404223
vn -0.9560322866032476 -0.15333461446968902 -0.24998152527256454
vn -0.9915141101601627 0.05953779025437635 0.11556392553442789
vn -0.9949562364592588 -0.05737549046292775 -0.0822808642696825
vn -0.7785316643791295 0.30379360571234815 -0.5491792901114833
vn -0.7867408121884251 0.4492773089830472 -0.42330697380275817
vn -0.7493432262882365 -0.09182484768097691 -0.6557842073154112
vn -0.788023306732178 -0.1571742034432337 -0.5952440993566156
vn -0.7692092868135558 -0.11833005090126648 -0.627945118727333
vn -0.9863753520117035 -0.14707127108029575 -0.07371367693050104
vn -0.8981494219771469 -0.031242686482021702 -0.43857896705553834
vn -0.9788791305912266 0.08488393511647407 -0.18598485221142758
vn -0.7278268179973416 0.4502242004309631 -0.5172681049032161
vn -0.7617468852536026 0.19508574204477763 -0.6178051764571687
vn -0.8187627864917925 0.570688540863266 0.06278605564575342
vn -0.9472337810069137 0.014160028526973935 -0.32023063206298924
vn -0.984845431536823 0.023800308792387273 -0.17179354260983062
vn -0.9961065102673053 -0.06624482065610586 0.05816737865273891
vn -0.7770500034589202 0.25194940811124106 -0.5768143443751095
vn 0.5683304408294783 0.7660873949678589 0.3001842988864185
vn 0.6178333761367258 0.6698636545908367 0.41178222835584233
vn -0.06222248119318208 0.714051070862056 -0.6973230463959406
vn -0.9624836995348529 0.012087931470103007 -0.27107012015800847
vn -0.9285209481359662 0.07832170635213442 -0.3629250049070418
vn -0.6092523422454121 0.04658026969401617 -0.791607138638676
vn -0.7918553754415233 0.07912623072069289 -0.6055609828880159
vn 0.026560623715757386 0.6994315612381806 -0.7142058697684802
vn -0.018423764737082852 0.5980444345896595 -0.8012511585946364
vn 0.06717000154814817 0.6019160195679 -0.7957294114707318
vn -0.03778169329890785 0.26879034981609456 -0.9624574232126889
vn 0.29881494301658856 0.14176644142561337 -0.943722366967908
vn 0.1277682579711117 0.4821332610166511 -0.8667310949057253
vn 0.3539719239771782 0.6744575791121128 -0.6479281217960237
vn 0.5075688390362698 0.3458827543459095 -0.789138133589716
vn 0.6713148359171772 0.05960612446365241 -0.7387716162684629
vn 0.5723122580964233 0.2866471781800509 -0.7683046755512991
vn 0.0387523703295501 0.2772244915382898 -0.9600233513228613
vn 0.5435947453915024 -0.03596170416491672 -0.8385770737483242
vn -0.39436888190556457 0.8882638417030528 -0.2355005998028217
vn 0.1133256580558467 0.614509052680896 -0.7807278139015139
vn 0.5509993063425305 0.4517467238887376 -0.7016585080121548
vn 0.057944743332514786 0.7179765650721314 -0.6936512515142986
vn 0.12859670495462705 0.5401498775825078 -0.8316856360563253
vn -0.10280767844224549 0.9062113000456796 -0.4101361492514835
vn -0.3140421663057455 0.5635192462657669 -0.7640834881543093
vn 0.29109795326154203 0.576542042910373 -0.7634535050438072
vn 0.28609360849153037 0.5234903517015127 -0.802563579322985
vn -0.2829935433241771 0.7598020936497277 -0.5853336082289462
vn -0.5450724317493666 0.6153335940957239 -0.569438857230582
vn -0.14586871864244313 0.558076017487607 -0.8168680894898416
vn -0.850139963800251 0.42886430566154254 -0.3055117825537188
vn 0.27131518357652495 0.43590194844522917 -0.8581244446480296
vn 0.1072913443604841 0.7225492159791759 -0.6829430414853045
vn -0.13191207382869977 0.5249475760127545 -0.8408503120154888
vn -0.036942610470737075 0.6243839479899588 -0.7802435062364056
vn 0.08772084750404564 0.924168597654394 -0.3717760831773375
vn 0.045180726905529905 0.12160767342480004 -0.9915494317887007
vn 0.07985509568083002 0.7080591904198406 -0.7016233651723731
vn 0.05190498104008366 0.43487923436684467 -0.8989916153445122
vn 0.058695659891224945 0.47261220238904905 -0.8793136673923055
vn 0.014808440365029667 0.927444797082536 -0.3736667746247839
vn -0.18829737555468867 0.36235154834005195 -0.9128227942896604
vn 0.7657905471785681 0.5779173905459389 -0.2820927640981275
vn 0.00892098085742756 0.9885153704153323 -0.15085681473894388
vn 0.10158168910854415 0.21612217196312114 -0.9710676429702507
vn -0.6954521246248757 0.46235227905907617 -0.5500697341279781
vn 0.3756692689442024 0.3782038808080623 -0.8460699881881223
vn 0.3150154404346104 0.7935376161135606 -0.5206374209568458
vn -0.05696352356117495 0.259632464395331 -0.9640260060887894
vn -0.1133319718040349 0.6520042334279652 -0.7496975015024532
vn -0.3944790090382199 0.2646209479855739 -0.8799784459379901
vn 0.004478444896829805 0.8557749811652399 -0.5173288365662012
vn 0.008042449473460524 0.6045965232490904 -0.7964912824893811
vn -0.20828424410744448 0.23818641397275567 -0.9486226361706691
vn -0.24167129707793472 0.607005911936743 -0.7570593154056766
vn -0.05001193380717807 0.7380563421845752 -0.6728830821457705
vn 0.5592895621300441 0.5717887699699784 -0.6002106198898871
vn 0.06885926641032733 0.16415945310328497 -0.9840274769467883
vn -0.43914410157050865 0.41940304954593927 -0.7945146569367976
vn 0.25971497127916326 0.47594500514036775 -0.8402526321145317
vn 0.46976716113375877 0.635994556211287 -0.6122334022167832
vn 0.767851363984696 0.26919122744780144 -0.5813263849955443
vn 0.35099511930950406 0.8128234758948377 -0.46488753828763907
vn -0.13029902950744476 0.7200371269361938 -0.6815927660582158
vn 0.49125322829073365 0.43814468011541596 -0.7527944639677501
vn 0.18872299685694538 0.8095060288480189 -0.5559528934325677
vn -0.501905268867104 0.5113470088355717 -0.6975781946408257
vn -0.06801702229741348 0.7402117162101225 -0.668924734079297
vn -0.016307021515662976 0.5921141690779804 -0.805689078879924
vn 0.9286092425797213 0.3568541354792304 -0.10168579343687704
vn 0.37224157593269047 0.5188412151036635 -0.769571310962734
vn 0.007325489394484034 0.460161615089212 -0.887804947724228
vn 0.8029313813806825 0.13806974942237588 -0.5798602772121496
vn -0.3435001656382554 0.20149389884755753 -0.9172828598277094
vn 0.17509256922920038 0.4221389902724408 -0.8894612218036726
vn 0.6801369865649437 -0.06026546784227079 -0.7306036907189217
vn 0.05108475235974234 0.4022517190372124 -0.9141027855815512
vn 0.293269061113994 0.7946763563279625 -0.5314910596488239
vn 0.5276272461876259 0.61067117873704 -0.5904999581205542
vn -0.16260402468221086 0.9356402543877522 -0.31326864753174605
vn 0.1248960155744768 0.5729270017046433 -0.8100343424888525
vn -0.04844672519982535 0.3842210461791396 -0.9219691440012622
vn 0.6013881156456071 0.3445622024543963 -0.7208392490701386
vn 0.1428856281818942 0.4129673751747477 -0.8994674225898038
vn 0.40831466778829323 0.3056406041803852 -0.8601528661494914
vn 0.5393335753812925 0.3435700482094261 -0.768816568785952
vn 0.1253777249064108 0.5362213180109803 -0.8347137977821257
vn -0.5660403896076154 0.7720019319370164 -0.2891561765177653
vn 0.6901161499828453 0.1835873767717902 -0.7000252671317713
vn 0.16941065869363087 0.7142609364318316 -0.6790665235516422
vn 0.1981652239160759 0.8928745547186004 -0.40435822430903084
vn 0.5251475497798086 0.7066449225660181 -0.4742077649848531
vn -0.5243536498416806 0.5387050740189246 -0.6594316440116998
vn -0.08109454054414679 0.5405261858440137 -0.8374097670261892
vn -0.7656214045120049 0.4870195167619537 -0.42028068626338055
vn 0.18595489014063085 0.675745618335443 -0.7132942156874928
vn 0.3203581652690379 0.38553664818786765 -0.8652930941880446
vn -0.07168164285123735 0.7114333361950269 -0.6990882277857078
vn -0.24945120676359356 0.8953384044925191 -0.3689759299534011
vn 0.011083081926874185 0.3892440500595623 -0.9210679859751022
vn 0.13817759673054972 0.36087825620782304 -0.9223198121899857
vn -0.21260693367306008 0.8038568363258194 -0.5555290077452156
vn -0.5214631035299907 0.2487253581660847 -0.8162180639155342
vn -0.09934421089850459 0.6775953088254028 -0.7286942604541089
vn -0.41133180675562003 0.6181298059319629 -0.6698669179543584
vn 0.5934691803060929 0.046452027590867466 -0.8035151157007013
vn -0.309499787549026 0.20240394165528872 -0.9291084575599935
vn 0.29717158632033314 0.5220589217162789 -0.7994645273808545
vn 0.7997540811448015 0.4193796713557833 -0.42955104579752723
vn 0.31240549869028306 0.6546707146083844 -0.6883378965466181
vn 0.1514044304974557 0.22772717128451817 -0.9618820270098059
vn -0.11170242982085653 0.39677803560262026 -0.911092617484876
vn 0.2194601965503016 0.6290652197344424 -0.7457306292828267
vn 0.46398582253514414 0.49263797332744497 -0.736223460453559
vn -0.14442314438449808 0.6212465196418516 -0.7701913510284187
vn 0.7381648447380968 0.2948675427125145 -0.6067666719979475
vn 0.256244687571035 0.42150167917092773 -0.8698706769099135
vn 0.19430669657847607 0.43361456583009156 -0.8798996056168803
vn 0.6350437266134242 0.19747077571999178 -0.746809720093063
vn 0.43665795136891605 0.515125153277412 -0.7375472255843853
vn -0.1188447378141293 0.7216459131662197 -0.6819846804030012
vn -0.5474854655625718 -0.6103233596096022 0.5725076957671242
vn 0.4673187682989696 0.24578067653046695 -0.8492379100344968
vn 0.6345584174641266 0.1623669961826443 -0.7556272714612995
vn 0.4086918252832685 0.7529069562376116 -0.5158508575117866
vn 0.1236624462219049 0.1420269566351299 -0.9821079080138686
vn -0.010086376061763627 0.8467269153407928 -0.5319321346331751
vn -0.20035996746398968 0.6665808728236667 -0.7180012697923782
vn -0.32021534268078206 0.6611137463812558 -0.6785210008964867
vn 0.14881590168907172 0.5627041861910312 -0.8131530152729914
vn 0.34579382796930275 0.4462613662399231 -0.8253953122837648
vn 0.055505787388738854 0.403494276748356 -0.9132970361266248
vn -0.31921356560372527 0.2707524424884157 -0.9081826988118158
vn 0.31086728741791086 0.6960993488766241 -0.6471531705145004
vn -0.21057550866396163 0.6975258274566686 -0.684920196213985
vn -0.24332578522055706 0.757845858741378 -0.6053612282227385
vn 0.024489407225659947 0.6920328610149576 -0.7214504752297195
vn 0.07200778593618579 0.8873423141530334 -0.45545416484878914
vn 0.5999017681600705 0.4905069332124071 -0.6320765911097961
vn 0.7637382055799307 0.5127513261632402 -0.39216072069418956
vn -0.045859590280314215 0.7270810022220601 -0.6850183312781392
vn -0.0023166134706389327 0.7168599031017804 -0.6972133910266883
vn -0.24783472244063615 0.6514946432629447 -0.7170304597103677
vn -0.6468039716419364 0.22478051039727956 -0.7287786662723845
vn 0.5884953828826934 0.29931160771594134 -0.7510564198595538
vn 0.6906336418846091 0.3742164385340557 -0.618859620453693
vn 0.19563590030958514 0.8429219864725763 -0.5012076607866083
vn -0.17897511733795482 0.9309845610434845 -0.3181755089137688
vn 0.07123767668631076 0.9464361836052038 -0.3149345071330764
vn 0.6314143461584946 0.42726370838676364 -0.6471179544417164
vn -0.07371754002024397 0.9225840121466329 -0.3786878197470647
vn 0.029149827609531803 0.5269582036067827 -0.8493911579489435
vn -0.01678533266409373 0.7843749136482618 -0.6200598740820418
vn -0.39085440276220357 0.7680862275610081 -0.5072241938950669
vn 0.5264244685524186 0.5886750444615335 -0.6134647267264149
vn -0.0015513170265969674 0.9131998844330259 -0.40750897473183445
vn 0.2921797195460184 0.25724031771241507 -0.9211180328433625
vn 0.20963727881997166 0.28876443744058733 -0.934166639844615
vn 0.5081658158655554 0.27141309081402976 -0.8173753346660698
vn -0.11358093068092903 0.668609672465659 -0.7348880717980244
vn -0.09274277027141704 0.6268455703855402 -0.7736041684546496
vn -0.01863118677547515 0.8053656410505723 -0.5924854961047892
vn 0.15562752588222653 0.7861294113157362 -0.5981476589038454
vn -0.2378079254021906 0.25532212078735245 -0.9371542056953887
vn 0.5106653264987113 0.484454363209349 -0.7102991582983811
vn 0.4467173126567881 0.8528980631339729 -0.2702009187160826
vn -0.08430663442169165 0.9387535466162528 -0.3341170006268677
vn 0.133123638696979 0.858848653758607 -0.4946282308533397
vn 0.2776574850877826 0.8503418658839952 -0.44701793263766626
vn 0.14990611733426976 0.735157495603171 -0.661113918053642
vn 0.6074398358226871 0.5816063710172257 -0.5410645756727012
vn 0.6201777848553173 -0.030279334999978837 -0.7838766976023148
vn 0.6706342145905912 0.4371999229437582 -0.5992545182127814
vn 0.56750217962545 0.48673314949699875 -0.6641024900578945
vn -0.038611716730326956 0.43955369695445295 -0.8973860277633087
vn 0.26162423060331574 0.8230454506371205 -0.5041318757495525
vn 0.13737092345502744 0.6488685075680887 -0.7483975476145511
vn 0.33743180279367607 0.8845249327219195 -0.32211088441201974
vn 0.4831328565461812 0.7023352920116721 -0.5227884663230496
vn -0.15478146173220808 0.8718696996477384 -0.46463526118903586
vn 0.00899088937954774 0.5157913280432823 -0.8566670705843151
vn -0.27732670982778357 0.31339559116666804 -0.9082252470909356
vn -0.41892359111870603 0.8546598039452147 -0.30669144807857684
vn 0.44080793110953276 0.6121473001771389 -0.6564785226926872
vn 0.13256923190291672 0.8150775512212206 -0.563980482151545
vn 0.09672495162181677 0.8818400578531042 -0.4615218262437771
vn 0.19038642529953956 0.9332549209817725 -0.30461165690920006
vn -0.11031231275111465 0.8777316907260685 -0.4662813236133928
vn -0.2667644907253139 0.8414947908149528 -0.46981190227511554
vn -0.02599134485722914 0.842497537578295 -0.5380728102840932
vn -0.12799384831099753 0.9853311938832889 -0.11287166675066763
vn 0.05161834130655568 0.8616241004499974 -0.5049152962274889
vn 0.12433469540910545 0.8212347089075541 -0.5568791937243209
vn -0.0854572951507231 0.993291502923703 -0.07790404947814489
vn 0.1116651877828534 0.0383534957439673 -0.9930054859876846
vn -0.08300633610875918 0.02164140030017239 -0.9963140057024429
vn -0.24312299735183662 0.15431170076227008 -0.9576424735602084
vn -0.5484375600252687 0.8346921598611928 0.05005238275833257
vn 0.2734445192947475 -0.3065479388560171 -0.911732666986761
vn 0.1592141389472752 -0.06533861665309472 -0.9850795516774966
vn 0.30691557824299986 -0.1354520465752412 -0.942048603263305
vn 0.1581439966612439 -0.182660912531212 -0.9703738801891122
vn -0.7733424599177349 0.39109885205922224 -0.4989820914685666
vn -0.038100731798022626 0.40693990649190614 -0.9126599841895193
vn -0.01547477962314714 0.3693446826107831 -0.9291636220939533
vn -0.4769249247244165 0.1373188248895542 -0.8681509986791247
vn 0.20449014585489572 0.41328054915289986 0.8873460249193215
vn 0.12692659258640773 -0.14000869954622946 -0.9819812646612855
vn 0.21006241529930106 -0.053633622114493434 -0.9762157631679094
vn -0.21423140065814902 0.8084103665720016 0.5482495656094674
vn 0.15264274441705925 -0.07391998050489887 -0.9855130790907768
vn 0.2102744682267415 -0.10212519185119662 -0.9722937278422182
vn -0.23423377495436076 0.9399529487672724 0.24823978886217918
vn -0.5845990160156556 0.3661019402597792 -0.7240258005151146
vn -0.7309084982996594 0.2947871463049708 -0.6155268519623724
vn -0.3445098843874165 0.7736162523008089 0.5318184217713977
vn -0.22413368022678876 0.6476684485256688 0.728209910789704
vn 0.09778982253535004 -0.21011037066520863 -0.9727747852136349
vn 0.21873891047432914 0.3385224063500531 -0.9151807851148716
vn -0.3429067733124059 0.34726155374215983 -0.8728255026688068
vn -0.3529722128345564 0.40740448678776475 -0.8422779832762307
vn -0.3375483492487634 0.6609504009333754 0.6702280801529024
vn -0.011592478073445716 0.8764316419190575 -0.48138673797185316
vn 0.1324329264013153 0.8640624797819354 -0.4856516766550656
vn 0.1226445160339661 -0.022788194996645184 -0.9921890046032507
vn -0.001254665518287982 0.36623528037292274 -0.9305214372729967
vn 0.0529436494744816 0.12859417275784313 -0.9902830447468285
vn -0.42461994944824644 0.1378147219498133 -0.8948212117202321
vn -0.5445991588060628 0.6821103345993481 -0.487993081570317
vn -0.37426765150613 0.10784186793561926 -0.9210286947518207
vn -0.18792377344138034 0.5515170772214228 0.8127198588127964
vn -0.6054617443745905 -0.4717676990567121 0.6409768437514833
vn 0.4817549730134293 -0.2795905709722954 -0.8305066276678446
vn 0.08770317818350215 -0.2816532068818768 -0.9554996722080378
vn -0.2389634705531455 0.7226357159298031 0.6486093445239721
vn -0.04488858038225848 0.7088122475742196 0.7039674801012109
vn -0.004324845455226288 -0.014190802314747147 -0.9998899523654852
vn -0.40434530062796203 0.5654772671112652 0.7188465331629957
vn 0.06314279009576389 0.08421831738663982 -0.9944447008634947
vn -0.12301904377589323 0.7192582220191328 0.6837645244719417
vn -0.016922194641265983 0.8549335176431639 -0.518461493014485
vn -0.13814661682995547 0.6165374046798834 -0.7751110506817916
vn 0.021990652828740916 0.6079756317467385 0.7936510835312455
vn -0.3248755348157833 0.3613869879230676 -0.8739881760287443
vn -0.3548624466069156 0.8746603500940107 -0.3302149541761799
vn -0.5661093003106862 0.6372158890752326 0.5229494916450406
vn -0.5001487497594271 0.6780605560086002 0.5385954980311198
vn 0.31731133857239086 -0.2955649792634775 -0.9010853774456545
vn 0.3576739609258269 -0.26491170661244284 -0.8954837381970222
vn -0.30876702581312193 0.9335346154975189 0.1821429258533481
vn 0.0014053536088835528 -0.3271077539251184 -0.9449860011149892
vn -0.12133463712224249 -0.38459876350821764 -0.9150746947339128
vn -0.22894423103920283 -0.13346629583056885 -0.9642464866159146
vn -0.2821716587273716 0.5634505440356926 0.7764680543569874
vn -0.583872778809895 0.7748923672080649 -0.2421454055056442
vn -0.337007565330527 0.12191431417238673 -0.9335752786518434
vn 0.2119393125912158 -0.1806670536752609 -0.9604379956533703
vn 0.1485675733295532 -0.36502056115742426 -0.9190689125888694
vn -0.2047598972848425 -0.46309156142509283 -0.8623338043940817
vn -0.3295998688393374 0.4455411635417348 -0.8323803205572371
vn 0.3021331858574708 0.9440207435451564 -0.13244007611016087
vn -0.45183637370249013 0.15477702659272333 -0.8785715471368846
vn -0.5011481328224492 0.1425418470894168 -0.8535410773928283
vn 0.03725308888677593 0.06145337081499126 -0.9974145028942927
vn -0.5739250236434259 0.2794673307446225 -0.7697454633074291
vn 0.7897568137177001 -0.0717725560009784 -0.6092067591479532
vn 0.08999642263802893 -0.2019061928639848 -0.9752612640700585
vn -0.7033699676229412 -0.21921848681030862 -0.6761759709474311
vn -0.37058996360715807 0.8666250998782672 -0.3341018035489014
vn -0.5250062993620315 -0.008819296678775719 -0.8510526456314419
vn -0.42210776656410226 0.07866858558284347 -0.903125842310284
vn -0.6209945233359114 0.4375677010613478 -0.6503078570759322
vn 0.31578945507021483 -0.09116523007824635 -0.9444394744456825
vn -0.7261591722587856 0.5522239527818759 -0.4095626478554853
vn 0.6881792729835333 -0.17955303711535409 -0.7029722577019009
vn 0.45160153655670165 0.14591985706718574 -0.8802064800335874
vn -0.4598961713009548 -0.35804979490129873 -0.8125859068393082
vn -0.5239207664911116 0.36621193168266264 -0.7690226599604324
vn -0.18237387851548872 0.6480372700809878 -0.7394507860711209
vn -0.16416535010208613 0.12407363709072948 -0.9785987279804411
vn -0.325600025046689 0.23396071036597743 -0.9161042570006117
vn 0.20527998468518135 -0.031487840283200806 -0.9781966283942874
vn -0.4372430233090661 0.5828457045493628 0.6849156322175048
vn 0.3840690044367313 -0.3306177640518434 -0.8620805611567504
vn 0.045547442369390435 -0.17691627462805 -0.9831714307613599
vn 0.23381140161635688 -0.29924055028842367 -0.9250877372105177
vn 0.20208645479761853 -0.20871944229527117 -0.956868464939294
vn 0.16005041534541387 -0.29527144580321846 -0.9419122240639185
vn 0.208454443982203 -0.23236459767442294 -0.9500281251266586
vn -0.31957065475177016 -0.39708817435237337 -0.8603461968364968
vn 0.30356141715239615 0.13635687896487925 -0.9430043836459013
vn -0.24022442845195502 -0.14426875306944215 -0.959936847330448
vn -0.9934919316670143 0.10428007592965781 -0.04581972802897459
vn 0.442322550352911 -0.20159370169371754 -0.873905453059266
vn -0.03812831752467862 0.48790586217786536 -0.8720631290538612
vn 0.6894063737045115 0.03460046410901023 -0.7235479664673494
vn 0.17934228654923673 -0.20787665550801923 -0.9615735231120353
vn 0.12592555865125996 -0.2625579312245834 -0.9566640405228133
vn -0.039701484427724164 0.09020574571138945 -0.9951315066738101
vn -0.33650216628175234 -0.07137795797715754 -0.938973630728094
vn -0.3989335247156475 0.3694526538370208 -0.8392596615057417
vn -0.9082442581538128 0.41726101336140947 -0.03139449409116248
vn 0.6823391891199576 0.6820113233633365 -0.263199137147729
vn 0.3550680887420463 -0.04773872239711572 -0.9336207296011381
vn 0.23789599075905202 -0.2319806238413599 -0.94318104717119
vn 0.2140098642812056 -0.27211630299853456 -0.9381644288890673
vn 0.1516489321117947 -0.2903748935581122 -0.9448201006437508
vn -0.5720148284168592 -0.07364282454629742 -0.816930701139377
vn -0.6719682531848925 -0.11772176499288603 -0.7311636292640683
vn -0.421594620585459 0.22854704500651168 -0.8775102415996033
vn 0.02393938049334088 0.26049369687420415 -0.9651787088153184
vn 0.11790378747407537 0.3980298146197458 -0.9097642351582297
vn 0.6179493824285832 0.03965028552773651 -0.7852174320617834
vn 0.1452691504762945 -0.27996663025550644 -0.9489549830541344
vn -0.6949417722608481 0.7173492247851087 -0.04965906631376852
vn 0.07699160880899178 0.06701314680085228 -0.9947771259577949
vn 0.2718035742900402 0.5947767690834678 0.756547032220595
vn 0.2950957710244364 0.13193395921222398 -0.9463149139319746
vn -0.005857789592156901 0.4264933771704362 -0.9044717162691435
vn 0.3046660338995152 -0.07092043707233119 -0.9498151922313145
vn 0.2232812003585229 -0.06575566239342524 -0.9725336489960946
vn 0.12237880806985255 -0.2849601383232203 -0.9506950861881075
vn 0.10003490781326621 -0.31584362727652404 -0.9435230894512331
vn 0.10646584264162866 -0.24571769977527447 -0.9634769516536221
vn -0.24561746469269125 -0.297699155120002 -0.9225222350050819
vn 0.1728216997008404 0.34837024148395235 -0.9212875962265668
vn -0.4349635537564105 -0.1718744703888882 -0.8838924557502079
vn -0.41911779812702993 0.009175046383350788 -0.907885504795078
vn 0.48963379464393997 -0.0033483568923777514 -0.8719217485810853
vn 0.24164405074027556 -0.1065744124701888 -0.9644947108970922
vn 0.3191166163124642 -0.2479200247187704 -0.9147132045273686
vn -0.1630178197739991 -0.37735124911917794 -0.9116091405993734
vn -0.8048482408923432 -0.21449094028063811 -0.5533651106367552
vn -0.8766039021146614 0.015828124769849496 0.4809522525819159
vn -0.7071273894767908 0.012443660578117462 -0.7069766688959088
vn -0.02830868383115446 0.34020537621184643 0.9399249546726078
vn -0.6908071872670887 -0.2643938743311297 -0.6729645675935012
vn 0.4565102232549067 0.23265127595068297 -0.8587617829539659
vn 0.0603626825485486 0.6991826206131125 0.7123903491682938
vn -0.8073384299634037 -0.5900670528395611 -0.005052985005037299
vn -0.033379043441383385 0.20334148124187393 -0.9785387480653481
vn -0.1501186964652157 0.20696876311195542 -0.9667617638629963
vn 0.25729681758152706 0.3964715336605957 0.8812540329889184
vn -0.16350426798333625 0.1837585894655771 -0.969277635741615
vn 0.44324532381839266 -0.12692694651282702 -0.8873686568512876
vn 0.0029349844805467793 0.22458960747445333 -0.9744490207704916
vn -0.38252967886227773 -0.26465192716376573 -0.8852290111818678
vn -0.3156566048897084 0.5456928167849643 0.7762604314911292
vn -0.031518923750872035 0.13703713592209094 -0.9900643316592398
vn -0.10175298338459397 0.24021107085349702 -0.9653729703134176
vn 0.6203786718832418 -0.003260153275381119 -0.7842956552684747
vn 0.17660208289422716 0.11260126511600947 -0.977820361524393
vn 0.21883463914222573 -0.060887406846624456 -0.9738604234688797
vn 0.1849939803532191 -0.16636193939248647 -0.9685561069729742
vn -0.4106272346626888 -0.3069963218528097 -0.858567721570127
vn -0.14572074984331895 0.30843887085133526 -0.9400164498630086
vn -0.2925238759659248 0.2883612011021012 -0.9117442622187572
vn -0.378597816714003 0.17345058865441343 -0.9091636741944916
vn -0.2441968797009957 0.2305972092877435 -0.9419091309744279
vn -0.5261311818242302 0.07361926824108608 -0.8472108255067837
vn 0.6043653657644983 -0.12713153760381102 -0.7864986184417841
vn 0.26444390883796187 -0.07476940210078405 -0.9614982868357027
vn 0.24212725895324855 -0.14632814087349577 -0.9591467383358466
vn -0.1611593212421995 -0.2705634318278525 -0.9491170120350222
vn 0.12763206556528864 0.09019979698027884 -0.9877115228973763
vn -0.5207561975943883 0.16201808619470276 -0.8381903855406838
vn -0.026959765817484757 0.353890077254976 0.9348983817760803
vn -0.6908599565477992 0.7229619557694511 -0.006207330246038035
vn 0.2839037451277624 0.8107453817287537 0.5119478386592997
vn -0.6247878769941541 0.24964745136567856 -0.7398082581235216
vn 0.14806050599203613 0.5870906172762912 0.7958660023342659
vn 0.27742975544682824 -0.13990686029045982 -0.950504498272564
vn 0.22710864189512842 -0.17097924597321917 -0.9587428029575918
vn 0.2655591609667721 -0.1837987554254793 -0.9464123570255563
vn -0.8465708150676764 0.10173953373543931 0.5224623645306381
vn -0.8163234157586033 0.2867494200437283 -0.50138892188479
vn 0.33973198647999653 0.7328531612048474 0.589498449085676
vn 0.08458201632408376 0.09818277897155002 -0.991567458334518
vn -0.23529480375032763 -0.2918114190821986 0.927082763846534
vn 0.4565792858331138 -0.10561983272631405 -0.883391083656038
vn 0.2905477008636003 -0.1259086386428037 -0.9485404831835023
vn 0.23942699540072954 -0.16157947575669296 -0.9573749458219445
vn 0.2364338469330418 -0.07518073901965118 -0.9687346863331063
vn -0.4315152070716227 -0.32820365537925555 -0.84028387266544
vn 0.32855015947129784 0.37392373857429156 0.8673153004772888
vn -0.2885642059216152 0.8082434767011464 0.5132963875100537
vn 0.19917380279782562 0.7445802878113511 0.6371263542515082
vn 0.30369118141349993 0.3361777531596428 -0.8914909896416268
vn -0.49457763159650836 0.19398181161766148 -0.8472095508703372
vn 0.2501250839026904 0.4353211247734893 -0.8648311746974761
vn 0.39886092318828353 0.0034896053321957963 -0.9170047909406012
vn 0.3097912521068831 -0.24047922958386622 -0.9198908197480828
vn 0.20625850994200587 -0.2453927484944625 -0.9472274415697832
vn 0.2029289684202387 -0.18321114346901224 -0.9619009879840413
vn -0.17846513121598995 0.05809365452025821 -0.9822297716138217
vn 0.019217461569961465 0.39628532067133015 0.9179262681671269
vn -0.02648935504351358 0.39081604710315043 -0.9200875672434916
vn -0.6895388214183764 -0.6621207892562461 0.29348300494516216
vn 0.25290620864996904 -0.11843132093376833 -0.960214805055713
vn -0.07690833122271411 -0.16727360836327732 -0.9829062257070438
vn -0.38162246222000895 -0.2051457747058406 -0.9012655033060337
vn -0.6057462584875178 -0.27905482385951047 -0.7451173569372215
vn -0.14051833213563786 0.469825493411569 -0.8715036454739555
vn -0.6843729847818322 -0.23127218331026672 -0.6914815940628561
vn -0.0006435482481873347 0.36496309875745503 0.9310217625764763
vn -0.06840577589392723 0.5524928388836917 0.8307059123459931
vn 0.4460674618006933 0.724203115061765 0.5258837016465933
vn 0.7992761362314686 0.43725383878288726 -0.4122702251200344
vn -0.28838066695224984 0.011092096214380577 -0.9574515947711124
vn 0.508214579214294 0.7876185647436111 -0.3483890611733557
vn 0.4230392494429424 -0.07429215089946438 -0.9030606124427546
vn -0.43058814132911283 0.6497387609198273 0.6264450455587525
vn -0.972474719327296 0.18125080785099726 0.14642767813039143
vn -0.9661175267824407 0.22421403718838323 0.1278475262625997
vn -0.7193152160746594 0.6057008926162383 0.3401647374543077
vn 0.15027732619919115 0.6955453873047406 0.7025904492871508
vn 0.5134368895150128 0.7021666244741857 0.49329969791160083
vn 0.5829394438500087 4.728295023807984e-05 -0.8125156014306218
vn 0.39526476156657153 0.09353768960029983 -0.9137923554549793
vn 0.22968745318426684 -0.10697861675819686 -0.9673671740379802
vn 0.22654304832425978 -0.16096728578118794 -0.9606080262855342
vn 0.19603413631352581 -0.15235421950157393 -0.9686892221966116
vn -0.06674703429159476 -0.023915884329073257 -0.9974832649674054
vn -0.8942521598945922 -0.2629091793222309 -0.36220413850751043
vn -0.015082712792337633 0.38478408780328804 0.9228833715850641
vn 0.3353200418152385 0.6076778239802075 0.7199223095582652
vn 0.3827904567894586 0.7019326936208775 0.6006346308839149
vn -0.014817113713043575 0.706233346497335 0.7078240695514598
vn 0.4745773501919547 0.04559988219190572 -0.8790318477898666
vn 0.41395742893441073 0.02565725452362079 -0.9099345868359563
vn 0.45792632341496087 -0.026002811184197346 -0.8886097771992922
vn 0.09073584579828872 -0.06614101462082227 -0.9936761909556842
vn 0.10306718374357632 -0.04713139439118994 -0.9935571384162614
vn -0.07189171687579399 0.5403619664359116 0.838355847044777
vn 0.11591519686693326 0.48975169785170325 0.8641220640550004
vn 0.4764366533117714 0.6660043475616603 0.5739741496008738
vn -0.44791981521632307 -0.16803824182261845 -0.8781406427342594
vn 0.0007334311642066929 0.3308306448390249 -0.9436898571639531
vn 0.466979148513245 0.057877058832386384 -0.882372212229486
vn 0.21594423909782637 -0.10491835478916614 -0.9707524011965127
vn -0.560021598797652 -0.1439558437386481 -0.8158753115112721
vn 0.1864243664241278 0.48721083638688223 0.8531538879420038
vn 0.03297510157969674 0.7691598484367308 0.6382051161096987
vn -0.2777904570873841 0.8769359177380618 -0.39219364876561363
vn -0.48108620367798804 0.8397650156077491 -0.25169581480830844
vn -0.3555255596763051 -0.07765569782299844 -0.9314350052539755
vn 0.6753913150361218 -0.005218654547651911 -0.737441073726227
vn 0.43094836427869987 0.054697413749281026 -0.9007173253883002
vn 0.12083986400793882 -0.07984849619834046 -0.98945537793344
vn -0.31369106471158975 -0.06828809331189266 -0.9470663399318632
vn -0.9304169258937866 0.3648466359586209 -0.034803394087841014
vn -0.07226567422234813 0.3427831028803657 0.9366308860532511
vn -0.1004506848457139 0.5190824597106773 0.8488009542494285
vn -0.12840526677799913 0.07471750880820467 -0.988903120301057
vn 0.5991809783143175 0.0871989897235942 -0.7958507972085483
vn 0.35222073137329335 0.08164260328223132 -0.9323492058880956
vn 0.258619754351536 0.030489412529299584 -0.9654979121586795
vn 0.01423592545694887 -0.03843510864249238 -0.9991596873623475
vn -0.10337192490539257 0.05660655684270735 -0.9930306857614055
vn -0.6194128144944531 0.15405459544229372 -0.7698018880615789
vn 0.03339440727129252 0.5568279790302364 0.8299562731446166
vn -0.9792154860092844 0.0514384648921186 -0.19619152960600236
vn -0.07058212641630637 0.4250917337302664 0.9023941385806696
vn 0.009386454610205056 0.4413801603803247 0.8972711120349798
vn 0.5091524577390814 0.0958243472296925 -0.85532535871226
vn 0.41455440990596193 0.0626792603107045 -0.9078633991710551
vn 0.3611064343846644 0.11531771945481378 -0.9253669362073268
vn 0.3215334223183114 -0.05182175783231949 -0.945479118620524
vn 0.3876910782184844 0.05762048640569407 -0.9199866887168314
vn 0.2131544598799806 0.01607158783969679 -0.9768863190246778
vn -0.15126532899481424 0.4094376595111969 -0.8997108442261235
vn -0.17488638344077453 0.7887414098286433 0.5893231213082776
vn -0.39430829040537657 0.1747872582179067 -0.9022030738599022
vn 0.028794689958067374 0.21390181142933293 -0.9764306841232863
vn 0.13050997914053375 -0.003078421367156791 -0.9914422165041307
vn -0.2848679317163464 0.09496823467995873 -0.9538507723336095
vn -0.5292502219512335 -0.006685766927272208 -0.848439451631738
vn -0.8226196359262785 -0.06302706435467496 -0.5650880672491224
vn -0.08685992875465008 0.3557702575551237 0.9305282782462326
vn -0.1685534319337801 0.6013016180787666 0.7810416792202587
vn -0.18962056422778262 0.4564760441480365 -0.8692949227626359
vn 0.5389188350158984 0.822391540177489 -0.1823146837465485
vn -0.18470667934040494 0.9191260250153412 -0.3479810235437258
vn -0.4926439683752022 0.09452285192967688 -0.865082279836209
vn 0.3679212880795416 0.8614396875751777 -0.35007940591853026
vn 0.5704261577904512 0.016073687245456877 -0.8211915946274405
vn 0.4711378777744779 0.16328500005892763 -0.8668143451062155
vn -0.4189002998700221 0.24931611439681048 -0.8731345909256384
vn -0.2691377891880119 -0.10200503635186613 -0.9576846156171893
vn -0.40486646016164585 -0.255961755037098 -0.8778193033845331
vn -0.6155217496284368 0.1700670561316051 -0.7695519294713499
vn 0.4020784329579104 0.1438256021770688 -0.9042384253660728
vn 0.3546779916146707 0.0998695452696947 -0.9296394979731702
vn 0.25229458716010295 0.2621200461517335 -0.9314722339904321
vn -0.5260786794601913 0.22803755044587007 -0.81929243778035
vn -0.6048967445620178 -0.1806473146917427 -0.7755426978013109
vn -0.32092559501905843 -0.24521285584480468 -0.9148100446486683
vn -0.2906751906644999 -0.048564925040538595 -0.9555885001337989
vn -0.2558221809315975 0.0029498450558427054 -0.9667193543927562
vn -0.09012441373000685 -0.02212167458218765 -0.9956848003075585
vn 0.048625046861269484 0.32706248780029124 -0.9437508855050807
vn -0.6168888806952906 0.24783606617266532 -0.7470109725958313
vn 0.021673488308749305 0.2503506340849657 -0.9679126096491285
vn -0.33004496035850134 0.4947680046593252 -0.8039122748828912
vn -0.025125618436775323 -0.06364470272516001 -0.9976562810473333
vn -0.3617819632862666 0.024080062055435173 -0.9319516949134976
vn -0.4593160957897015 0.35052440386784023 -0.8161870903424049
vn 0.5282476136300933 0.10837434309917408 -0.8421457477491258
vn -0.24067335663446537 0.5120371370200252 -0.8245570360615665
vn 0.15446488532394095 0.3476330501116431 -0.9248199076965945
vn -0.7732550143493161 0.022206438767656808 -0.6337062070556808
vn -0.11462538966814964 0.48534383345106824 -0.8667770090250703
vn -0.2152484361100022 0.28445241944005867 -0.9342135365251861
vn -0.5437047159695415 0.5026204156599811 -0.6721293771248718
vn -0.00725713916500385 -0.030427862423028723 -0.9995106198132689
vn -0.05960756414366837 0.6499559457894418 -0.7576306533066166
vn 0.04327188824622165 0.9896390708451838 0.13690161848673615
vn -0.06323531185098036 0.9765516782750413 0.20578657631951977
vn -0.07709255016300653 0.9636080474976941 0.2559614609800586
vn 0.048289227433355106 0.9518659385323038 0.30268694318702605
vn -0.11203299843639265 0.9576786947995914 0.265141706995151
vn -0.4077678018006471 0.8399435273822221 0.3580786095585413
vn -0.6890481997353769 0.31444819870985224 -0.6529432661185544
vn 0.04695845661790117 0.9982071303427313 0.03711372098017315
vn -0.012118639411072163 0.999718698318992 -0.0203878103337442
vn -0.6091250676068404 0.7689585334842057 -0.1940861298361679
vn -0.0017961342571416756 0.9937398811993451 -0.11170417367154152
vn 0.0030219759811770767 0.9924019751394204 -0.12300076178847966
vn -0.002911366096597119 0.9955296559361481 -0.09440459787058253
vn 0.10823320177889711 0.8826752047801052 -0.4573511308601826
vn -0.017762987965839683 0.8484317471938837 -0.529006660271928
vn 0.06527178562777738 0.86473399017775 -0.4979706017750731
vn 0.21357287060735344 0.968310143388446 -0.12946851027018827
vn 0.11764738744953905 0.5955067128273613 -0.7946891513062504
vn 0.12440038753886504 0.6177069071981967 -0.7765067420053856
vn 0.22538086410230926 0.6102408982546946 -0.7594797641766369
vn -0.15513078112454526 0.9471989545536216 -0.28062177613331235
vn 0.034598647305231635 0.6461524741075566 -0.7624237101568466
vn 0.3904240253089801 0.7627091868450873 -0.5156004041538745
vn 0.6442331503729067 0.7619856433527002 -0.06589026699726702
vn -0.1485987492794711 0.9871403321141893 0.05892687354734679
vn -0.5485582365547697 0.7305609935882648 -0.4066503359831993
vn 0.12276852492874556 0.830027100272751 -0.5440431068395488
vn 0.012270411862364574 0.9998831624905045 0.009115830226331847
vn -0.33744834875850416 0.9344132516906387 -0.11401967806079022
vn -0.21207391842081708 0.7222511247503425 -0.6583144886165775
vn 0.06814205943914838 0.7946826853789719 -0.6031882701895466
vn 0.07965554447044264 0.8170425885821905 -0.5710485116678187
vn 0.24327215165345928 0.8493936404518908 -0.468347204315111
vn -0.06792473268501667 0.9975989636436426 0.013510678250891422
vn -0.5684247589135796 0.744060248660594 -0.3510949156811792
vn -0.07943354360423949 0.9964841705297867 0.026638506602968622
vn -0.34696433886936606 0.8291011265093513 -0.43841426707381276
vn -0.06483680219361034 0.9114081267416153 -0.4063636494454768
vn -0.001926781213599804 0.994737565706555 -0.10243760484486157
vn 0.4725728419490542 0.8672945829672963 -0.15644492771508356
vn 0.39560946700866734 0.8877721471350009 0.2352738072638528
vn 0.15419620335871578 0.9878648145631875 -0.018618244218955398
vn -0.6922299652970262 0.68286640299549 0.23347623177719581
vn -0.007696614282931163 0.9953649579201707 -0.09586116352911943
vn 0.06595662048388216 0.9892055275945759 -0.1308516273902682
vn 0.2236632462029709 0.9744660227129778 0.019766711307134078
vn 0.6175981351117603 0.7490578292430622 0.23976011335530215
vn -0.35887126878637676 0.9229691507086967 0.1390660248936571
vn -0.03328816701990006 0.9994096830774822 -0.008496076001399799
vn -0.0801869827299443 0.9940785534743172 -0.073334012048139
vn -0.17074944248566012 0.9363411518832465 -0.3067733286659573
vn -0.00944635131943409 0.9999306818815749 0.007028362440764288
vn 0.5317950644321894 0.7782107185742586 0.3340390500251423
vn -0.03184577386277056 0.9613536700542712 -0.2734684035867116
vn -0.22729853030096245 0.9318604621238517 0.28279225104897066
vn 0.029484076342312662 0.9972650992514739 0.06777175707615052
vn -0.02338714268081187 0.9994482207232526 0.023585920595817014
vn -0.02013087187509581 0.9604389567127843 -0.2777620536106522
vn 0.23904947899818615 0.9347151579018042 -0.26298844115151004
vn -0.7265551547808798 0.6608689907050573 -0.18806856246010534
vn -0.028316287199576705 0.9993378663864305 0.022847684465777698
vn 0.5532997984645642 0.7691479712496712 0.31979795393589955
vn -0.10619757568969179 0.7190736753297522 -0.6867715226808655
vn 0.1506309483500229 0.7382655333538037 -0.6574757179250016
vn -0.16646000483678378 0.9698405181053201 0.17804616320196864
vn -0.2660137104597217 0.9502803224426964 0.16187654130743034
vn -0.35657455687000916 0.6050896344747031 -0.7118434656890702
vn 0.02610118400040978 0.9985555153983852 0.04696393149260575
vn -0.4076540679127961 0.8838517386609218 -0.22939979289488266
vn -0.03083824514529835 0.9992451090953868 0.023626565245654832
vn 0.010870516430590834 0.9999349104561691 0.0034650719394045603
vn -0.22342442886858396 0.889336190450823 -0.39895195818439666
vn -0.18834542351123643 0.9816833864016443 0.028700702175608817
vn 7.472386037663683e-05 0.9999614773569332 -0.00877714181749084
vn -0.3367683633963071 0.9412812974992952 0.02401225506728437
vn -0.0061258558448358865 0.999374539254548 0.03482820954238175
vn -0.39850307479072383 0.9167952177848694 0.026111836954389036
vn 0.3955609649859345 0.8751199348324604 -0.27874113912055803
vn -0.34086651222283504 0.9396659958147483 0.028945416813672797
vn -0.3988996959028673 0.6898066780145817 -0.6041901849377289
vn 0.6724679525161259 0.678273157738727 0.2961965164040682
vn 0.2388360817095232 0.9710532099086469 -0.0036041087324703474
vn -0.14313694171878974 0.9895955349103696 0.014577146526376584
vn 0.1822665655452221 0.9807035772731008 -0.07070638307884596
vn -0.16976456590941194 0.9783906550584103 -0.1180326999435484
vn 0.4311882413152648 0.8006945679544625 -0.4158905016944552
vn -0.032578250887311054 0.9993575479786618 0.014938168134012981
vn -0.05081746182306063 0.9984253786283862 0.023756028384926294
vn -0.034177716039145045 0.9991436916408236 0.02331881602256785
vn -0.02052575707860256 0.9995825449750537 0.02033295545524085
vn 0.1366803968069842 0.9871570145808486 0.0827012556888454
vn -0.4583652626113192 0.8875534950629722 0.04636894901503749
vn 0.006374193591584535 0.9999287384702328 0.010093940627218717
vn -0.0037193384332862888 0.9997451625144597 -0.022266040298073057
vn -0.01801713196169645 0.999467926933677 0.027189078446556658
vn 0.22378220227874118 0.9662565177599162 0.12755339207468142
vn 0.5528111508364909 0.8246820636121304 0.1195797870347348
vn 0.5601461665175247 0.8271646873140749 -0.045109336021828074
vn 0.3469529021429551 0.9353554402465053 0.0688032273650537
vn -0.83145639908368 0.32632899310027186 -0.44965502853294437
vn 0.16532799355403824 0.9860884669974458 0.01721016565937322
vn 0.036599768769974644 0.999147986840221 -0.019072423000708622
vn 0.019596444495133813 0.9990662133596928 -0.03850559292199104
vn 0.5127612086192987 0.858522314557306 -0.003921522974819561
vn -0.293830693909075 0.941103988491164 -0.1672925765326563
vn -0.3877469583229809 0.9145859595194804 -0.11482516693263595
vn 0.03143989413719406 0.92345582896745 -0.3824145198638276
vn -0.14101048558415724 0.9805989684855551 -0.1361679329371839
vn -0.0016380617956576063 0.9999861390234124 0.005003849977986969
vn 0.2339858220356571 0.9048190776159315 0.355742985691289
vn -0.45908925154752683 0.8802040858229674 -0.12032383975790503
vn -0.9702641365472569 0.026559399963312597 -0.24058699799406244
vn -0.9051840688744383 0.42387714754888506 -0.03114426498951406
vn -0.37412163697871226 0.9235206242886433 0.0845142429291244
vn -0.018668659690019112 0.9997209633843053 0.014473303539089892
vn -0.13037342071803948 0.9912229382271097 0.02190565914763571
vn -0.32656210369141797 0.9211745147132662 -0.21164759832186675
vn -0.39635721205485247 0.8777786386811403 -0.269082927602605
vn -0.19440912812290723 0.9459778008136447 -0.2594823525218456
vn -0.17509247745142914 0.7932761133555134 -0.583142891853696
vn 0.6398278659098732 0.7319673160572425 -0.23418827944449788
vn 0.4833655701095932 0.8633266177098735 -0.14499957512440506
vn 0.2350275572989199 0.9530206146234944 -0.19108572791488124
vn 0.03217503156124067 0.9991507003286758 -0.02574189924519304
vn -0.03351711951325646 0.998644964052257 -0.03981002979903925
vn 0.03535219433211935 0.9841158078066944 0.17397212184968383
vn -0.29304347120387186 0.9096091007919208 -0.2945111334759668
vn 0.1742077852887999 0.7876509508076256 -0.5909802257576938
vn -0.08504106304824781 0.9952655809643756 -0.047057846776789786
vn -0.23030980891712663 0.9684099443788734 -0.09560110639874432
vn -0.3913640872852295 0.902590358735895 -0.17934546411997
vn -0.2855670157086831 0.8915059325822848 -0.35166553955403057
vn -0.23548678938682874 0.9514195199253431 0.19836045253354534
vn 0.23355158683896926 0.7596746701269871 -0.6069168409695455
vn 0.16077435086509287 0.9825878892468117 -0.09312705304799113
vn -0.08178964662151923 0.9966193797547915 -0.007763092341431812
vn -0.4663286355526825 0.8718836640962946 -0.14952083448668038
vn 0.5307824417713867 0.7477401170601707 -0.39894199684421155
vn 0.6448543883191461 -0.1977667640008939 0.7382757783661568
vn -0.3416778736835119 0.7833384684585849 -0.5192658995813925
vn 0.05544576589327308 0.997679935095964 -0.03950334354736799
vn -0.0915792524014149 0.9957962707061949 0.0017400509281160661
vn -0.5070996442602299 0.6273481245402229 -0.5910027761584653
vn -0.7167616975521107 0.6635628546733376 -0.21432920197674304
vn -0.6551625689126856 0.7546949892783722 -0.034604644975035265
vn 0.4607159572277465 0.8289970962079598 -0.3170246382136442
vn -0.23267195221295742 0.833526848556575 -0.501095555147674
vn -0.8054481923565472 -0.26016962240686264 0.5325081943090089
vn 0.11187079129214321 0.9922042243017697 -0.05491541981441284
vn 0.4983849659017 0.6881467502901363 -0.5273200885878387
vn 0.3639640442086997 0.8203801945178979 -0.44102892304929825
vn 0.20956109237246706 0.9556852586123658 -0.2067603323528816
vn -0.35047246741309235 0.8192194908870547 -0.45392562753840393
vn 0.01471868961740032 0.9977732481243943 -0.06505309756839082
vn 0.2620554776146205 0.9085791541926621 -0.32528579314000144
vn 0.49191007439423867 0.7360395286027268 -0.46504869749707983
vn 0.20262690567757355 0.9791545696282562 -0.014094888138473694
vn -0.5600698307113223 0.8041860403979016 -0.19901406270948627
vn 0.31153024335671187 0.12262643024339824 0.9422906484094326
vn 0.47924893665789475 0.8776754597704219 0.0024988055257894456
vn -0.027288807571617595 0.9994988144468604 -0.016044964962252637
vn 0.7107046988050743 0.7010765622670758 -0.058227870785111324
vn 0.4054474439133601 0.7275007155853228 0.5534935221364079
vn 0.16326247514759007 0.8641170037802787 -0.4760747504189615
vn -0.2807131447301504 0.8537517500872245 -0.43852945123299397
vn -0.8058985285738798 0.5897998307516207 -0.05161125156218455
vn -0.036289504772419254 0.9984905945434441 0.04122625924883073
vn 0.2054227336283657 0.8844662260311096 0.41895225923598495
vn -0.023947146031200236 0.9976528473879265 -0.06415084017940223
vn 0.29399042794226893 0.9525577493602803 -0.07876142718360986
vn 0.5732844223628748 0.8021188146360249 0.16718366631631068
vn 0.37352380969272236 0.7999598269204914 -0.4696213782463191
vn 0.13593952318982472 0.9423033545504245 -0.30591638406260674
vn -0.1646792790422207 0.9135001582231398 0.37201908012954527
vn 0.017159817793750105 0.9984151143398732 -0.05359850847722497
vn 0.5572181616961301 0.35129811765258845 0.7523945459728782
vn 0.3181510624876881 0.9068675058808868 0.27635344798886635
vn -0.17154698706802307 0.9851752373853334 -0.0011759552013269176
vn 0.42841219303315464 0.8850011604764899 -0.1823072648464376
vn -0.08725568471125912 0.994029415392263 -0.06551310418904881
vn -0.3945421076883026 0.9063690810019422 -0.15110133773255136
vn 0.3256546565012751 0.7996151730459647 -0.5045439720517018
vn -0.2686997343021805 0.7024891687169349 0.6590215630928379
vn -0.7835951699787778 -0.6063427575288203 0.13537750913012353
vn 0.09245153491149899 0.6330951649725423 -0.7685331650494319
vn 0.4331944916494554 0.9010626396902285 0.020703906854687443
vn -0.3732421704744773 -0.30049961531128294 0.8777187837669148
vn 0.29590027769654775 0.8740350377488652 0.38536447481111397
vn 0.08510453044190286 0.9640041222377751 0.25189932752359623
vn 0.12270700495553194 0.9923591881489214 0.012893123409649503
vn 0.7037521932073075 0.6938850665430645 0.15250037699767086
vn 0.33103565706290267 0.9304112856523681 0.15732206864785295
vn -0.5952258801330194 0.7987629896762374 0.08765750363403871
vn -0.3426035828727223 -0.5181741766420339 0.783657008942129
vn 0.3287539975073835 0.9002878183477959 0.2853115021471817
vn 0.11667890115309422 0.9915919764293957 -0.05595879114626506
vn 0.12299570493698804 0.5378654566719283 0.8340100761298698
vn 0.39882154222632227 0.8336806667336737 0.381992046213943
vn 0.3380421635692389 0.9160662379352037 0.2157548223439534
vn -0.48788766522471827 0.8521259193763558 0.1893331551751394
vn -0.6118247095129491 -0.6170485753756014 0.4948955247891581
vn 0.12427736172532125 0.9919001839866626 -0.026251902213339645
vn 0.014587283957651381 0.9972505753482592 -0.07265329389852175
vn -0.021072041532443006 0.9979589873763793 -0.06028124567696563
vn -0.030438417989552404 0.9280157154779125 0.37129548143804714
vn -0.4092425107521348 0.8464386209775241 -0.3406790693760864
vn 0.29382876148496556 0.9395529735753754 0.17579780649906063
vn 0.49762877509353054 0.8317734358049633 0.24600519036825008
vn -0.8437971595046477 -0.48950428751031183 0.21998160405113423
vn 0.04949284573655056 0.9947900888580603 -0.08912428025330923
vn 0.6414578469832429 0.7467339093328191 -0.1758416878790338
vn -0.19094075028100288 0.797064437963324 -0.5729135289171814
vn 0.052310024390460945 0.581549200634574 -0.8118276840497356
vn -0.655892607284924 0.5609861526492311 0.5050736819958035
vn 0.3535404256697352 0.9302587447291903 0.09812153317255781
vn -0.9607902284270993 0.21037052484638663 -0.18062773661555467
vn 0.0042246036231113 0.9995605777919446 -0.029339462306956547
vn -0.015887531767599862 0.9996126310195604 -0.02285113214888467
vn -0.27994716459189617 0.956623533827519 -0.08062877627936231
vn -0.4316530350804471 0.8902236384542908 -0.14552501792833625
vn -0.022486456298163045 0.9972046063203793 -0.07125540271844653
vn -0.054956017185412556 0.9971200640514383 -0.05226293180804411
vn -0.3988229134684494 0.7522510207029802 0.5244603755707975
vn -0.48633126298769774 0.6819433449587735 -0.5462922083530298
vn -0.7095817321893269 -0.4964467733032306 0.5000343654390219
vn -0.7189796060559491 -0.5610125298664579 0.410284373829261
vn -0.8869505493635493 0.4090517645099402 0.21446532804862095
vn -0.0009501926813573405 0.998251791675069 -0.05909701812598651
vn -0.0686733200017049 0.9767227390279138 -0.2032158118497509
vn -0.00262748001870206 0.9799210045734082 0.19936880684950148
vn 0.05047901909146594 0.6907675566867518 -0.7213127277821862
vn 0.603850590351211 0.7970703634557842 0.0065802912517594365
vn 0.43701083118320694 0.8962670567731919 0.07567626029133886
vn -0.1807230354434487 0.06482697241131252 0.9813952558006834
vn 0.0019898750450365473 0.9997337397546299 -0.02298891022921878
vn -0.02073843803749349 0.9961453395461631 -0.08523133043795826
vn -0.07655343917474478 0.943683551228721 -0.3218709773975724
vn 0.3165180263342253 0.9479185239625173 -0.03559228756639828
vn 0.2490859429517588 0.9684087498426448 -0.011861123557192167
vn -0.030127372777753517 0.997168317038007 -0.06890347527591845
vn -0.02474546275731935 0.9967553000532435 -0.076593301852672
vn -0.006804399558341267 0.9989129429523197 0.04611542636673794
vn 0.1339743774694186 0.6970115271634145 0.7044329614541093
vn 0.47079621448125775 0.8772812594740123 0.09342652838358306
vn 0.38475312506260606 0.914423427914611 0.12567747306280033
vn -0.6117717067207155 0.40226241367363746 0.6811169718935819
vn -0.7480624692331641 0.48949731619502795 0.4481014612369015
vn 0.2691866720205531 0.9422578331565038 -0.19922025866289206
vn -0.014048181749705641 0.9980274996314488 -0.06118626127592587
vn -0.030137371377379582 0.9859454305207627 -0.16432695117262408
vn 0.01906299588431083 0.9986431625110148 -0.048460666090280435
vn 0.12442027098614121 0.8871381427950119 0.4444159220437
vn 0.5058531616831362 0.8509475268505178 -0.14142448643061098
vn 0.23890457863583342 0.8600435466406683 -0.45083223064525413
vn -0.5730693716417147 0.5182675820070968 -0.6348150980613861
vn -0.4167461742449567 0.6994208749552893 -0.5806316094814075
vn -0.7407760174941054 0.614869150952855 -0.2705306250909276
vn 0.47477550367206073 0.8723344289105889 -0.11670846263308345
vn -0.2850246046102767 0.5088935246827606 0.8122735717125801
vn -0.09865823251083482 0.9395505998703095 -0.32788904135572966
vn 0.24623194873309837 0.9319885924985374 -0.26602084669381826
vn -0.36375449422652023 0.897632139846697 0.24887589164932872
vn 0.39849791106233645 0.8214777312905115 -0.40788938681062603
vn -0.7300761842102624 -0.6793724783778569 -0.07376856289579901
vn -0.8430797432129082 -0.35335565216422976 0.4054088426115649
vn -0.660360112554156 -0.35985676233653585 0.6591112442889502
vn 0.15052697151370212 0.8737231595060957 0.4625467234665042
vn -0.3865862570673803 -0.31024587743957366 0.8685036334859989
vn 0.294652888524269 0.8658721964272819 -0.40428333472763794
vn 0.35485054703475094 0.9076046839348475 -0.22435424437407794
vn 0.2691745276189846 0.8897736138504965 -0.3685756228734126
vn -0.8165400977653 -0.09730903932606817 0.5690283117797145
vn -0.017299275778713732 0.9944265233019615 -0.1040030038561649
vn -0.03419482202006962 0.9785809683240244 -0.20300246939638536
vn 0.3211203359002208 -0.04697436019171378 0.9458726866528647
vn 0.0882131855499356 0.8630172076784711 -0.4974130407880226
vn 0.3066314262935811 0.8944841472224345 0.3253848164511036
vn -0.6878498596213672 -0.7258225397902717 0.0066491616964189475
vn -0.7581849420709624 -0.6046774251593852 0.2439688609627624
vn -0.20918959062527417 0.9746841565533018 0.07893358054724878
vn -0.001329199240735362 0.9266593425183104 -0.3758998485672893
vn -0.0723254622852641 0.9695636715952908 -0.23391304843441718
vn -0.5703586109743546 0.48992075007863706 0.6592941024533668
vn -0.46207005614378793 0.7986871240866051 0.38547391744908555
vn -0.0975668451405238 0.8835131427428007 -0.45813233604501713
vn -0.8151516000110315 0.5387227507602766 0.21285127862603104
vn -0.5465633776337503 0.801446998854579 0.2427986454998763
vn -0.8923964374282487 0.3999915643642712 0.2088907535119565
vn -0.8341829669894246 0.5051678938535966 0.2212333080805005
vn -0.2565585538127703 0.8464798503148367 0.466529282549843
vn -0.4519934147111466 0.8476780074853417 0.27774799492244473
vn -0.45944899227289404 0.7898223211128158 0.4063093951305902
vn -0.41798703894573064 0.7731481904083326 0.47699969700378303
vn -0.3838203806538818 0.4776532161124893 0.7902716751422291
vn 0.10304106218126755 0.7872107767664667 0.6080145824298068
vn 0.28977636735090423 0.420842667102709 -0.8596052038411542
vn 0.31435020549969284 0.5255485145360053 0.7905584780212651
vn -0.7617670638225935 0.5214023770606505 0.38451333094004414
vn -0.13515282576797716 0.7640241638529442 0.6308730385233944
vn -0.23170409313377135 0.8931252435358109 0.38553924908387105
vn -0.6264398042975373 0.7512532411079466 0.20782622384210464
vn 0.021586790509618665 0.5721693921916841 0.8198513262259766
vn -0.25492019734067384 0.8550624748756767 0.4515350009105329
vn -0.12727523315243708 0.814108965089347 0.5665929826490487
vn 0.1315755277983219 0.5995680115345945 0.7894340251275248
vn -0.3319246925594237 0.9323931970635749 0.14306964925831667
vn -0.7449587834664807 0.6390073872063011 0.19158802162953037
vn -0.8276488351921902 0.24990853054827344 0.5025366971318744
vn -0.6379117327024887 -0.06051462001126502 0.7677282084471047
vn -0.05703588148484953 0.72148851457327 0.690073352305465
vn -0.7175921592448784 0.6460652755676577 0.26011757475410935
vn -0.7768326650577791 0.5715998212178188 0.2642057056215594
vn -0.35048416767427826 0.7758466461612545 0.5246168409896897
vn -0.19179962367098075 0.9516989322453977 0.23975413807198448
vn -0.8368267887590163 0.5141607837803882 0.18804152211043598
vn -0.2974417631843232 0.9159000399571811 0.2695468685038557
vn 0.012127064732148949 0.799491257362017 0.6005552961240817
vn 0.26533800706000943 0.9466751557984704 0.18276184340108945
vn 0.10319762030994513 0.5867803307048768 0.8031432591139889
vn -0.933527974807899 0.3323213228205315 0.13449185347029313
vn -0.6430303089494712 0.7089085080796945 0.2897598125078236
vn 0.025119849222213084 0.9440903878913028 0.3287283569549522
vn -0.6073326060189159 0.5571079974123155 0.5663724789266438
vn 0.07044935276917721 0.539763224976346 0.8388638445287403
vn -0.27768059577022 0.906494978066299 0.31805713554843534
vn 0.5637195737860938 0.27078715079150795 -0.7803169619434412
vn -0.026531620152314493 0.9764804872788073 0.2139671262036216
vn -0.8700861499488782 0.17603511236565123 0.4603930178462209
vn 0.30536239077611926 0.6192945589336771 0.7233450487662406
vn 0.01100618410575254 0.911038262611918 0.41217489973127674
vn 0.3442991140497377 0.9250296684139002 -0.1605560108455471
f 1069//1069 1647//1647 1578//1578
f 1058//1058 909//909 939//939
f 421//421 1176//1176 238//238
f 1055//1055 1101//1101 1042//1042
f 238//238 1059//1059 1126//1126
f 1254//1254 30//30 1261//1261
f 1065//1065 1071//1071 1//1
f 1037//1037 1130//1130 1120//1120
f 1570//1570 2381//2381 1585//1585
f 2434//2434 2502//2502 2473//2473
f 1632//1632 1654//1654 1646//1646
f 1144//1144 1166//1166 669//669
f 1202//1202 1440//1440 305//305
f 1071//1071 1090//1090 1//1
f 1555//1555 1570//1570 1584//1584
f 1184//1184 1174//1174 404//404
f 65//65 432//432 12//12
f 1032//1032 1085//1085 574//574
f 1789//1789 2207//2207 2223//2223
f 1154//1154 1118//1118 1184//1184
f 1141//1141 1086//1086 1154//1154
f 99//99 1117//1117 342//342
f 404//404 1174//1174 419//419
f 489//489 2000//2000 1998//1998
f 1118//1118 1174//1174 1184//1184
f 1196//1196 403//403 136//136
f 1495//1495 717//717 1490//1490
f 1804//1804 402//402 1207//1207
f 2272//2272 1398//1398 891//891
f 1100//1100 1002//1002 804//804
f 1596//1596 1595//1595 2381//2381
f 208//208 420//420 1207//1207
f 402//402 208//208 1207//1207
f 1455//1455 1935//1935 1925//1925
f 1176//1176 1059//1059 238//238
f 1150//1150 1040//1040 348//348
f 1957//1957 1537//1537 2051//2051
f 1124//1124 1189//1189 939//939
f 1804//1804 1207//1207 1823//1823
f 1381//1381 1300//1300 1109//1109
f 383//383 384//384 1182//1182
f 1085//1085 1086//1086 1141//1141
f 1040//1040 1046//1046 132//132
f 220//220 1495//1495 1188//1188
f 420//420 261//261 1207//1207
f 261//261 420//420 1065//1065
f 1055//1055 1133//1133 1101//1101
f 1054//1054 421//421 403//403
f 182//182 1109//1109 2//2
f 1181//1181 1207//1207 320//320
f 545//545 1570//1570 1561//1561
f 35//35 342//342 432//432
f 1024//1024 574//574 1141//1141
f 432//432 342//342 12//12
f 1489//1489 1081//1081 1547//1547
f 1181//1181 320//320 1805//1805
f 1516//1516 1683//1683 1507//1507
f 357//357 1117//1117 1047//1047
f 1561//1561 1570//1570 1555//1555
f 1090//1090 1196//1196 1206//1206
f 1047//1047 1203//1203 1051//1051
f 1165//1165 202//202 1121//1121
f 1099//1099 341//341 301//301
f 1174//1174 240//240 419//419
f 922//922 921//921 833//833
f 1121//1121 1080//1080 385//385
f 815//815 21//21 1183//1183
f 35//35 99//99 342//342
f 1083//1083 398//398 262//262
f 106//106 94//94 1317//1317
f 94//94 292//292 1317//1317
f 292//292 95//95 1317//1317
f 940//940 1039//1039 1033//1033
f 1300//1300 1306//1306 433//433
f 21//21 212//212 471//471
f 1120//1120 1131//1131 1037//1037
f 833//833 921//921 688//688
f 1117//1117 357//357 342//342
f 106//106 271//271 94//94
f 386//386 227//227 1375//1375
f 1130//1130 1044//1044 1053//1053
f 419//419 240//240 219//219
f 1255//1255 1244//1244 32//32
f 1557//1557 1081//1081 1489//1489
f 2062//2062 2120//2120 2109//2109
f 2034//2034 2110//2110 430//430
f 23//23 315//315 1111//1111
f 291//291 94//94 271//271
f 291//291 292//292 94//94
f 50//50 386//386 95//95
f 964//964 734//734 665//665
f 1616//1616 1585//1585 1611//1611
f 445//445 1084//1084 402//402
f 574//574 1085//1085 1141//1141
f 1654//1654 341//341 1653//1653
f 220//220 1188//1188 1640//1640
f 342//342 69//69 12//12
f 417//417 261//261 328//328
f 292//292 50//50 95//95
f 204//204 227//227 386//386
f 50//50 204//204 386//386
f 1276//1276 1471//1471 1311//1311
f 1206//1206 1196//1196 136//136
f 1033//1033 1055//1055 1042//1042
f 1037//1037 1044//1044 1130//1130
f 1180//1180 320//320 417//417
f 1121//1121 202//202 1080//1080
f 325//325 203//203 271//271
f 291//291 76//76 292//292
f 292//292 237//237 50//50
f 2159//2159 1696//1696 1767//1767
f 583//583 929//929 850//850
f 1584//1584 1585//1585 1616//1616
f 1495//1495 1490//1490 1188//1188
f 1557//1557 1489//1489 1660//1660
f 1078//1078 1069//1069 1494//1494
f 1972//1972 1992//1992 1971//1971
f 183//183 1226//1226 2000//2000
f 325//325 429//429 203//203
f 292//292 76//76 237//237
f 1152//1152 227//227 1143//1143
f 1488//1488 1412//1412 1489//1489
f 1638//1638 1646//1646 1653//1653
f 1947//1947 1869//1869 2468//2468
f 203//203 306//306 291//291
f 306//306 76//76 291//291
f 237//237 248//248 50//50
f 204//204 1143//1143 227//227
f 2395//2395 14//14 429//429
f 1502//1502 881//881 2500//2500
f 1//1 1090//1090 202//202
f 1652//1652 1653//1653 1099//1099
f 2117//2117 1863//1863 2496//2496
f 50//50 248//248 204//204
f 160//160 792//792 994//994
f 884//884 888//888 857//857
f 544//544 2117//2117 2496//2496
f 1090//1090 1206//1206 202//202
f 2463//2463 879//879 2492//2492
f 429//429 306//306 203//203
f 498//498 188//188 418//418
f 865//865 884//884 857//857
f 994//994 998//998 1014//1014
f 884//884 897//897 888//888
f 1795//1795 948//948 1802//1802
f 208//208 1035//1035 1071//1071
f 1065//1065 1//1 1066//1066
f 377//377 435//435 1377//1377
f 304//304 429//429 14//14
f 304//304 306//306 429//429
f 73//73 60//60 74//74
f 248//248 592//592 204//204
f 846//846 2264//2264 829//829
f 897//897 912//912 906//906
f 1004//1004 991//991 992//992
f 1422//1422 1421//1421 1233//1233
f 980//980 10//10 303//303
f 1058//1058 922//922 909//909
f 2436//2436 2449//2449 2418//2418
f 394//394 435//435 377//377
f 435//435 475//475 446//446
f 475//475 474//474 446//446
f 336//336 337//337 361//361
f 338//338 235//235 372//372
f 624//624 148//148 129//129
f 812//812 306//306 596//596
f 1726//1726 992//992 1019//1019
f 945//945 1514//1514 1511//1511
f 1069//1069 1627//1627 1628//1628
f 1812//1812 1823//1823 1181//1181
f 1165//1165 1121//1121 169//169
f 447//447 475//475 435//435
f 2487//2487 2458//2458 901//901
f 42//42 59//59 46//46
f 401//401 7//7 187//187
f 1010//1010 970//970 797//797
f 1513//1513 220//220 1640//1640
f 2474//2474 2491//2491 2462//2462
f 594//594 307//307 1014//1014
f 398//398 1513//1513 1640//1640
f 307//307 594//594 1026//1026
f 545//545 2381//2381 1570//1570
f 403//403 421//421 238//238
f 445//445 402//402 127//127
f 1611//1611 1631//1631 1616//1616
f 1805//1805 1180//1180 1148//1148
f 394//394 447//447 435//435
f 2341//2341 2413//2413 2376//2376
f 75//75 74//74 60//60
f 541//541 47//47 42//42
f 47//47 59//59 42//42
f 541//541 42//42 28//28
f 917//917 931//931 1103//1103
f 897//897 906//906 883//883
f 2484//2484 2068//2068 779//779
f 888//888 883//883 857//857
f 261//261 1065//1065 328//328
f 363//363 1307//1307 349//349
f 377//377 363//363 394//394
f 444//444 747//747 464//464
f 323//323 338//338 362//362
f 92//92 116//116 74//74
f 592//592 634//634 97//97
f 982//982 1027//1027 1004//1004
f 1020//1020 982//982 1004//1004
f 1084//1084 1054//1054 1035//1035
f 208//208 402//402 1084//1084
f 421//421 1119//1119 1176//1176
f 1207//1207 1181//1181 1823//1823
f 1179//1179 1187//1187 1160//1160
f 263//263 296//296 1343//1343
f 1298//1298 296//296 1307//1307
f 1307//1307 296//296 349//349
f 405//405 363//363 349//349
f 405//405 394//394 363//363
f 405//405 447//447 394//394
f 362//362 372//372 384//384
f 338//338 372//372 362//362
f 983//983 1004//1004 987//987
f 122//122 134//134 139//139
f 415//415 440//440 414//414
f 75//75 92//92 74//74
f 226//226 186//186 246//246
f 796//796 787//787 700//700
f 1119//1119 1059//1059 1176//1176
f 122//122 114//114 91//91
f 624//624 129//129 116//116
f 641//641 558//558 631//631
f 1311//1311 1318//1318 1487//1487
f 100//100 1162//1162 1170//1170
f 1653//1653 341//341 1099//1099
f 1316//1316 1983//1983 273//273
f 263//263 277//277 296//296
f 296//296 358//358 349//349
f 436//436 447//447 405//405
f 109//109 554//554 570//570
f 504//504 1385//1385 2501//2501
f 115//115 122//122 91//91
f 2068//2068 2460//2460 779//779
f 43//43 777//777 163//163
f 378//378 405//405 349//349
f 358//358 378//378 349//349
f 448//448 447//447 436//436
f 448//448 476//476 447//447
f 78//78 77//77 108//108
f 75//75 60//60 47//47
f 1764//1764 2481//2481 1795//1795
f 717//717 714//714 1512//1512
f 1490//1490 717//717 1501//1501
f 238//238 1126//1126 168//168
f 1878//1878 1866//1866 826//826
f 2025//2025 2360//2360 2367//2367
f 251//251 278//278 263//263
f 278//278 277//277 263//263
f 277//277 318//318 296//296
f 296//296 318//318 358//358
f 318//318 350//350 358//358
f 378//378 436//436 405//405
f 384//384 372//372 1182//1182
f 454//454 440//440 415//415
f 987//987 1004//1004 992//992
f 493//493 476//476 448//448
f 323//323 788//788 338//338
f 403//403 238//238 136//136
f 1565//1565 1503//1503 1474//1474
f 297//297 277//277 278//278
f 297//297 318//318 277//277
f 358//358 350//350 378//378
f 378//378 388//388 436//436
f 476//476 493//493 500//500
f 73//73 105//105 60//60
f 323//323 337//337 312//312
f 953//953 1573//1573 2358//2358
f 142//142 161//161 119//119
f 454//454 443//443 440//440
f 1862//1862 1871//1871 1405//1405
f 297//297 319//319 318//318
f 560//560 47//47 541//541
f 170//170 1323//1323 111//111
f 357//357 1047//1047 1050//1050
f 1119//1119 98//98 1059//1059
f 1838//1838 1877//1877 1900//1900
f 2359//2359 230//230 251//251
f 350//350 364//364 378//378
f 449//449 448//448 436//436
f 449//449 493//493 448//448
f 185//185 186//186 226//226
f 443//443 469//469 479//479
f 874//874 165//165 2480//2480
f 463//463 444//444 464//464
f 64//64 105//105 91//91
f 1182//1182 440//440 1129//1129
f 1958//1958 1651//1651 2502//2502
f 1238//1238 2034//2034 191//191
f 251//251 279//279 278//278
f 278//278 279//279 297//297
f 364//364 388//388 378//378
f 483//483 493//493 449//449
f 134//134 148//148 139//139
f 244//244 268//268 259//259
f 910//910 942//942 930//930
f 105//105 115//115 91//91
f 24//24 30//30 18//18
f 1132//1132 487//487 1059//1059
f 1869//1869 1947//1947 2021//2021
f 2497//2497 2494//2494 2463//2463
f 2359//2359 2385//2385 230//230
f 230//230 280//280 251//251
f 251//251 280//280 279//279
f 279//279 308//308 297//297
f 297//297 308//308 319//319
f 319//319 364//364 318//318
f 364//364 350//350 318//318
f 388//388 395//395 436//436
f 436//436 395//395 449//449
f 493//493 472//472 500//500
f 122//122 129//129 134//134
f 125//125 142//142 124//124
f 373//373 400//400 393//393
f 24//24 557//557 30//30
f 2264//2264 2278//2278 2251//2251
f 1261//1261 30//30 1269//1269
f 1730//1730 1862//1862 1877//1877
f 252//252 280//280 230//230
f 343//343 364//364 319//319
f 364//364 343//343 388//388
f 63//63 64//64 91//91
f 399//399 393//393 416//416
f 416//416 444//444 463//463
f 162//162 189//189 142//142
f 768//768 373//373 326//326
f 189//189 661//661 177//177
f 189//189 199//199 661//661
f 847//847 887//887 864//864
f 533//533 747//747 444//444
f 1744//1744 1022//1022 1418//1418
f 1170//1170 524//524 729//729
f 121//121 1342//1342 128//128
f 1236//1236 1244//1244 26//26
f 280//280 281//281 279//279
f 281//281 308//308 279//279
f 343//343 319//319 308//308
f 343//343 365//365 388//388
f 388//388 365//365 395//395
f 365//365 406//406 395//395
f 406//406 449//449 395//395
f 483//483 477//477 493//493
f 477//477 491//491 472//472
f 493//493 477//477 472//472
f 78//78 109//109 77//77
f 166//166 174//174 196//196
f 481//481 150//150 814//814
f 63//63 59//59 64//64
f 326//326 373//373 393//393
f 643//643 260//260 43//43
f 230//230 253//253 252//252
f 449//449 441//441 483//483
f 441//441 477//477 483//483
f 415//415 416//416 463//463
f 226//226 246//246 245//245
f 464//464 470//470 454//454
f 323//323 362//362 337//337
f 52//52 37//37 1283//1283
f 253//253 281//281 252//252
f 281//281 280//280 252//252
f 309//309 308//308 281//281
f 330//330 343//343 308//308
f 366//366 365//365 343//343
f 441//441 449//449 406//406
f 464//464 814//814 15//15
f 883//883 906//906 887//887
f 337//337 362//362 371//371
f 479//479 498//498 290//290
f 247//247 746//746 1003//1003
f 25//25 37//37 557//557
f 640//640 930//930 669//669
f 2486//2486 2499//2499 2459//2459
f 309//309 330//330 308//308
f 343//343 330//330 366//366
f 441//441 437//437 477//477
f 290//290 498//498 418//418
f 124//124 119//119 108//108
f 77//77 124//124 108//108
f 589//589 125//125 109//109
f 570//570 589//589 109//109
f 125//125 162//162 142//142
f 1045//1045 433//433 1034//1034
f 1207//1207 261//261 320//320
f 2004//2004 2474//2474 2495//2495
f 1215//1215 1228//1228 2285//2285
f 365//365 396//396 406//406
f 396//396 422//422 406//406
f 422//422 437//437 441//441
f 406//406 422//422 441//441
f 59//59 47//47 60//60
f 51//51 78//78 66//66
f 361//361 371//371 383//383
f 196//196 215//215 214//214
f 463//463 454//454 415//415
f 27//27 41//41 535//535
f 53//53 1283//1283 37//37
f 84//84 1299//1299 1283//1283
f 1805//1805 320//320 1180//1180
f 254//254 253//253 222//222
f 254//254 281//281 253//253
f 309//309 366//366 330//330
f 396//396 365//365 366//366
f 456//456 477//477 437//437
f 484//484 491//491 477//477
f 2480//2480 2485//2485 2493//2493
f 418//418 188//188 187//187
f 53//53 85//85 1283//1283
f 85//85 84//84 1283//1283
f 420//420 1071//1071 1065//1065
f 264//264 281//281 254//254
f 298//298 309//309 281//281
f 368//368 366//366 367//367
f 368//368 396//396 366//366
f 1639//1639 1564//1564 1139//1139
f 560//560 48//48 47//47
f 82//82 471//471 212//212
f 25//25 38//38 37//37
f 202//202 1206//1206 1080//1080
f 264//264 298//298 281//281
f 298//298 331//331 309//309
f 309//309 331//331 366//366
f 331//331 367//367 366//366
f 396//396 368//368 422//422
f 422//422 456//456 437//437
f 491//491 1192//1192 313//313
f 1699//1699 2064//2064 1710//1710
f 462//462 443//443 479//479
f 371//371 362//362 384//384
f 2502//2502 2476//2476 2464//2464
f 371//371 384//384 383//383
f 21//21 732//732 212//212
f 1571//1571 1629//1629 1627//1627
f 38//38 39//39 53//53
f 37//37 38//38 53//53
f 39//39 85//85 53//53
f 1173//1173 1184//1184 404//404
f 1006//1006 2142//2142 1674//1674
f 201//201 255//255 254//254
f 255//255 264//264 254//254
f 368//368 407//407 422//422
f 450//450 456//456 422//422
f 450//450 484//484 456//456
f 456//456 484//484 477//477
f 314//314 1192//1192 491//491
f 2027//2027 2501//2501 2489//2489
f 2475//2475 2471//2471 2488//2488
f 551//551 492//492 732//732
f 464//464 481//481 814//814
f 1081//1081 1494//1494 1547//1547
f 201//201 231//231 255//255
f 407//407 450//450 422//422
f 484//484 494//494 491//491
f 494//494 327//327 491//491
f 327//327 314//314 491//491
f 876//876 797//797 995//995
f 847//847 856//856 829//829
f 125//125 143//143 162//162
f 134//134 129//129 148//148
f 1564//1564 1571//1571 1627//1627
f 417//417 320//320 261//261
f 328//328 1065//1065 1066//1066
f 170//170 156//156 201//201
f 156//156 231//231 201//201
f 231//231 282//282 255//255
f 282//282 264//264 255//255
f 450//450 485//485 484//484
f 484//484 485//485 494//494
f 2463//2463 2486//2486 2479//2479
f 159//159 185//185 167//167
f 492//492 68//68 212//212
f 732//732 492//492 212//212
f 68//68 82//82 212//212
f 1311//1311 1471//1471 1296//1296
f 101//101 156//156 111//111
f 332//332 264//264 282//282
f 332//332 298//298 264//264
f 332//332 331//331 298//298
f 331//331 332//332 367//367
f 407//407 423//423 450//450
f 450//450 423//423 485//485
f 804//804 1002//1002 1443//1443
f 2484//2484 779//779 946//946
f 689//689 443//443 462//462
f 440//440 689//689 1129//1129
f 166//166 167//167 174//174
f 38//38 31//31 39//39
f 112//112 145//145 101//101
f 101//101 145//145 156//156
f 156//156 256//256 231//231
f 332//332 423//423 368//368
f 367//367 332//332 368//368
f 368//368 423//423 407//407
f 946//946 779//779 920//920
f 1432//1432 1261//1261 1449//1449
f 461//461 478//478 453//453
f 464//464 15//15 470//470
f 31//31 54//54 39//39
f 39//39 54//54 85//85
f 86//86 101//101 85//85
f 145//145 210//210 156//156
f 282//282 283//283 332//332
f 283//283 369//369 332//332
f 369//369 423//423 332//332
f 423//423 408//408 485//485
f 854//854 876//876 965//965
f 78//78 108//108 66//66
f 440//440 443//443 689//689
f 374//374 2465//2465 961//961
f 929//929 519//519 979//979
f 54//54 86//86 85//85
f 156//156 241//241 256//256
f 256//256 282//282 231//231
f 256//256 283//283 282//282
f 389//389 423//423 369//369
f 389//389 408//408 423//423
f 408//408 457//457 485//485
f 457//457 49//49 485//485
f 485//485 49//49 494//494
f 494//494 135//135 327//327
f 175//175 83//83 314//314
f 1167//1167 1140//1140 1483//1483
f 196//196 174//174 215//215
f 697//697 16//16 68//68
f 1038//1038 82//82 16//16
f 140//140 117//117 141//141
f 1654//1654 1653//1653 1646//1646
f 1234//1234 54//54 31//31
f 86//86 112//112 101//101
f 210//210 241//241 156//156
f 923//923 917//917 911//911
f 697//697 34//34 16//16
f 145//145 193//193 210//210
f 256//256 265//265 283//283
f 265//265 310//310 283//283
f 283//283 310//310 369//369
f 310//310 344//344 369//369
f 344//344 370//370 369//369
f 370//370 389//389 369//369
f 409//409 408//408 389//389
f 409//409 466//466 408//408
f 466//466 457//457 408//408
f 466//466 49//49 457//457
f 49//49 135//135 494//494
f 174//174 225//225 215//215
f 1014//1014 766//766 602//602
f 826//826 2220//2220 2215//2215
f 1078//1078 1494//1494 1081//1081
f 1273//1273 70//70 86//86
f 120//120 112//112 86//86
f 146//146 145//145 112//112
f 146//146 193//193 145//145
f 265//265 256//256 241//241
f 223//223 265//265 241//241
f 486//486 49//49 466//466
f 175//175 327//327 135//135
f 105//105 122//122 115//115
f 480//480 15//15 681//681
f 225//225 234//234 215//215
f 731//731 34//34 697//697
f 86//86 54//54 1273//1273
f 70//70 120//120 86//86
f 193//193 241//241 210//210
f 299//299 310//310 265//265
f 310//310 333//333 344//344
f 344//344 351//351 370//370
f 424//424 466//466 409//409
f 135//135 49//49 175//175
f 214//214 215//215 234//234
f 48//48 75//75 47//47
f 34//34 9//9 1038//1038
f 16//16 34//34 1038//1038
f 203//203 291//291 271//271
f 9//9 558//558 754//754
f 1195//1195 397//397 1120//1120
f 120//120 146//146 112//112
f 146//146 194//194 193//193
f 266//266 265//265 223//223
f 266//266 299//299 265//265
f 299//299 333//333 310//310
f 333//333 351//351 344//344
f 382//382 383//383 392//392
f 399//399 416//416 415//415
f 266//266 333//333 299//299
f 351//351 352//352 370//370
f 424//424 486//486 466//466
f 487//487 175//175 49//49
f 7//7 117//117 187//187
f 1182//1182 414//414 440//440
f 41//41 42//42 46//46
f 290//290 289//289 497//497
f 2502//2502 2464//2464 2473//2473
f 372//372 399//399 414//414
f 1570//1570 1585//1585 1584//1584
f 1066//1066 1//1 1165//1165
f 1//1 202//202 1165//1165
f 120//120 70//70 102//102
f 157//157 146//146 120//120
f 194//194 223//223 193//193
f 223//223 241//241 193//193
f 352//352 379//379 370//370
f 370//370 379//379 389//389
f 410//410 409//409 389//389
f 2478//2478 1409//1409 1958//1958
f 806//806 945//945 1002//1002
f 157//157 194//194 146//146
f 267//267 266//266 223//223
f 267//267 333//333 266//266
f 379//379 410//410 389//389
f 410//410 438//438 409//409
f 438//438 424//424 409//409
f 190//190 205//205 143//143
f 337//337 371//371 361//361
f 2215//2215 830//830 826//826
f 1631//1631 1646//1646 1638//1638
f 102//102 157//157 120//120
f 157//157 195//195 194//194
f 195//195 223//223 194//194
f 195//195 211//211 223//223
f 223//223 211//211 267//267
f 267//267 300//300 333//333
f 300//300 334//334 351//351
f 333//333 300//300 351//351
f 351//351 334//334 352//352
f 410//410 411//411 438//438
f 438//438 486//486 424//424
f 487//487 49//49 486//486
f 875//875 594//594 989//989
f 108//108 581//581 66//66
f 225//225 245//245 244//244
f 312//312 336//336 335//335
f 151//151 754//754 107//107
f 274//274 1386//1386 300//300
f 352//352 334//334 379//379
f 923//923 1729//1729 1096//1096
f 244//244 245//245 268//268
f 463//463 464//464 454//454
f 414//414 399//399 415//415
f 15//15 480//480 470//470
f 1647//1647 1069//1069 1078//1078
f 909//909 922//922 833//833
f 387//387 417//417 328//328
f 133//133 157//157 102//102
f 1314//1314 133//133 102//102
f 133//133 195//195 157//157
f 1148//1148 1179//1179 1160//1160
f 1046//1046 1167//1167 182//182
f 379//379 411//411 410//410
f 792//792 339//339 229//229
f 391//391 7//7 668//668
f 185//185 226//226 174//174
f 461//461 290//290 497//497
f 2027//2027 504//504 2501//2501
f 1196//1196 1054//1054 403//403
f 728//728 1019//1019 752//752
f 2459//2459 2483//2483 2461//2461
f 1291//1291 1264//1264 55//55
f 133//133 1356//1356 195//195
f 195//195 1356//1356 211//211
f 412//412 438//438 411//411
f 4//4 486//486 438//438
f 458//458 4//4 438//438
f 4//4 487//487 486//486
f 1720//1720 1572//1572 1771//1771
f 245//245 275//275 268//268
f 1869//1869 2021//2021 2059//2059
f 235//235 399//399 372//372
f 64//64 60//60 105//105
f 836//836 2492//2492 879//879
f 1315//1315 133//133 1314//1314
f 1331//1331 1382//1382 1356//1356
f 1310//1310 926//926 1128//1128
f 7//7 1121//1121 117//117
f 119//119 161//161 611//611
f 380//380 379//379 334//334
f 379//379 380//380 411//411
f 467//467 4//4 458//458
f 495//495 487//487 4//4
f 495//495 1126//1126 487//487
f 416//416 400//400 533//533
f 479//479 469//469 498//498
f 74//74 116//116 73//73
f 478//478 461//461 497//497
f 393//393 400//400 416//416
f 61//61 1291//1291 55//55
f 505//505 1999//1999 2474//2474
f 1999//1999 2491//2491 2474//2474
f 199//199 189//189 36//36
f 1164//1164 1165//1165 169//169
f 1179//1179 387//387 249//249
f 390//390 411//411 380//380
f 411//411 390//390 412//412
f 458//458 438//438 412//412
f 495//495 168//168 1126//1126
f 480//480 469//469 470//470
f 116//116 122//122 105//105
f 418//418 187//187 140//140
f 185//185 174//174 167//167
f 166//166 148//148 167//167
f 470//470 469//469 443//443
f 40//40 55//55 32//32
f 61//61 71//71 1291//1291
f 71//71 103//103 1291//1291
f 1184//1184 1173//1173 1154//1154
f 634//634 514//514 97//97
f 425//425 458//458 412//412
f 917//917 923//923 931//931
f 2472//2472 2489//2489 853//853
f 754//754 641//641 567//567
f 44//44 567//567 1163//1163
f 454//454 470//470 443//443
f 40//40 32//32 1249//1249
f 33//33 40//40 1249//1249
f 56//56 55//55 40//40
f 56//56 61//61 55//55
f 451//451 1265//1265 439//439
f 1180//1180 417//417 1179//1179
f 1099//1099 301//301 1077//1077
f 1189//1189 1058//1058 939//939
f 1059//1059 221//221 1132//1132
f 598//598 1074//1074 1075//1075
f 412//412 426//426 425//425
f 650//650 186//186 185//185
f 234//234 244//244 259//259
f 226//226 245//245 225//225
f 1033//1033 1042//1042 1030//1030
f 2492//2492 836//836 247//247
f 7//7 169//169 1121//1121
f 1462//1462 1322//1322 1482//1482
f 425//425 467//467 458//458
f 496//496 4//4 467//467
f 1751//1751 2468//2468 2480//2480
f 290//290 418//418 140//140
f 326//326 789//789 762//762
f 142//142 177//177 161//161
f 165//165 1751//1751 2480//2480
f 87//87 103//103 71//71
f 103//103 87//87 104//104
f 1180//1180 1179//1179 1148//1148
f 417//417 387//387 1179//1179
f 2081//2081 2060//2060 2031//2031
f 1154//1154 1173//1173 1141//1141
f 181//181 131//131 197//197
f 442//442 425//425 426//426
f 614//614 144//144 143//143
f 876//876 1010//1010 797//797
f 40//40 45//45 56//56
f 56//56 45//45 61//61
f 87//87 71//71 61//61
f 1563//1563 1437//1437 1590//1590
f 1121//1121 385//385 117//117
f 1148//1148 1160//1160 1137//1137
f 1449//1449 1459//1459 1439//1439
f 1028//1028 2462//2462 929//929
f 442//442 459//459 425//425
f 459//459 467//467 425//425
f 168//168 495//495 4//4
f 496//496 168//168 4//4
f 1763//1763 1403//1403 1444//1444
f 140//140 187//187 117//117
f 244//244 234//234 225//225
f 246//246 740//740 269//269
f 372//372 414//414 1182//1182
f 40//40 547//547 45//45
f 45//45 62//62 61//61
f 62//62 87//87 61//61
f 87//87 88//88 104//104
f 1084//1084 517//517 1054//1054
f 387//387 328//328 1064//1064
f 2467//2467 2497//2497 2485//2485
f 286//286 1363//1363 302//302
f 205//205 189//189 162//162
f 290//290 140//140 289//289
f 214//214 234//234 224//224
f 393//393 399//399 809//809
f 315//315 1131//1131 397//397
f 302//302 321//321 353//353
f 1164//1164 169//169 391//391
f 427//427 459//459 442//442
f 217//217 496//496 467//467
f 217//217 168//168 496//496
f 978//978 969//969 2074//2074
f 361//361 383//383 382//382
f 269//269 276//276 245//245
f 1440//1440 11//11 305//305
f 62//62 88//88 87//87
f 328//328 1066//1066 1064//1064
f 1066//1066 1165//1165 1164//1164
f 242//242 287//287 302//302
f 1363//1363 242//242 302//302
f 287//287 321//321 302//302
f 1179//1179 249//249 1187//1187
f 983//983 1020//1020 1004//1004
f 464//464 747//747 481//481
f 788//788 323//323 276//276
f 269//269 245//245 246//246
f 88//88 89//89 1325//1325
f 171//171 172//172 242//242
f 360//360 353//353 321//321
f 360//360 1354//1354 353//353
f 1057//1057 1064//1064 1164//1164
f 2184//2184 2188//2188 2183//2183
f 460//460 459//459 451//451
f 460//460 467//467 459//459
f 149//149 168//168 217//217
f 149//149 136//136 168//168
f 116//116 129//129 122//122
f 109//109 124//124 77//77
f 159//159 167//167 148//148
f 28//28 42//42 41//41
f 57//57 88//88 62//62
f 45//45 57//57 62//62
f 1336//1336 1325//1325 89//89
f 89//89 72//72 1336//1336
f 147//147 172//172 171//171
f 172//172 258//258 242//242
f 258//258 257//257 242//242
f 257//257 287//287 242//242
f 257//257 321//321 287//287
f 345//345 360//360 321//321
f 360//360 381//381 1354//1354
f 1069//1069 938//938 1655//1655
f 387//387 473//473 249//249
f 270//270 217//217 467//467
f 130//130 136//136 149//149
f 851//851 847//847 829//829
f 983//983 987//987 975//975
f 189//189 177//177 142//142
f 88//88 72//72 89//89
f 184//184 258//258 172//172
f 257//257 288//288 321//321
f 1265//1265 451//451 459//459
f 270//270 149//149 217//217
f 226//226 225//225 174//174
f 27//27 28//28 41//41
f 109//109 125//125 124//124
f 547//547 57//57 45//45
f 57//57 58//58 88//88
f 88//88 58//58 72//72
f 2476//2476 2484//2484 2458//2458
f 147//147 184//184 172//172
f 184//184 213//213 258//258
f 258//258 243//243 257//257
f 243//243 288//288 257//257
f 345//345 321//321 288//288
f 391//391 169//169 7//7
f 468//468 460//460 451//451
f 468//468 488//488 460//460
f 270//270 467//467 460//460
f 488//488 270//270 460//460
f 1206//1206 136//136 130//130
f 481//481 793//793 150//150
f 143//143 205//205 162//162
f 142//142 119//119 124//124
f 58//58 90//90 72//72
f 90//90 128//128 72//72
f 147//147 173//173 184//184
f 173//173 213//213 184//184
f 213//213 233//233 258//258
f 258//258 233//233 243//243
f 354//354 360//360 345//345
f 354//354 381//381 360//360
f 1026//1026 991//991 307//307
f 268//268 312//312 259//259
f 1206//1206 130//130 1080//1080
f 116//116 105//105 73//73
f 139//139 148//148 166//166
f 275//275 312//312 268//268
f 188//188 401//401 187//187
f 2479//2479 2459//2459 2461//2461
f 58//58 63//63 90//90
f 1064//1064 1066//1066 1164//1164
f 1064//1064 473//473 387//387
f 288//288 311//311 345//345
f 311//311 354//354 345//345
f 996//996 994//994 307//307
f 452//452 468//468 439//439
f 452//452 478//478 468//468
f 478//478 488//488 468//468
f 141//141 130//130 149//149
f 1564//1564 1639//1639 1563//1563
f 547//547 41//41 57//57
f 2081//2081 2107//2107 2060//2060
f 382//382 381//381 354//354
f 497//497 270//270 488//488
f 289//289 149//149 270//270
f 289//289 141//141 149//149
f 114//114 122//122 139//139
f 59//59 60//60 64//64
f 275//275 323//323 312//312
f 401//401 668//668 7//7
f 41//41 46//46 57//57
f 57//57 46//46 58//58
f 1459//1459 1345//1345 1269//1269
f 1342//1342 121//121 158//158
f 166//166 173//173 158//158
f 213//213 224//224 233//233
f 233//233 259//259 243//243
f 243//243 322//322 288//288
f 322//322 311//311 288//288
f 453//453 478//478 452//452
f 497//497 289//289 270//270
f 912//912 911//911 906//906
f 276//276 323//323 275//275
f 276//276 275//275 245//245
f 46//46 63//63 58//58
f 90//90 121//121 128//128
f 173//173 214//214 213//213
f 213//213 214//214 224//224
f 259//259 322//322 243//243
f 336//336 311//311 322//322
f 336//336 354//354 311//311
f 361//361 382//382 354//354
f 1043//1043 439//439 1290//1290
f 497//497 488//488 478//478
f 385//385 130//130 141//141
f 385//385 1080//1080 130//130
f 144//144 190//190 143//143
f 535//535 41//41 547//547
f 121//121 166//166 158//158
f 335//335 336//336 322//322
f 354//354 336//336 361//361
f 2004//2004 2481//2481 1764//1764
f 698//698 439//439 1043//1043
f 289//289 140//140 141//141
f 923//923 1096//1096 931//931
f 650//650 185//185 159//159
f 46//46 59//59 63//63
f 63//63 91//91 90//90
f 90//90 114//114 121//121
f 121//121 139//139 166//166
f 173//173 196//196 214//214
f 259//259 335//335 322//322
f 2478//2478 2502//2502 2434//2434
f 312//312 337//337 336//336
f 90//90 91//91 114//114
f 114//114 139//139 121//121
f 166//166 196//196 173//173
f 224//224 234//234 233//233
f 234//234 259//259 233//233
f 259//259 312//312 335//335
f 1124//1124 916//916 1189//1189
f 542//542 541//541 530//530
f 462//462 479//479 290//290
f 269//269 783//783 276//276
f 813//813 567//567 641//641
f 276//276 783//783 788//788
f 82//82 1038//1038 1333//1333
f 816//816 701//701 703//703
f 672//672 137//137 603//603
f 625//625 635//635 624//624
f 2457//2457 2439//2439 1973//1973
f 767//767 533//533 529//529
f 2468//2468 1869//1869 2480//2480
f 662//662 190//190 639//639
f 711//711 720//720 719//719
f 630//630 639//639 614//614
f 161//161 654//654 638//638
f 781//781 991//991 982//982
f 1227//1227 31//31 516//516
f 648//648 639//639 630//630
f 630//630 614//614 590//590
f 2098//2098 544//544 1899//1899
f 578//578 579//579 586//586
f 697//697 492//492 551//551
f 529//529 533//533 400//400
f 869//869 859//859 870//870
f 1732//1732 924//924 914//914
f 1004//1004 1027//1027 991//991
f 801//801 591//591 603//603
f 636//636 676//676 651//651
f 876//876 949//949 965//965
f 2207//2207 1789//1789 1859//1859
f 76//76 739//739 237//237
f 188//188 681//681 15//15
f 578//578 604//604 599//599
f 797//797 616//616 995//995
f 510//510 2035//2035 1365//1365
f 76//76 812//812 617//617
f 617//617 739//739 76//76
f 1468//1468 93//93 1765//1765
f 596//596 546//546 812//812
f 1457//1457 1305//1305 1477//1477
f 760//760 197//197 150//150
f 671//671 773//773 765//765
f 586//586 609//609 604//604
f 591//591 700//700 632//632
f 476//476 2312//2312 474//474
f 2084//2084 2027//2027 2489//2489
f 582//582 590//590 571//571
f 1555//1555 2449//2449 1996//1996
f 674//674 546//546 596//596
f 812//812 655//655 617//617
f 161//161 177//177 661//661
f 599//599 604//604 636//636
f 700//700 787//787 576//576
f 776//776 675//675 572//572
f 776//776 674//674 675//675
f 617//617 634//634 739//739
f 591//591 632//632 649//649
f 612//612 546//546 674//674
f 617//617 655//655 634//634
f 728//728 752//752 706//706
f 571//571 2311//2311 2305//2305
f 775//775 674//674 776//776
f 775//775 612//612 674//674
f 612//612 628//628 546//546
f 546//546 628//628 812//812
f 812//812 628//628 655//655
f 620//620 630//630 615//615
f 620//620 648//648 630//630
f 667//667 653//653 646//646
f 810//810 782//782 785//785
f 150//150 197//197 814//814
f 534//534 1517//1517 2000//2000
f 702//702 572//572 2378//2378
f 748//748 776//776 572//572
f 655//655 613//613 634//634
f 911//911 917//917 905//905
f 648//648 679//679 662//662
f 727//727 771//771 713//713
f 750//750 807//807 799//799
f 639//639 190//190 144//144
f 662//662 679//679 200//200
f 702//702 748//748 572//572
f 775//775 776//776 748//748
f 628//628 718//718 655//655
f 626//626 658//658 645//645
f 791//791 778//778 790//790
f 612//612 811//811 628//628
f 613//613 514//514 634//634
f 1380//1380 1756//1756 1673//1673
f 570//570 590//590 614//614
f 720//720 741//741 719//719
f 1074//1074 795//795 835//835
f 614//614 639//639 144//144
f 612//612 775//775 811//811
f 718//718 735//735 655//655
f 655//655 735//735 613//613
f 798//798 338//338 788//788
f 636//636 652//652 676//676
f 571//571 590//590 555//555
f 528//528 730//730 687//687
f 690//690 702//702 2312//2312
f 476//476 690//690 2312//2312
f 811//811 718//718 628//628
f 721//721 778//778 727//727
f 748//748 702//702 690//690
f 735//735 686//686 613//613
f 1517//1517 2002//2002 2127//2127
f 654//654 685//685 667//667
f 569//569 588//588 606//606
f 513//513 531//531 538//538
f 538//538 549//549 548//548
f 549//549 553//553 548//548
f 550//550 588//588 549//549
f 1903//1903 869//869 870//870
f 691//691 775//775 748//748
f 691//691 600//600 775//775
f 600//600 811//811 775//775
f 811//811 563//563 718//718
f 563//563 736//736 718//718
f 718//718 736//736 735//735
f 736//736 647//647 735//735
f 735//735 647//647 686//686
f 686//686 745//745 613//613
f 745//745 514//514 613//613
f 569//569 606//606 605//605
f 654//654 667//667 638//638
f 851//851 857//857 847//847
f 588//588 569//569 549//549
f 690//690 691//691 748//748
f 680//680 514//514 745//745
f 2127//2127 2002//2002 2094//2094
f 747//747 701//701 481//481
f 400//400 373//373 529//529
f 600//600 536//536 811//811
f 536//536 563//563 811//811
f 1306//1306 227//227 1152//1152
f 522//522 24//24 18//18
f 523//523 24//24 522//522
f 865//865 857//857 851//851
f 2031//2031 2060//2060 1540//1540
f 767//767 701//701 747//747
f 618//618 652//652 609//609
f 652//652 636//636 609//609
f 573//573 22//22 710//710
f 642//642 699//699 730//730
f 1522//1522 1518//1518 2476//2476
f 500//500 629//629 691//691
f 690//690 500//500 691//691
f 691//691 629//629 600//600
f 780//780 644//644 641//641
f 579//579 578//578 561//561
f 131//131 668//668 197//197
f 197//197 668//668 814//814
f 789//789 809//809 798//798
f 622//622 760//760 150//150
f 621//621 563//563 536//536
f 673//673 745//745 686//686
f 673//673 818//818 745//745
f 818//818 680//680 745//745
f 680//680 96//96 514//514
f 2495//2495 2462//2462 1028//1028
f 1028//1028 583//583 575//575
f 663//663 794//794 664//664
f 629//629 761//761 600//600
f 761//761 757//757 600//600
f 600//600 757//757 536//536
f 621//621 696//696 563//563
f 755//755 736//736 563//563
f 696//696 755//755 563//563
f 633//633 736//736 755//755
f 633//633 647//647 736//736
f 623//623 686//686 647//647
f 633//633 623//623 647//647
f 686//686 623//623 673//673
f 819//819 680//680 818//818
f 680//680 819//819 96//96
f 1729//1729 1677//1677 1096//1096
f 2482//2482 1899//1899 2471//2471
f 537//537 536//536 757//757
f 536//536 537//537 621//621
f 673//673 819//819 818//818
f 2428//2428 222//222 230//230
f 25//25 24//24 523//523
f 25//25 557//557 24//24
f 38//38 25//25 19//19
f 710//710 22//22 272//272
f 663//663 759//759 794//794
f 1120//1120 878//878 1195//1195
f 537//537 696//696 621//621
f 696//696 633//633 755//755
f 822//822 2215//2215 2220//2220
f 97//97 96//96 1053//1053
f 750//750 784//784 743//743
f 887//887 905//905 864//864
f 768//768 784//784 373//373
f 512//512 513//513 548//548
f 573//573 664//664 22//22
f 696//696 715//715 633//633
f 673//673 521//521 819//819
f 2454//2454 2453//2453 2445//2445
f 883//883 887//887 847//847
f 306//306 812//812 76//76
f 642//642 528//528 759//759
f 798//798 809//809 235//235
f 994//994 792//792 998//998
f 587//587 626//626 586//586
f 1900//1900 1918//1918 1937//1937
f 645//645 652//652 618//618
f 537//537 786//786 696//696
f 521//521 593//593 819//819
f 515//515 19//19 523//523
f 741//741 749//749 719//719
f 789//789 326//326 809//809
f 539//539 581//581 550//550
f 657//657 777//777 723//723
f 684//684 713//713 660//660
f 692//692 712//712 720//720
f 652//652 666//666 692//692
f 507//507 761//761 629//629
f 472//472 507//507 629//629
f 507//507 757//757 761//761
f 623//623 633//633 673//673
f 724//724 521//521 673//673
f 515//515 516//516 19//19
f 304//304 675//675 674//674
f 178//178 778//778 721//721
f 947//947 1447//1447 2358//2358
f 626//626 645//645 618//618
f 586//586 626//626 618//618
f 784//784 768//768 742//742
f 753//753 537//537 757//757
f 537//537 753//753 786//786
f 724//724 981//981 521//521
f 521//521 981//981 593//593
f 979//979 559//559 850//850
f 637//637 660//660 677//677
f 787//787 631//631 576//576
f 141//141 117//117 385//385
f 809//809 399//399 235//235
f 641//641 754//754 558//558
f 542//542 553//553 561//561
f 742//742 768//768 762//762
f 444//444 416//416 533//533
f 528//528 687//687 796//796
f 813//813 598//598 566//566
f 1490//1490 1501//1501 1557//1557
f 753//753 757//757 507//507
f 786//786 715//715 696//696
f 633//633 724//724 673//673
f 2090//2090 2062//2062 2109//2109
f 646//646 653//653 660//660
f 660//660 694//694 683//683
f 677//677 660//660 683//683
f 1872//1872 839//839 838//838
f 1224//1224 18//18 30//30
f 326//326 393//393 809//809
f 799//799 529//529 373//373
f 313//313 507//507 472//472
f 715//715 774//774 633//633
f 974//974 699//699 841//841
f 703//703 820//820 816//816
f 692//692 711//711 676//676
f 1014//1014 355//355 766//766
f 875//875 752//752 1019//1019
f 627//627 646//646 660//660
f 711//711 692//692 720//720
f 652//652 692//692 676//676
f 799//799 373//373 784//784
f 813//813 566//566 567//567
f 2462//2462 2482//2482 2475//2475
f 764//764 644//644 780//780
f 1479//1479 1924//1924 1916//1916
f 753//753 738//738 786//786
f 738//738 607//607 786//786
f 786//786 607//607 715//715
f 715//715 524//524 774//774
f 633//633 774//774 724//724
f 559//559 979//979 672//672
f 758//758 798//798 783//783
f 683//683 694//694 705//705
f 820//820 703//703 562//562
f 764//764 687//687 644//644
f 744//744 743//743 725//725
f 313//313 753//753 507//507
f 607//607 524//524 715//715
f 664//664 801//801 22//22
f 646//646 627//627 610//610
f 800//800 820//820 562//562
f 750//750 769//769 807//807
f 767//767 747//747 533//533
f 578//578 586//586 604//604
f 862//862 593//593 981//981
f 688//688 2382//2382 1083//1083
f 306//306 304//304 674//674
f 738//738 584//584 607//607
f 168//168 136//136 238//238
f 773//773 552//552 765//765
f 2473//2473 2464//2464 2458//2458
f 773//773 793//793 552//552
f 626//626 619//619 658//658
f 1007//1007 1139//1139 1013//1013
f 562//562 529//529 799//799
f 744//744 750//750 743//743
f 659//659 683//683 693//693
f 677//677 683//683 659//659
f 313//313 737//737 753//753
f 753//753 737//737 738//738
f 607//607 729//729 524//524
f 27//27 518//518 28//28
f 553//553 569//569 580//580
f 657//657 163//163 777//777
f 580//580 569//569 605//605
f 789//789 798//798 758//758
f 769//769 562//562 807//807
f 820//820 671//671 816//816
f 638//638 646//646 611//611
f 1074//1074 598//598 644//644
f 750//750 799//799 784//784
f 1931//1931 907//907 898//898
f 2483//2483 2487//2487 2461//2461
f 737//737 584//584 738//738
f 1439//1439 1438//1438 1431//1431
f 2098//2098 1213//1213 544//544
f 48//48 578//578 75//75
f 796//796 631//631 787//787
f 815//815 732//732 21//21
f 581//581 588//588 550//550
f 625//625 636//636 651//651
f 778//778 1011//1011 810//810
f 693//693 705//705 725//725
f 693//693 683//683 705//705
f 236//236 1921//1921 1966//1966
f 584//584 729//729 607//607
f 2237//2237 1866//1866 2227//2227
f 530//530 541//541 28//28
f 237//237 739//739 248//248
f 512//512 530//530 28//28
f 727//727 778//778 771//771
f 684//684 727//727 713//713
f 2237//2237 2220//2220 826//826
f 542//542 561//561 560//560
f 528//528 796//796 700//700
f 808//808 785//785 671//671
f 739//739 592//592 248//248
f 895//895 905//905 896//896
f 740//740 246//246 186//186
f 272//272 137//137 979//979
f 770//770 769//769 744//744
f 712//712 742//742 720//720
f 1213//1213 2026//2026 544//544
f 1888//1888 1235//1235 2438//2438
f 555//555 554//554 2311//2311
f 737//737 313//313 1192//1192
f 1585//1585 1612//1612 1611//1611
f 695//695 721//721 685//685
f 518//518 17//17 28//28
f 769//769 770//770 562//562
f 719//719 749//749 740//740
f 648//648 669//669 679//679
f 773//773 657//657 723//723
f 606//606 637//637 619//619
f 2072//2072 2062//2062 2042//2042
f 606//606 619//619 626//626
f 549//549 569//569 553//553
f 161//161 638//638 611//611
f 910//910 917//917 942//942
f 917//917 1103//1103 942//942
f 991//991 1026//1026 992//992
f 979//979 137//137 672//672
f 785//785 163//163 657//657
f 710//710 2488//2488 2472//2472
f 611//611 581//581 119//119
f 808//808 671//671 820//820
f 1820//1820 1900//1900 1870//1870
f 759//759 700//700 591//591
f 637//637 677//677 619//619
f 2494//2494 2490//2490 2463//2463
f 671//671 765//765 816//816
f 687//687 764//764 780//780
f 1019//1019 992//992 1026//1026
f 1726//1726 1719//1719 987//987
f 713//713 771//771 694//694
f 51//51 2355//2355 78//78
f 510//510 526//526 525//525
f 525//525 526//526 1249//1249
f 526//526 33//33 1249//1249
f 2311//2311 554//554 2335//2335
f 827//827 848//848 840//840
f 603//603 591//591 649//649
f 758//758 269//269 740//740
f 1595//1595 1612//1612 1586//1586
f 1694//1694 1048//1048 1699//1699
f 682//682 740//740 186//186
f 22//22 801//801 603//603
f 555//555 570//570 554//554
f 1053//1053 110//110 97//97
f 615//615 582//582 601//601
f 814//814 668//668 188//188
f 725//725 705//705 744//744
f 528//528 700//700 759//759
f 640//640 648//648 620//620
f 703//703 701//701 562//562
f 886//886 892//892 582//582
f 631//631 731//731 576//576
f 1087//1087 1835//1835 1747//1747
f 882//882 864//864 895//895
f 956//956 950//950 1103//1103
f 1502//1502 2500//2500 2470//2470
f 205//205 190//190 200//200
f 815//815 878//878 616//616
f 616//616 878//878 995//995
f 1183//1183 878//878 815//815
f 1601//1601 1827//1827 881//881
f 527//527 535//535 526//526
f 2184//2184 2183//2183 2175//2175
f 1142//1142 1125//1125 1133//1133
f 235//235 338//338 798//798
f 160//160 339//339 792//792
f 599//599 92//92 75//75
f 598//598 1116//1116 566//566
f 631//631 558//558 731//731
f 771//771 770//770 744//744
f 730//730 528//528 642//642
f 841//841 699//699 642//642
f 668//668 401//401 188//188
f 510//510 527//527 526//526
f 749//749 758//758 740//740
f 706//706 721//721 695//695
f 694//694 726//726 705//705
f 694//694 744//744 726//726
f 906//906 911//911 905//905
f 661//661 695//695 161//161
f 708//708 815//815 616//616
f 535//535 547//547 33//33
f 794//794 759//759 591//591
f 778//778 808//808 790//790
f 269//269 758//758 783//783
f 771//771 744//744 694//694
f 800//800 808//808 820//820
f 571//571 886//886 582//582
f 854//854 948//948 1010//1010
f 906//906 905//905 887//887
f 625//625 651//651 635//635
f 2000//2000 1226//1226 534//534
f 2140//2140 1504//1504 2016//2016
f 601//601 620//620 615//615
f 620//620 601//601 640//640
f 648//648 640//640 669//669
f 698//698 452//452 439//439
f 671//671 785//785 657//657
f 1561//1561 2356//2356 545//545
f 685//685 653//653 667//667
f 685//685 727//727 684//684
f 568//568 616//616 797//797
f 708//708 732//732 815//815
f 93//93 229//229 339//339
f 865//865 851//851 839//839
f 942//942 1103//1103 950//950
f 589//589 614//614 125//125
f 606//606 610//610 627//627
f 951//951 834//834 873//873
f 92//92 599//599 625//625
f 1878//1878 830//830 1902//1902
f 2482//2482 2098//2098 1899//1899
f 568//568 708//708 616//616
f 708//708 551//551 732//732
f 2434//2434 2487//2487 2483//2483
f 160//160 964//964 665//665
f 2316//2316 2391//2391 2309//2309
f 762//762 758//758 749//749
f 570//570 614//614 589//589
f 888//888 897//897 883//883
f 2000//2000 1517//1517 1388//1388
f 685//685 721//721 727//727
f 588//588 610//610 606//606
f 653//653 685//685 684//684
f 651//651 650//650 635//635
f 760//760 1151//1151 6//6
f 793//793 622//622 150//150
f 651//651 676//676 650//650
f 744//744 769//769 750//750
f 541//541 542//542 560//560
f 476//476 500//500 690//690
f 473//473 1064//1064 1057//1057
f 561//561 578//578 560//560
f 636//636 625//625 599//599
f 876//876 995//995 949//949
f 829//829 856//856 846//846
f 682//682 704//704 740//740
f 791//791 790//790 770//770
f 2466//2466 2500//2500 2460//2460
f 579//579 587//587 586//586
f 1352//1352 1208//1208 1095//1095
f 1684//1684 1479//1479 1916//1916
f 604//604 609//609 636//636
f 751//751 721//721 706//706
f 810//810 608//608 782//782
f 672//672 603//603 649//649
f 475//475 447//447 476//476
f 794//794 591//591 801//801
f 682//682 186//186 650//650
f 808//808 800//800 790//790
f 644//644 598//598 813//813
f 704//704 719//719 740//740
f 1011//1011 608//608 810//810
f 1192//1192 584//584 737//737
f 687//687 780//780 796//796
f 2337//2337 474//474 2312//2312
f 638//638 667//667 646//646
f 706//706 1186//1186 728//728
f 733//733 575//575 568//568
f 595//595 551//551 708//708
f 595//595 540//540 551//551
f 1308//1308 501//501 1852//1852
f 665//665 339//339 160//160
f 527//527 2447//2447 535//535
f 558//558 9//9 731//731
f 723//723 793//793 773//773
f 660//660 713//713 694//694
f 693//693 725//725 666//666
f 562//562 767//767 529//529
f 550//550 538//538 531//531
f 2267//2267 2287//2287 2233//2233
f 996//996 964//964 160//160
f 2068//2068 2470//2470 2466//2466
f 704//704 711//711 719//719
f 741//741 762//762 749//749
f 605//605 606//606 626//626
f 548//548 542//542 530//530
f 995//995 878//878 709//709
f 1898//1898 1684//1684 1916//1916
f 778//778 791//791 771//771
f 782//782 163//163 785//785
f 789//789 758//758 762//762
f 857//857 883//883 847//847
f 733//733 970//970 1028//1028
f 838//838 829//829 825//825
f 2447//2447 511//511 535//535
f 22//22 603//603 137//137
f 705//705 726//726 744//744
f 605//605 587//587 580//580
f 512//512 548//548 530//530
f 743//743 784//784 742//742
f 790//790 800//800 770//770
f 778//778 810//810 808//808
f 1014//1014 998//998 355//355
f 708//708 568//568 595//595
f 656//656 697//697 551//551
f 540//540 656//656 551//551
f 143//143 125//125 614//614
f 1000//1000 1020//1020 983//983
f 778//778 178//178 1011//1011
f 676//676 704//704 682//682
f 637//637 627//627 660//660
f 606//606 627//627 637//637
f 701//701 552//552 481//481
f 808//808 810//810 785//785
f 590//590 570//570 555//555
f 716//716 595//595 568//568
f 2355//2355 2335//2335 554//554
f 912//912 1729//1729 911//911
f 1076//1076 1456//1456 1546//1546
f 697//697 68//68 492//492
f 676//676 711//711 704//704
f 839//839 851//851 838//838
f 1028//1028 575//575 733//733
f 1020//1020 844//844 982//982
f 716//716 568//568 575//575
f 844//844 781//781 982//982
f 1238//1238 2156//2156 2034//2034
f 553//553 580//580 561//561
f 580//580 579//579 561//561
f 452//452 461//461 453//453
f 560//560 578//578 48//48
f 564//564 540//540 595//595
f 632//632 656//656 540//540
f 564//564 632//632 540//540
f 75//75 578//578 599//599
f 518//518 27//27 535//535
f 511//511 518//518 535//535
f 783//783 798//798 788//788
f 642//642 759//759 663//663
f 720//720 742//742 741//741
f 605//605 626//626 587//587
f 580//580 587//587 579//579
f 725//725 712//712 666//666
f 562//562 701//701 767//767
f 1729//1729 923//923 911//911
f 712//712 743//743 742//742
f 619//619 677//677 658//658
f 161//161 695//695 654//654
f 770//770 800//800 562//562
f 2084//2084 2489//2489 2472//2472
f 575//575 559//559 716//716
f 716//716 564//564 595//595
f 654//654 695//695 685//685
f 843//843 855//855 2064//2064
f 34//34 731//731 9//9
f 527//527 510//510 1973//1973
f 723//723 622//622 793//793
f 992//992 1726//1726 987//987
f 693//693 666//666 652//652
f 2472//2472 853//853 573//573
f 624//624 159//159 148//148
f 671//671 657//657 773//773
f 681//681 188//188 498//498
f 797//797 970//970 733//733
f 565//565 656//656 632//632
f 565//565 697//697 656//656
f 565//565 731//731 697//697
f 1949//1949 951//951 920//920
f 85//85 111//111 84//84
f 662//662 200//200 190//190
f 44//44 324//324 754//754
f 33//33 547//547 40//40
f 658//658 693//693 652//652
f 658//658 652//652 645//645
f 664//664 794//794 801//801
f 666//666 712//712 692//692
f 639//639 648//648 662//662
f 611//611 646//646 610//610
f 850//850 559//559 575//575
f 1447//1447 2490//2490 1106//1106
f 1972//1972 1955//1955 1935//1935
f 582//582 615//615 590//590
f 66//66 581//581 539//539
f 780//780 641//641 631//631
f 796//796 780//780 631//631
f 1049//1049 1192//1192 83//83
f 1348//1348 13//13 1519//1519
f 799//799 807//807 562//562
f 581//581 611//611 588//588
f 687//687 795//795 644//644
f 663//663 8//8 642//642
f 1936//1936 1972//1972 1935//1935
f 650//650 676//676 682//682
f 615//615 630//630 590//590
f 730//730 795//795 687//687
f 742//742 762//762 741//741
f 548//548 553//553 542//542
f 1048//1048 1692//1692 1074//1074
f 658//658 659//659 693//693
f 37//37 52//52 30//30
f 611//611 610//610 588//588
f 649//649 632//632 564//564
f 565//565 576//576 731//731
f 2138//2138 922//922 1058//1058
f 1204//1204 854//854 965//965
f 725//725 743//743 712//712
f 644//644 813//813 641//641
f 660//660 653//653 684//684
f 771//771 791//791 770//770
f 644//644 795//795 1074//1074
f 469//469 480//480 681//681
f 559//559 672//672 564//564
f 716//716 559//559 564//564
f 672//672 649//649 564//564
f 2161//2161 1378//1378 2171//2171
f 474//474 475//475 476//476
f 816//816 765//765 701//701
f 765//765 552//552 701//701
f 513//513 538//538 548//548
f 754//754 324//324 107//107
f 609//609 586//586 618//618
f 25//25 523//523 19//19
f 677//677 659//659 658//658
f 689//689 452//452 698//698
f 1334//1334 1115//1115 1353//1353
f 700//700 565//565 632//632
f 700//700 576//576 565//565
f 481//481 552//552 793//793
f 763//763 901//901 2458//2458
f 550//550 549//549 538//538
f 781//781 964//964 996//996
f 1596//1596 1634//1634 1595//1595
f 198//198 916//916 1124//1124
f 198//198 1124//1124 341//341
f 842//842 973//973 1025//1025
f 842//842 1025//1025 836//836
f 1009//1009 1024//1024 934//934
f 573//573 710//710 2472//2472
f 1100//1100 971//971 1002//1002
f 1501//1501 1081//1081 1557//1557
f 1225//1225 1219//1219 955//955
f 413//413 2138//2138 284//284
f 955//955 1630//1630 522//522
f 341//341 1124//1124 301//301
f 2333//2333 2376//2376 2350//2350
f 1107//1107 218//218 284//284
f 398//398 925//925 1513//1513
f 1513//1513 1442//1442 1495//1495
f 1935//1935 1455//1455 1744//1744
f 1723//1723 1935//1935 1744//1744
f 825//825 1872//1872 838//838
f 1495//1495 1442//1442 1496//1496
f 963//963 1024//1024 1009//1009
f 1511//1511 1514//1514 966//966
f 1775//1775 1729//1729 912//912
f 688//688 262//262 1067//1067
f 714//714 1007//1007 1512//1512
f 919//919 1732//1732 914//914
f 2319//2319 2331//2331 2304//2304
f 2400//2400 2407//2407 2391//2391
f 1674//1674 2164//2164 1780//1780
f 843//843 927//927 899//899
f 1660//1660 988//988 1188//1188
f 1067//1067 262//262 1640//1640
f 1381//1381 1109//1109 1483//1483
f 1437//1437 1381//1381 1483//1483
f 2495//2495 1010//1010 948//948
f 1514//1514 1289//1289 1313//1313
f 899//899 374//374 961//961
f 1438//1438 1430//1430 1422//1422
f 1634//1634 1095//1095 1632//1632
f 2487//2487 973//973 2461//2461
f 1003//1003 499//499 874//874
f 849//849 848//848 827//827
f 1430//1430 1462//1462 1453//1453
f 2496//2496 2084//2084 2471//2471
f 909//909 10//10 980//980
f 730//730 927//927 835//835
f 2031//2031 1540//1540 1536//1536
f 831//831 849//849 2178//2178
f 881//881 834//834 951//951
f 1841//1841 1722//1722 1803//1803
f 1005//1005 670//670 1020//1020
f 1021//1021 670//670 1005//1005
f 1869//1869 2059//2059 2467//2467
f 903//903 902//902 1939//1939
f 2476//2476 2502//2502 1651//1651
f 853//853 8//8 573//573
f 1850//1850 831//831 2178//2178
f 934//934 746//746 247//247
f 934//934 65//65 746//746
f 301//301 285//285 1077//1077
f 968//968 944//944 977//977
f 970//970 2495//2495 1028//1028
f 974//974 2465//2465 374//374
f 899//899 927//927 374//374
f 1882//1882 1898//1898 1916//1916
f 1613//1613 1634//1634 1596//1596
f 909//909 833//833 1396//1396
f 2492//2492 247//247 1003//1003
f 919//919 914//914 1931//1931
f 1459//1459 1299//1299 1458//1458
f 1634//1634 1632//1632 1633//1633
f 844//844 670//670 228//228
f 2494//2494 2497//2497 2467//2467
f 901//901 973//973 2487//2487
f 228//228 1772//1772 734//734
f 1701//1701 1709//1709 1666//1666
f 963//963 574//574 1024//1024
f 847//847 864//864 856//856
f 1730//1730 1736//1736 2239//2239
f 870//870 859//859 848//848
f 2074//2074 2111//2111 2103//2103
f 1140//1140 1590//1590 1483//1483
f 927//927 730//730 974//974
f 2103//2103 978//978 2074//2074
f 756//756 1745//1745 1718//1718
f 848//848 859//859 840//840
f 1296//1296 1482//1482 1320//1320
f 2331//2331 51//51 66//66
f 1067//1067 988//988 962//962
f 1396//1396 833//833 1445//1445
f 1001//1001 1005//1005 1000//1000
f 901//901 1009//1009 973//973
f 1099//1099 1077//1077 817//817
f 933//933 944//944 936//936
f 952//952 958//958 1828//1828
f 988//988 1660//1660 986//986
f 833//833 1067//1067 1445//1445
f 1067//1067 1640//1640 988//988
f 218//218 413//413 284//284
f 1843//1843 180//180 347//347
f 1846//1846 1708//1708 1798//1798
f 2469//2469 2477//2477 855//855
f 1006//1006 1021//1021 1005//1005
f 381//381 382//382 250//250
f 2369//2369 828//828 531//531
f 968//968 977//977 1001//1001
f 2460//2460 1949//1949 779//779
f 1194//1194 1441//1441 1115//1115
f 1001//1001 1000//1000 968//968
f 756//756 678//678 1745//1745
f 963//963 1009//1009 901//901
f 2471//2471 2084//2084 2472//2472
f 841//841 642//642 8//8
f 982//982 991//991 1027//1027
f 670//670 844//844 1020//1020
f 1289//1289 1514//1514 945//945
f 869//869 904//904 890//890
f 1161//1161 1115//1115 1639//1639
f 823//823 2178//2178 849//849
f 746//746 12//12 499//499
f 263//263 428//428 2366//2366
f 1685//1685 1075//1075 1692//1692
f 1002//1002 926//926 806//806
f 1799//1799 1755//1755 216//216
f 944//944 968//968 993//993
f 943//943 944//944 993//993
f 31//31 38//38 19//19
f 531//531 828//828 550//550
f 1501//1501 1078//1078 1081//1081
f 1921//1921 1149//1149 431//431
f 936//936 943//943 932//932
f 1660//1660 1489//1489 1412//1412
f 301//301 980//980 285//285
f 903//903 918//918 902//902
f 869//869 890//890 868//868
f 890//890 903//903 867//867
f 1003//1003 746//746 499//499
f 951//951 1949//1949 2500//2500
f 990//990 841//841 853//853
f 1595//1595 1634//1634 1611//1611
f 374//374 927//927 974//974
f 836//836 1025//1025 247//247
f 1653//1653 1652//1652 1638//1638
f 1303//1303 1545//1545 1142//1142
f 1616//1616 1631//1631 1638//1638
f 1629//1629 1546//1546 1628//1628
f 936//936 932//932 913//913
f 513//513 506//506 531//531
f 868//868 890//890 867//867
f 2330//2330 2369//2369 2353//2353
f 924//924 918//918 914//914
f 907//907 914//914 904//904
f 1258//1258 1421//1421 1267//1267
f 301//301 939//939 980//980
f 1472//1472 1482//1482 1296//1296
f 868//868 867//867 859//859
f 472//472 491//491 313//313
f 272//272 519//519 2488//2488
f 1471//1471 1472//1472 1296//1296
f 1025//1025 934//934 247//247
f 1634//1634 1633//1633 1611//1611
f 2176//2176 1847//1847 2177//2177
f 1310//1310 1289//1289 806//806
f 924//924 933//933 918//918
f 1969//1969 1968//1968 902//902
f 2107//2107 2128//2128 2118//2118
f 1428//1428 1436//1436 1287//1287
f 1139//1139 1564//1564 1617//1617
f 2378//2378 572//572 2384//2384
f 853//853 841//841 8//8
f 2501//2501 961//961 2465//2465
f 1221//1221 1240//1240 1408//1408
f 1069//1069 1578//1578 1627//1627
f 1006//1006 1005//1005 1001//1001
f 1617//1617 1564//1564 1578//1578
f 828//828 539//539 550//550
f 1791//1791 2168//2168 2160//2160
f 1829//1829 1718//1718 1739//1739
f 1968//1968 1939//1939 902//902
f 756//756 1718//1718 665//665
f 1998//1998 2000//2000 1388//1388
f 2451//2451 545//545 2356//2356
f 178//178 997//997 1011//1011
f 1275//1275 325//325 1270//1270
f 1709//1709 872//872 1666//1666
f 2176//2176 1959//1959 1847//1847
f 944//944 943//943 936//936
f 2424//2424 518//518 511//511
f 1445//1445 1067//1067 962//962
f 2007//2007 952//952 1828//1828
f 2052//2052 2061//2061 2081//2081
f 828//828 2303//2303 539//539
f 835//835 1699//1699 1048//1048
f 1709//1709 1706//1706 872//872
f 885//885 574//574 963//963
f 1318//1318 1296//1296 1320//1320
f 859//859 867//867 1902//1902
f 1452//1452 1448//1448 1421//1421
f 943//943 993//993 976//976
f 993//993 1000//1000 983//983
f 854//854 1010//1010 876//876
f 988//988 986//986 962//962
f 2031//2031 2052//2052 2081//2081
f 924//924 1732//1732 1828//1828
f 965//965 949//949 1060//1060
f 781//781 228//228 734//734
f 1718//1718 1765//1765 665//665
f 943//943 976//976 932//932
f 1680//1680 1794//1794 1783//1783
f 1448//1448 1471//1471 1276//1276
f 1276//1276 1267//1267 1421//1421
f 1931//1931 914//914 907//907
f 991//991 781//781 996//996
f 1276//1276 1421//1421 1448//1448
f 10//10 909//909 1396//1396
f 831//831 860//860 849//849
f 1523//1523 1762//1762 1774//1774
f 924//924 1828//1828 937//937
f 307//307 994//994 1014//1014
f 946//946 963//963 901//901
f 978//978 2103//2103 977//977
f 977//977 1006//1006 1001//1001
f 1007//1007 1161//1161 1639//1639
f 1639//1639 1294//1294 1437//1437
f 885//885 1032//1032 574//574
f 1294//1294 1381//1381 1437//1437
f 733//733 568//568 797//797
f 792//792 229//229 1112//1112
f 119//119 581//581 108//108
f 843//843 835//835 927//927
f 1889//1889 860//860 831//831
f 2211//2211 2216//2216 2204//2204
f 2400//2400 2431//2431 2422//2422
f 2103//2103 1006//1006 977//977
f 840//840 1902//1902 830//830
f 827//827 840//840 830//830
f 827//827 830//830 822//822
f 1003//1003 874//874 2492//2492
f 1432//1432 1439//1439 1431//1431
f 781//781 734//734 964//964
f 1937//1937 1936//1936 1723//1723
f 918//918 913//913 902//902
f 958//958 977//977 944//944
f 1850//1850 2178//2178 2177//2177
f 1005//1005 1020//1020 1000//1000
f 991//991 996//996 307//307
f 1396//1396 1445//1445 340//340
f 2179//2179 1763//1763 889//889
f 939//939 909//909 980//980
f 1828//1828 958//958 937//937
f 978//978 977//977 958//958
f 1590//1590 1571//1571 1563//1563
f 779//779 1949//1949 920//920
f 1551//1551 1362//1362 1573//1573
f 2103//2103 2142//2142 1006//1006
f 920//920 885//885 963//963
f 946//946 920//920 963//963
f 1584//1584 1616//1616 1583//1583
f 1453//1453 1472//1472 1452//1452
f 1647//1647 1617//1617 1578//1578
f 1578//1578 1564//1564 1627//1627
f 1628//1628 938//938 1069//1069
f 869//869 868//868 859//859
f 993//993 983//983 976//976
f 912//912 1762//1762 1775//1775
f 752//752 751//751 706//706
f 1628//1628 1546//1546 938//938
f 844//844 228//228 781//781
f 840//840 859//859 1902//1902
f 898//898 907//907 904//904
f 1025//1025 973//973 1009//1009
f 663//663 664//664 573//573
f 763//763 946//946 901//901
f 898//898 904//904 869//869
f 2172//2172 889//889 1763//1763
f 1128//1128 926//926 971//971
f 860//860 848//848 849//849
f 904//904 903//903 890//890
f 2486//2486 2459//2459 2479//2479
f 577//577 782//782 608//608
f 933//933 936//936 918//918
f 2177//2177 1847//1847 1851//1851
f 665//665 1765//1765 339//339
f 937//937 958//958 944//944
f 894//894 981//981 724//724
f 968//968 1000//1000 993//993
f 2192//2192 2195//2195 2205//2205
f 1652//1652 1099//1099 817//817
f 997//997 608//608 1011//1011
f 997//997 577//577 608//608
f 577//577 163//163 782//782
f 1112//1112 998//998 792//792
f 2177//2177 1851//1851 1850//1850
f 1257//1257 1421//1421 1258//1258
f 951//951 873//873 920//920
f 822//822 830//830 2215//2215
f 1899//1899 2496//2496 2471//2471
f 1773//1773 1668//1668 1558//1558
f 904//904 914//914 903//903
f 932//932 1671//1671 913//913
f 873//873 885//885 920//920
f 1013//1013 1617//1617 1647//1647
f 873//873 1032//1032 885//885
f 894//894 862//862 981//981
f 2469//2469 855//855 961//961
f 913//913 1671//1671 1969//1969
f 2477//2477 2064//2064 855//855
f 918//918 936//936 913//913
f 860//860 870//870 848//848
f 937//937 944//944 933//933
f 1501//1501 1013//1013 1647//1647
f 824//824 178//178 751//751
f 824//824 997//997 178//178
f 824//824 577//577 997//997
f 643//643 163//163 577//577
f 863//863 856//856 882//882
f 2128//2128 2153//2153 2134//2134
f 722//722 774//774 880//880
f 722//722 894//894 774//774
f 864//864 905//905 895//895
f 850//850 575//575 583//583
f 914//914 918//918 903//903
f 924//924 937//937 933//933
f 1501//1501 717//717 1013//1013
f 1587//1587 1324//1324 928//928
f 717//717 1512//1512 1013//1013
f 602//602 577//577 824//824
f 766//766 643//643 577//577
f 894//894 709//709 862//862
f 709//709 878//878 862//862
f 976//976 975//975 932//932
f 1324//1324 1596//1596 928//928
f 880//880 524//524 1060//1060
f 2434//2434 2459//2459 2499//2499
f 1324//1324 1613//1613 1596//1596
f 752//752 824//824 751//751
f 602//602 766//766 577//577
f 1014//1014 602//602 594//594
f 1387//1387 1226//1226 2152//2152
f 2153//2153 1387//1387 2152//2152
f 669//669 930//930 950//950
f 1710//1710 1694//1694 1699//1699
f 768//768 326//326 762//762
f 582//582 892//892 601//601
f 974//974 990//990 2465//2465
f 624//624 116//116 625//625
f 835//835 795//795 730//730
f 2458//2458 2484//2484 763//763
f 989//989 602//602 824//824
f 2064//2064 2477//2477 1710//1710
f 976//976 983//983 975//975
f 949//949 722//722 880//880
f 996//996 160//160 994//994
f 2305//2305 863//863 556//556
f 556//556 863//863 886//886
f 601//601 910//910 640//640
f 2264//2264 825//825 829//829
f 989//989 824//824 752//752
f 856//856 864//864 882//882
f 1595//1595 1586//1586 2381//2381
f 1627//1627 1629//1629 1628//1628
f 2174//2174 2180//2180 2173//2173
f 2128//2128 2134//2134 2118//2118
f 137//137 272//272 22//22
f 949//949 880//880 1060//1060
f 995//995 894//894 722//722
f 894//894 995//995 709//709
f 894//894 724//724 774//774
f 886//886 895//895 892//892
f 640//640 910//910 930//930
f 871//871 870//870 860//860
f 846//846 856//856 863//863
f 1026//1026 875//875 1019//1019
f 838//838 851//851 829//829
f 1024//1024 1171//1171 934//934
f 36//36 189//189 205//205
f 863//863 882//882 886//886
f 886//886 882//882 895//895
f 875//875 1026//1026 594//594
f 52//52 1459//1459 1269//1269
f 896//896 917//917 910//910
f 1025//1025 1009//1009 934//934
f 949//949 995//995 722//722
f 2152//2152 1226//1226 1636//1636
f 895//895 896//896 892//892
f 892//892 910//910 601//601
f 942//942 950//950 930//930
f 875//875 989//989 752//752
f 594//594 602//602 989//989
f 766//766 355//355 643//643
f 355//355 260//260 643//643
f 905//905 917//917 896//896
f 965//965 1060//1060 1162//1162
f 892//892 896//896 910//910
f 1101//1101 1052//1052 1042//1042
f 1029//1029 1031//1031 834//834
f 1101//1101 1133//1133 1118//1118
f 342//342 357//357 376//376
f 516//516 515//515 2454//2454
f 1656//1656 2494//2494 2467//2467
f 1056//1056 1303//1303 1133//1133
f 1120//1120 1130//1130 862//862
f 69//69 342//342 376//376
f 1055//1055 1056//1056 1133//1133
f 499//499 69//69 165//165
f 85//85 101//101 111//111
f 1031//1031 1032//1032 834//834
f 200//200 679//679 1166//1166
f 1031//1031 1042//1042 1032//1032
f 1171//1171 65//65 934//934
f 1822//1822 1204//1204 1177//1177
f 1096//1096 956//956 1103//1103
f 514//514 96//96 97//97
f 956//956 1145//1145 1144//1144
f 1185//1185 1166//1166 1144//1144
f 1145//1145 1185//1185 1144//1144
f 1185//1185 200//200 1166//1166
f 375//375 132//132 1041//1041
f 1153//1153 1202//1202 305//305
f 32//32 1244//1244 1249//1249
f 1096//1096 1087//1087 956//956
f 554//554 78//78 2355//2355
f 1191//1191 138//138 110//110
f 65//65 35//35 432//432
f 1087//1087 1110//1110 956//956
f 1110//1110 1146//1146 956//956
f 956//956 1146//1146 1145//1145
f 1146//1146 1156//1156 1145//1145
f 1145//1145 1156//1156 1185//1185
f 950//950 956//956 1144//1144
f 2481//2481 2495//2495 948//948
f 1156//1156 1193//1193 1185//1185
f 1050//1050 1047//1047 1051//1051
f 239//239 151//151 107//107
f 1185//1185 1193//1193 36//36
f 1747//1747 1110//1110 1087//1087
f 1134//1134 1146//1146 1110//1110
f 1146//1146 1157//1157 1156//1156
f 1156//1156 1157//1157 1193//1193
f 1041//1041 1045//1045 1034//1034
f 1397//1397 1134//1134 1110//1110
f 1157//1157 1146//1146 1134//1134
f 1157//1157 1175//1175 1193//1193
f 1193//1193 199//199 36//36
f 1090//1090 1035//1035 1196//1196
f 1456//1456 1150//1150 1051//1051
f 1175//1175 199//199 1193//1193
f 1186//1186 695//695 199//199
f 1186//1186 199//199 1175//1175
f 1175//1175 1157//1157 1134//1134
f 728//728 1186//1186 1175//1175
f 197//197 760//760 6//6
f 1130//1130 593//593 862//862
f 1167//1167 1109//1109 182//182
f 1194//1194 1115//1115 1161//1161
f 2140//2140 1928//1928 1504//1504
f 921//921 922//922 2138//2138
f 1147//1147 1134//1134 1397//1397
f 1719//1719 1147//1147 1397//1397
f 1147//1147 1175//1175 1134//1134
f 1175//1175 1147//1147 728//728
f 341//341 1654//1654 1208//1208
f 754//754 151//151 9//9
f 284//284 2138//2138 1058//1058
f 1188//1188 1557//1557 1660//1660
f 1191//1191 110//110 1053//1053
f 916//916 284//284 1189//1189
f 284//284 1058//1058 1189//1189
f 2094//2094 1465//1465 2127//2127
f 1726//1726 1019//1019 1147//1147
f 1147//1147 1019//1019 728//728
f 593//593 1130//1130 96//96
f 239//239 305//305 1038//1038
f 1036//1036 1131//1131 315//315
f 397//397 1131//1131 1120//1120
f 1053//1053 96//96 1130//1130
f 2467//2467 2485//2485 1869//1869
f 517//517 1089//1089 421//421
f 834//834 1827//1827 1029//1029
f 419//419 1047//1047 1117//1117
f 1034//1034 433//433 1306//1306
f 2239//2239 1862//1862 1730//1730
f 1453//1453 1462//1462 1472//1472
f 1408//1408 1422//1422 1399//1399
f 471//471 23//23 1111//1111
f 1205//1205 1150//1150 1456//1456
f 1205//1205 1040//1040 1150//1150
f 1131//1131 1036//1036 293//293
f 293//293 1068//1068 1044//1044
f 375//375 1041//1041 138//138
f 1205//1205 1140//1140 1046//1046
f 1040//1040 1205//1205 1046//1046
f 1140//1140 1167//1167 1046//1046
f 1104//1104 1049//1049 83//83
f 1052//1052 1085//1085 1032//1032
f 1044//1044 1068//1068 1191//1191
f 1167//1167 1483//1483 1109//1109
f 208//208 1084//1084 1035//1035
f 1040//1040 132//132 375//375
f 1834//1834 20//20 3//3
f 1050//1050 1051//1051 1070//1070
f 1133//1133 1125//1125 1174//1174
f 11//11 1440//1440 1401//1401
f 420//420 208//208 1071//1071
f 1135//1135 1079//1079 1094//1094
f 1086//1086 1101//1101 1118//1118
f 1029//1029 1030//1030 1031//1031
f 1200//1200 1061//1061 294//294
f 1191//1191 1068//1068 138//138
f 1171//1171 1141//1141 65//65
f 1141//1141 1172//1172 65//65
f 1172//1172 35//35 65//65
f 1172//1172 404//404 35//35
f 404//404 99//99 35//35
f 221//221 1104//1104 1063//1063
f 802//802 398//398 1083//1083
f 20//20 1089//1089 3//3
f 2064//2064 1699//1699 835//835
f 1042//1042 1052//1052 1032//1032
f 1433//1433 1261//1261 1432//1432
f 1323//1323 2338//2338 155//155
f 1076//1076 1205//1205 1456//1456
f 1088//1088 1402//1402 1056//1056
f 1150//1150 348//348 1070//1070
f 1200//1200 1089//1089 20//20
f 1097//1097 1162//1162 100//100
f 1032//1032 873//873 834//834
f 21//21 471//471 1111//1111
f 294//294 1097//1097 1104//1104
f 1072//1072 100//100 584//584
f 1151//1151 760//760 622//622
f 132//132 1045//1045 1041//1041
f 1050//1050 1070//1070 1135//1135
f 1088//1088 1039//1039 940//940
f 650//650 159//159 635//635
f 100//100 1170//1170 729//729
f 729//729 584//584 100//100
f 1103//1103 931//931 1096//1096
f 925//925 1443//1443 1513//1513
f 138//138 1102//1102 110//110
f 1034//1034 1306//1306 1152//1152
f 1071//1071 1035//1035 1090//1090
f 100//100 1072//1072 1097//1097
f 23//23 1158//1158 315//315
f 1068//1068 375//375 138//138
f 1586//1586 1612//1612 1585//1585
f 1819//1819 1030//1030 1029//1029
f 1041//1041 1034//1034 1102//1102
f 232//232 375//375 1068//1068
f 348//348 1079//1079 1070//1070
f 1061//1061 1097//1097 294//294
f 1513//1513 1443//1443 1442//1442
f 1200//1200 294//294 1119//1119
f 376//376 1050//1050 1062//1062
f 1094//1094 1036//1036 315//315
f 1200//1200 1119//1119 1089//1089
f 1111//1111 1183//1183 21//21
f 1044//1044 1191//1191 1053//1053
f 698//698 295//295 689//689
f 1079//1079 232//232 1036//1036
f 404//404 1117//1117 99//99
f 1495//1495 1496//1496 717//717
f 1119//1119 294//294 98//98
f 3//3 1089//1089 517//517
f 1132//1132 1063//1063 83//83
f 1132//1132 83//83 175//175
f 132//132 1046//1046 182//182
f 1111//1111 1195//1195 1183//1183
f 1131//1131 1044//1044 1037//1037
f 127//127 402//402 1804//1804
f 219//219 1272//1272 1047//1047
f 1697//1697 1135//1135 1094//1094
f 2140//2140 1854//1854 2117//2117
f 1111//1111 397//397 1195//1195
f 1177//1177 1162//1162 1097//1097
f 1061//1061 1177//1177 1097//1097
f 717//717 1509//1509 714//714
f 2//2 1300//1300 433//433
f 462//462 290//290 461//461
f 98//98 294//294 221//221
f 294//294 1104//1104 221//221
f 714//714 1161//1161 1007//1007
f 1073//1073 1152//1152 1143//1143
f 1697//1697 1094//1094 1360//1360
f 1223//1223 1423//1423 1218//1218
f 836//836 2479//2479 842//842
f 1097//1097 1072//1072 1049//1049
f 348//348 1040//1040 375//375
f 3//3 517//517 316//316
f 180//180 1061//1061 1201//1201
f 348//348 375//375 232//232
f 1432//1432 1431//1431 1415//1415
f 220//220 1513//1513 1495//1495
f 1104//1104 1097//1097 1049//1049
f 306//306 674//674 596//596
f 777//777 455//455 723//723
f 2170//2170 2151//2151 1641//1641
f 1047//1047 419//419 219//219
f 1102//1102 1034//1034 1073//1073
f 1073//1073 1034//1034 1152//1152
f 1035//1035 1054//1054 1196//1196
f 1177//1177 1204//1204 1162//1162
f 746//746 65//65 12//12
f 751//751 178//178 721//721
f 1054//1054 517//517 421//421
f 1051//1051 1150//1150 1070//1070
f 1102//1102 1073//1073 110//110
f 998//998 1136//1136 355//355
f 567//567 566//566 1163//1163
f 1111//1111 315//315 397//397
f 1048//1048 1074//1074 835//835
f 1158//1158 1094//1094 315//315
f 1374//1374 1107//1107 1252//1252
f 1112//1112 1136//1136 998//998
f 472//472 629//629 500//500
f 355//355 1136//1136 260//260
f 260//260 118//118 43//43
f 1104//1104 83//83 1063//1063
f 376//376 357//357 1050//1050
f 1463//1463 1142//1142 1545//1545
f 1036//1036 232//232 293//293
f 1030//1030 1042//1042 1031//1031
f 1079//1079 348//348 232//232
f 221//221 1063//1063 1132//1132
f 1094//1094 1079//1079 1036//1036
f 1076//1076 1629//1629 1205//1205
f 1136//1136 1197//1197 260//260
f 260//260 1197//1197 118//118
f 1204//1204 965//965 1162//1162
f 293//293 232//232 1068//1068
f 1590//1590 1205//1205 1629//1629
f 1205//1205 1590//1590 1140//1140
f 250//250 382//382 392//392
f 1296//1296 1318//1318 1311//1311
f 347//347 1201//1201 20//20
f 1201//1201 1200//1200 20//20
f 132//132 182//182 1045//1045
f 1101//1101 1086//1086 1052//1052
f 1033//1033 1039//1039 1055//1055
f 138//138 1041//1041 1102//1102
f 970//970 1010//1010 2495//2495
f 455//455 777//777 43//43
f 1992//1992 1948//1948 2023//2023
f 20//20 1834//1834 347//347
f 1072//1072 584//584 1049//1049
f 584//584 1192//1192 1049//1049
f 182//182 2//2 1045//1045
f 1163//1163 324//324 44//44
f 1360//1360 1094//1094 1158//1158
f 1450//1450 1360//1360 1158//1158
f 1091//1091 1112//1112 229//229
f 509//509 723//723 455//455
f 207//207 509//509 455//455
f 1251//1251 1257//1257 1266//1266
f 1488//1488 1489//1489 1547//1547
f 2157//2157 1541//1541 1875//1875
f 305//305 107//107 324//324
f 1045//1045 2//2 433//433
f 1070//1070 1079//1079 1135//1135
f 1136//1136 1168//1168 1197//1197
f 1197//1197 359//359 118//118
f 118//118 359//359 43//43
f 359//359 356//356 43//43
f 356//356 455//455 43//43
f 356//356 207//207 455//455
f 1240//1240 1422//1422 1408//1408
f 1163//1163 1153//1153 324//324
f 1201//1201 1061//1061 1200//1200
f 1052//1052 1086//1086 1085//1085
f 1024//1024 1141//1141 1171//1171
f 1112//1112 1105//1105 1136//1136
f 1050//1050 1135//1135 1062//1062
f 1105//1105 1168//1168 1136//1136
f 1168//1168 1178//1178 1197//1197
f 1197//1197 1178//1178 359//359
f 1173//1173 404//404 1172//1172
f 465//465 356//356 359//359
f 1174//1174 1125//1125 240//240
f 1240//1240 1431//1431 1422//1422
f 1098//1098 1113//1113 1105//1105
f 1112//1112 1098//1098 1105//1105
f 1105//1105 1178//1178 1168//1168
f 1178//1178 465//465 359//359
f 1091//1091 1098//1098 1112//1112
f 1133//1133 1174//1174 1118//1118
f 98//98 221//221 1059//1059
f 487//487 1132//1132 175//175
f 980//980 1017//1017 285//285
f 465//465 207//207 356//356
f 180//180 1201//1201 347//347
f 1060//1060 524//524 1170//1170
f 445//445 127//127 316//316
f 1431//1431 1438//1438 1422//1422
f 498//498 469//469 681//681
f 940//940 1807//1807 1759//1759
f 381//381 250//250 1290//1290
f 1113//1113 1122//1122 1105//1105
f 1105//1105 1122//1122 1178//1178
f 1151//1151 509//509 207//207
f 1236//1236 2035//2035 525//525
f 1131//1131 293//293 1044//1044
f 346//346 207//207 465//465
f 346//346 1151//1151 207//207
f 1822//1822 1796//1796 1204//1204
f 1143//1143 204//204 97//97
f 123//123 1128//1128 971//971
f 2153//2153 2152//2152 2134//2134
f 126//126 1151//1151 346//346
f 517//517 445//445 316//316
f 1450//1450 1158//1158 23//23
f 1458//1458 1462//1462 1430//1430
f 1129//1129 152//152 1182//1182
f 1122//1122 1159//1159 1178//1178
f 1178//1178 1198//1198 465//465
f 79//79 346//346 465//465
f 126//126 1155//1155 1151//1151
f 1151//1151 1155//1155 6//6
f 295//295 1129//1129 689//689
f 1073//1073 1143//1143 97//97
f 1098//1098 1123//1123 1113//1113
f 1113//1113 1123//1123 1122//1122
f 1123//1123 1169//1169 1122//1122
f 1178//1178 1159//1159 1198//1198
f 1198//1198 79//79 465//465
f 392//392 383//383 152//152
f 1822//1822 1061//1061 180//180
f 116//116 92//92 625//625
f 421//421 1089//1089 1119//1119
f 1129//1129 295//295 152//152
f 110//110 1073//1073 97//97
f 1173//1173 1172//1172 1141//1141
f 1122//1122 1169//1169 1159//1159
f 79//79 126//126 346//346
f 1155//1155 181//181 6//6
f 971//971 926//926 1002//1002
f 295//295 1043//1043 152//152
f 1039//1039 1088//1088 1056//1056
f 1428//1428 1266//1266 1436//1436
f 404//404 419//419 1117//1117
f 836//836 879//879 2479//2479
f 2464//2464 2476//2476 2458//2458
f 1198//1198 317//317 79//79
f 1124//1124 939//939 301//301
f 44//44 754//754 567//567
f 1039//1039 1056//1056 1055//1055
f 1439//1439 1459//1459 1458//1458
f 1660//1660 1412//1412 986//986
f 1169//1169 1160//1160 1159//1159
f 179//179 1155//1155 126//126
f 1155//1155 131//131 181//181
f 1061//1061 1822//1822 1177//1177
f 1153//1153 305//305 324//324
f 175//175 314//314 327//327
f 1160//1160 1187//1187 1159//1159
f 1159//1159 1187//1187 1198//1198
f 1198//1198 1187//1187 317//317
f 79//79 179//179 126//126
f 1043//1043 250//250 392//392
f 152//152 1043//1043 392//392
f 96//96 819//819 593//593
f 1123//1123 1127//1127 1169//1169
f 317//317 179//179 79//79
f 1057//1057 1155//1155 179//179
f 1155//1155 391//391 131//131
f 131//131 391//391 668//668
f 2381//2381 1586//1586 1585//1585
f 12//12 69//69 499//499
f 262//262 398//398 1640//1640
f 2107//2107 2118//2118 2060//2060
f 2130//2130 2094//2094 2002//2002
f 1187//1187 249//249 317//317
f 1155//1155 1057//1057 391//391
f 1290//1290 439//439 1265//1265
f 305//305 239//239 107//107
f 1127//1127 1160//1160 1169//1169
f 317//317 473//473 179//179
f 473//473 1057//1057 179//179
f 83//83 1192//1192 314//314
f 1043//1043 1290//1290 250//250
f 1807//1807 940//940 1030//1030
f 517//517 1084//1084 445//445
f 1057//1057 1164//1164 391//391
f 2492//2492 2480//2480 2493//2493
f 163//163 643//643 43//43
f 1056//1056 1545//1545 1303//1303
f 1069//1069 1655//1655 1023//1023
f 249//249 473//473 317//317
f 1162//1162 1060//1060 1170//1170
f 1086//1086 1118//1118 1154//1154
f 82//82 68//68 16//16
f 1989//1989 1990//1990 1536//1536
f 1633//1633 1632//1632 1611//1611
f 1487//1487 2372//2372 1305//1305
f 1494//1494 1069//1069 1023//1023
f 1137//1137 1160//1160 1127//1127
f 669//669 1166//1166 679//679
f 390//390 1285//1285 426//426
f 1955//1955 1972//1972 1971//1971
f 1219//1219 1223//1223 2437//2437
f 1254//1254 1261//1261 1223//1223
f 1319//1319 1545//1545 1056//1056
f 1320//1320 1328//1328 2443//2443
f 1261//1261 1433//1433 1223//1223
f 1219//1219 1254//1254 1223//1223
f 254//254 222//222 2428//2428
f 1237//1237 1290//1290 1265//1265
f 1284//1284 1273//1273 1263//1263
f 1277//1277 1291//1291 1301//1301
f 1314//1314 102//102 1301//1301
f 1280//1280 363//363 377//377
f 1313//1313 1353//1353 1514//1514
f 468//468 451//451 439//439
f 1918//1918 1964//1964 1956//1956
f 2026//2026 29//29 2140//2140
f 1354//1354 381//381 1279//1279
f 1224//1224 30//30 1254//1254
f 147//147 158//158 173//173
f 1247//1247 1253//1253 274//274
f 1271//1271 380//380 334//334
f 2043//2043 2072//2072 2042//2042
f 274//274 300//300 267//267
f 1356//1356 1392//1392 211//211
f 13//13 240//240 1142//1142
f 1382//1382 1330//1330 1392//1392
f 1312//1312 1323//1323 155//155
f 240//240 1125//1125 1142//1142
f 2358//2358 1573//1573 1362//1362
f 1236//1236 1249//1249 1244//1244
f 1272//1272 219//219 1348//1348
f 1271//1271 1274//1274 380//380
f 191//191 2034//2034 1982//1982
f 1992//1992 2052//2052 1990//1990
f 462//462 452//452 689//689
f 2262//2262 2286//2286 2261//2261
f 183//183 489//489 1642//1642
f 2485//2485 2480//2480 1869//1869
f 84//84 111//111 1323//1323
f 1190//1190 353//353 1354//1354
f 446//446 434//434 435//435
f 1336//1336 171//171 1341//1341
f 2021//2021 430//430 2059//2059
f 862//862 878//878 1120//1120
f 1263//1263 1273//1273 1248//1248
f 1966//1966 1921//1921 2144//2144
f 1312//1312 84//84 1323//1323
f 240//240 13//13 1348//1348
f 1359//1359 1274//1274 1271//1271
f 1392//1392 1330//1330 1247//1247
f 1520//1520 1333//1333 11//11
f 1368//1368 1253//1253 1247//1247
f 1279//1279 1285//1285 1190//1190
f 2465//2465 990//990 2489//2489
f 1272//1272 1519//1519 805//805
f 1369//1369 1272//1272 805//805
f 1317//1317 95//95 1344//1344
f 1242//1242 1248//1248 1234//1234
f 1368//1368 242//242 1363//1363
f 274//274 1262//1262 1386//1386
f 532//532 597//597 1886//1886
f 2117//2117 2026//2026 2140//2140
f 1392//1392 1247//1247 274//274
f 2162//2162 508//508 985//985
f 1964//1964 1469//1469 1965//1965
f 1315//1315 104//104 1331//1331
f 1392//1392 1356//1356 1382//1382
f 128//128 1342//1342 1336//1336
f 1285//1285 427//427 426//426
f 1219//1219 1224//1224 1254//1254
f 1320//1320 1322//1322 1321//1321
f 1320//1320 1321//1321 1328//1328
f 153//153 2443//2443 1328//1328
f 1321//1321 153//153 1328//1328
f 1235//1235 1244//1244 1243//1243
f 1225//1225 1224//1224 1219//1219
f 1359//1359 353//353 1190//1190
f 1312//1312 1473//1473 1458//1458
f 1336//1336 1342//1342 147//147
f 305//305 1333//1333 1038//1038
f 1336//1336 147//147 171//171
f 516//516 31//31 19//19
f 2479//2479 2461//2461 842//842
f 1237//1237 1265//1265 427//427
f 1263//1263 1278//1278 1284//1284
f 881//881 1827//1827 834//834
f 1237//1237 427//427 1285//1285
f 1299//1299 1312//1312 1458//1458
f 1190//1190 1285//1285 1274//1274
f 1363//1363 286//286 1253//1253
f 2330//2330 2303//2303 828//828
f 427//427 442//442 426//426
f 2493//2493 2463//2463 2492//2492
f 1285//1285 380//380 1274//1274
f 522//522 18//18 1225//1225
f 2471//2471 2472//2472 2488//2488
f 2338//2338 154//154 1321//1321
f 1423//1423 1415//1415 1218//1218
f 1225//1225 18//18 1224//1224
f 1253//1253 286//286 1262//1262
f 286//286 353//353 1359//1359
f 171//171 1368//1368 1383//1383
f 1273//1273 54//54 1234//1234
f 1973//1973 2447//2447 527//527
f 1322//1322 155//155 1321//1321
f 1203//1203 1369//1369 1413//1413
f 1307//1307 363//363 1298//1298
f 1364//1364 1375//1375 1329//1329
f 1329//1329 227//227 1306//1306
f 296//296 1298//1298 1343//1343
f 947//947 2499//2499 1447//1447
f 1203//1203 1047//1047 1272//1272
f 1098//1098 1748//1748 1123//1123
f 1519//1519 1272//1272 1348//1348
f 1277//1277 70//70 1273//1273
f 1282//1282 1337//1337 1361//1361
f 286//286 302//302 353//353
f 103//103 104//104 1315//1315
f 1377//1377 435//435 434//434
f 1449//1449 1261//1261 1345//1345
f 926//926 1310//1310 806//806
f 1263//1263 1248//1248 1242//1242
f 985//985 508//508 597//597
f 1415//1415 1222//1222 1218//1218
f 88//88 1325//1325 104//104
f 170//170 111//111 156//156
f 1384//1384 1282//1282 1361//1361
f 274//274 1253//1253 1262//1262
f 1371//1371 1317//1317 1344//1344
f 1371//1371 1366//1366 1337//1337
f 1345//1345 1459//1459 1449//1449
f 171//171 1383//1383 1341//1341
f 2438//2438 1235//1235 1227//1227
f 2134//2134 1582//1582 2118//2118
f 428//428 1260//1260 1379//1379
f 1336//1336 1341//1341 1325//1325
f 1235//1235 1242//1242 1227//1227
f 1228//1228 1687//1687 2284//2284
f 1854//1854 2140//2140 2016//2016
f 1866//1866 1887//1887 1873//1873
f 1343//1343 1298//1298 1370//1370
f 1384//1384 1361//1361 2440//2440
f 171//171 242//242 1368//1368
f 1344//1344 1309//1309 1366//1366
f 1371//1371 1344//1344 1366//1366
f 1280//1280 1377//1377 1293//1293
f 200//200 1185//1185 205//205
f 1330//1330 1383//1383 1368//1368
f 1255//1255 1264//1264 1263//1263
f 543//543 1367//1367 1876//1876
f 1343//1343 1370//1370 1260//1260
f 1293//1293 1326//1326 1370//1370
f 2440//2440 1361//1361 1302//1302
f 1282//1282 1384//1384 2406//2406
f 271//271 1337//1337 1282//1282
f 170//170 2338//2338 1323//1323
f 1528//1528 1503//1503 2470//2470
f 515//515 1347//1347 2453//2453
f 1997//1997 1705//1705 1998//1998
f 2285//2285 1228//1228 2284//2284
f 1229//1229 1250//1250 1228//1228
f 1330//1330 1368//1368 1247//1247
f 1919//1919 1619//1619 2045//2045
f 1344//1344 1364//1364 1335//1335
f 1222//1222 1240//1240 1221//1221
f 1212//1212 858//858 1741//1741
f 2388//2388 1222//1222 1221//1221
f 1528//1528 2470//2470 2068//2068
f 501//501 1308//1308 2171//2171
f 1295//1295 1311//1311 1487//1487
f 2116//2116 1619//1619 1655//1655
f 1220//1220 1229//1229 1228//1228
f 8//8 663//663 573//573
f 1343//1343 1260//1260 428//428
f 1337//1337 1366//1366 1361//1361
f 1298//1298 1280//1280 1293//1293
f 1269//1269 1345//1345 1261//1261
f 1279//1279 381//381 1290//1290
f 1230//1230 1229//1229 1220//1220
f 1230//1230 1245//1245 1229//1229
f 1245//1245 1250//1250 1229//1229
f 1227//1227 1234//1234 31//31
f 1302//1302 1361//1361 1350//1350
f 1245//1245 1266//1266 1428//1428
f 1992//1992 2023//2023 2052//2052
f 2482//2482 2471//2471 2475//2475
f 452//452 462//462 461//461
f 271//271 1282//1282 1275//1275
f 1991//1991 1989//1989 1934//1934
f 1366//1366 1309//1309 1350//1350
f 1344//1344 1335//1335 1309//1309
f 730//730 699//699 974//974
f 1374//1374 1252//1252 1208//1208
f 597//597 508//508 1912//1912
f 1363//1363 1253//1253 1368//1368
f 1386//1386 1271//1271 300//300
f 1211//1211 1218//1218 1222//1222
f 1376//1376 1377//1377 434//434
f 2399//2399 2437//2437 1211//1211
f 1284//1284 1291//1291 1277//1277
f 1230//1230 1251//1251 1245//1245
f 1251//1251 1266//1266 1245//1245
f 1317//1317 1371//1371 1337//1337
f 1288//1288 1286//1286 1095//1095
f 1095//1095 1286//1286 1352//1352
f 1241//1241 1208//1208 1352//1352
f 1241//1241 1374//1374 1208//1208
f 1284//1284 1278//1278 1291//1291
f 211//211 1392//1392 267//267
f 1344//1344 1375//1375 1364//1364
f 929//929 583//583 1028//1028
f 1361//1361 1366//1366 1350//1350
f 1115//1115 1294//1294 1639//1639
f 1291//1291 103//103 1301//1301
f 1220//1220 1231//1231 1230//1230
f 1231//1231 1251//1251 1230//1230
f 1234//1234 1248//1248 1273//1273
f 1255//1255 55//55 1264//1264
f 1360//1360 1450//1450 1702//1702
f 363//363 1280//1280 1298//1298
f 1369//1369 1203//1203 1272//1272
f 1415//1415 1240//1240 1222//1222
f 1216//1216 1231//1231 1220//1220
f 1243//1243 1263//1263 1235//1235
f 1375//1375 227//227 1329//1329
f 1264//1264 1278//1278 1263//1263
f 855//855 899//899 961//961
f 1286//1286 1241//1241 1352//1352
f 2081//2081 2128//2128 2107//2107
f 1223//1223 1433//1433 1423//1423
f 1473//1473 1312//1312 155//155
f 154//154 153//153 1321//1321
f 1377//1377 1376//1376 1293//1293
f 1392//1392 274//274 267//267
f 334//334 300//300 1271//1271
f 1955//1955 1991//1991 1934//1934
f 1613//1613 1327//1327 1288//1288
f 1327//1327 1286//1286 1288//1288
f 1349//1349 1374//1374 1241//1241
f 2370//2370 2025//2025 2367//2367
f 1315//1315 1331//1331 133//133
f 434//434 446//446 1256//1256
f 1232//1232 1251//1251 1231//1231
f 1243//1243 1244//1244 1255//1255
f 1286//1286 1304//1304 1241//1241
f 1349//1349 1107//1107 1374//1374
f 1359//1359 1271//1271 1386//1386
f 1227//1227 516//516 2431//2431
f 219//219 240//240 1348//1348
f 1270//1270 271//271 1275//1275
f 1255//1255 1263//1263 1243//1243
f 2026//2026 1926//1926 29//29
f 1683//1683 2157//2157 1212//1212
f 1326//1326 1293//1293 1376//1376
f 1255//1255 32//32 55//55
f 104//104 1325//1325 1341//1341
f 519//519 2462//2462 2475//2475
f 2154//2154 2161//2161 2137//2137
f 1376//1376 434//434 1246//1246
f 1246//1246 434//434 1256//1256
f 1257//1257 1251//1251 1232//1232
f 1262//1262 1359//1359 1386//1386
f 2195//2195 2192//2192 2186//2186
f 1308//1308 534//534 1226//1226
f 2026//2026 2117//2117 544//544
f 1327//1327 1613//1613 1324//1324
f 1327//1327 1326//1326 1286//1286
f 1286//1286 1326//1326 1304//1304
f 104//104 1341//1341 1331//1331
f 774//774 524//524 880//880
f 837//837 1517//1517 534//534
f 1127//1127 1123//1123 1567//1567
f 1279//1279 1237//1237 1285//1285
f 1297//1297 1381//1381 1294//1294
f 1217//1217 1232//1232 1216//1216
f 1142//1142 1519//1519 13//13
f 1436//1436 1267//1267 1287//1287
f 1324//1324 1372//1372 1327//1327
f 1304//1304 1246//1246 1241//1241
f 1246//1246 1349//1349 1241//1241
f 1246//1246 1373//1373 1349//1349
f 286//286 1359//1359 1262//1262
f 1382//1382 1383//1383 1330//1330
f 1284//1284 1277//1277 1273//1273
f 489//489 1998//1998 1799//1799
f 1675//1675 1116//1116 1075//1075
f 106//106 1317//1317 1337//1337
f 1311//1311 1295//1295 1281//1281
f 1292//1292 1364//1364 1329//1329
f 1335//1335 1364//1364 1292//1292
f 1334//1334 1294//1294 1115//1115
f 1334//1334 1297//1297 1294//1294
f 1300//1300 1381//1381 1297//1297
f 973//973 842//842 2461//2461
f 1217//1217 1239//1239 1232//1232
f 1232//1232 1239//1239 1257//1257
f 1258//1258 1267//1267 1436//1436
f 1359//1359 1190//1190 1274//1274
f 1862//1862 1405//1405 1877//1877
f 1372//1372 1339//1339 1327//1327
f 1339//1339 1326//1326 1327//1327
f 1373//1373 1351//1351 1349//1349
f 1276//1276 1311//1311 1281//1281
f 1256//1256 2386//2386 1351//1351
f 2//2 1109//1109 1300//1300
f 482//482 1731//1731 520//520
f 803//803 1604//1604 2022//2022
f 1223//1223 1218//1218 1211//1211
f 1341//1341 1383//1383 1382//1382
f 1298//1298 1293//1293 1370//1370
f 1190//1190 1354//1354 1279//1279
f 1324//1324 2398//2398 1372//1372
f 1714//1714 1700//1700 2173//2173
f 183//183 2000//2000 489//489
f 1701//1701 1666//1666 192//192
f 1227//1227 1242//1242 1234//1234
f 1332//1332 1289//1289 1310//1310
f 1517//1517 2005//2005 2130//2130
f 1331//1331 1341//1341 1382//1382
f 525//525 1249//1249 1236//1236
f 23//23 1268//1268 1450//1450
f 1264//1264 1291//1291 1278//1278
f 1281//1281 1287//1287 1267//1267
f 1295//1295 1305//1305 1287//1287
f 1281//1281 1295//1295 1287//1287
f 1487//1487 1305//1305 1295//1295
f 1605//1605 2097//2097 2058//2058
f 1326//1326 1376//1376 1304//1304
f 1304//1304 1376//1376 1246//1246
f 1316//1316 1919//1919 1984//1984
f 2500//2500 1949//1949 2460//2460
f 1332//1332 1313//1313 1289//1289
f 2189//2189 2181//2181 2177//2177
f 1335//1335 1334//1334 1353//1353
f 1292//1292 1297//1297 1334//1334
f 1428//1428 1250//1250 1245//1245
f 969//969 958//958 952//952
f 1217//1217 1233//1233 1239//1239
f 1233//1233 1257//1257 1239//1239
f 1876//1876 1367//1367 1338//1338
f 1379//1379 1260//1260 1372//1372
f 1372//1372 1260//1260 1339//1339
f 1128//1128 1302//1302 1310//1310
f 1310//1310 1302//1302 1332//1332
f 1335//1335 1353//1353 1313//1313
f 1292//1292 1334//1334 1335//1335
f 1297//1297 1329//1329 1300//1300
f 1279//1279 1290//1290 1237//1237
f 1301//1301 103//103 1314//1314
f 70//70 1301//1301 102//102
f 23//23 1333//1333 1268//1268
f 380//380 1285//1285 390//390
f 772//772 325//325 1275//1275
f 1314//1314 103//103 1315//1315
f 2473//2473 2458//2458 2487//2487
f 1276//1276 1281//1281 1267//1267
f 1344//1344 95//95 1375//1375
f 2053//2053 1771//1771 1572//1572
f 1246//1246 1256//1256 1373//1373
f 1373//1373 1256//1256 1351//1351
f 1340//1340 1302//1302 1128//1128
f 1350//1350 1313//1313 1332//1332
f 1329//1329 1297//1297 1292//1292
f 2434//2434 2473//2473 2487//2487
f 106//106 1337//1337 271//271
f 23//23 471//471 1333//1333
f 622//622 723//723 509//509
f 1388//1388 1517//1517 2127//2127
f 1991//1991 1990//1990 1989//1989
f 183//183 1636//1636 1226//1226
f 2133//2133 1605//1605 2151//2151
f 1260//1260 1370//1370 1339//1339
f 1339//1339 1370//1370 1326//1326
f 867//867 1894//1894 1902//1902
f 390//390 426//426 412//412
f 1235//1235 1263//1263 1242//1242
f 1399//1399 1422//1422 1233//1233
f 305//305 11//11 1333//1333
f 1300//1300 1329//1329 1306//1306
f 1302//1302 1350//1350 1332//1332
f 1350//1350 1309//1309 1313//1313
f 1309//1309 1335//1335 1313//1313
f 2470//2470 2102//2102 1502//1502
f 1787//1787 1531//1531 1599//1599
f 1724//1724 1725//1725 1691//1691
f 1827//1827 1601//1601 1927//1927
f 1678//1678 1358//1358 1476//1476
f 1823//1823 1812//1812 1846//1846
f 1805//1805 1824//1824 1708//1708
f 1746//1746 1676//1676 1797//1797
f 325//325 2395//2395 429//429
f 1835//1835 1677//1677 1826//1826
f 1507//1507 1790//1790 1722//1722
f 1526//1526 1672//1672 858//858
f 158//158 147//147 1342//1342
f 1462//1462 1473//1473 1322//1322
f 1474//1474 1414//1414 1565//1565
f 1761//1761 1900//1900 1877//1877
f 940//940 1759//1759 1008//1008
f 1565//1565 1015//1015 1008//1008
f 1924//1924 1533//1533 1933//1933
f 1878//1878 826//826 830//830
f 1565//1565 1414//1414 1015//1015
f 1402//1402 1088//1088 1008//1008
f 1538//1538 1532//1532 1651//1651
f 1015//1015 1552//1552 1008//1008
f 1538//1538 1591//1591 1474//1474
f 1532//1532 1538//1538 1474//1474
f 1474//1474 1591//1591 1414//1414
f 1484//1484 1402//1402 1008//1008
f 1552//1552 1484//1484 1008//1008
f 1414//1414 1460//1460 1015//1015
f 1015//1015 1460//1460 1552//1552
f 806//806 1289//1289 945//945
f 1597//1597 1538//1538 1659//1659
f 1484//1484 1319//1319 1402//1402
f 1056//1056 1402//1402 1319//1319
f 1538//1538 1597//1597 1591//1591
f 1591//1591 960//960 1414//1414
f 1414//1414 960//960 1460//1460
f 1925//1925 1466//1466 1455//1455
f 1552//1552 1400//1400 1484//1484
f 1484//1484 1400//1400 1319//1319
f 1400//1400 113//113 1319//1319
f 1597//1597 1580//1580 1591//1591
f 1460//1460 1400//1400 1552//1552
f 1514//1514 1441//1441 966//966
f 1597//1597 1659//1659 1409//1409
f 1657//1657 113//113 1400//1400
f 1460//1460 1657//1657 1400//1400
f 1288//1288 1095//1095 1634//1634
f 1551//1551 1597//1597 1409//1409
f 1580//1580 1598//1598 1591//1591
f 1591//1591 1598//1598 960//960
f 1536//1536 1990//1990 2031//2031
f 960//960 1657//1657 1460//1460
f 1809//1809 1746//1746 1797//1797
f 1423//1423 1433//1433 1432//1432
f 2478//2478 1362//1362 1409//1409
f 1463//1463 1545//1545 113//113
f 1657//1657 1463//1463 113//113
f 1457//1457 1287//1287 1305//1305
f 1682//1682 1716//1716 1746//1746
f 1434//1434 1761//1761 1885//1885
f 1013//1013 1139//1139 1617//1617
f 2379//2379 1362//1362 2478//2478
f 1420//1420 1597//1597 1551//1551
f 1420//1420 1580//1580 1597//1597
f 1664//1664 1808//1808 1712//1712
f 2256//2256 2250//2250 2231//2231
f 1362//1362 1551//1551 1409//1409
f 2196//2196 2214//2214 2213//2213
f 1691//1691 1725//1725 1777//1777
f 1626//1626 192//192 1666//1666
f 1534//1534 1574//1574 2058//2058
f 1574//1574 1600//1600 1605//1605
f 1600//1600 1606//1606 1605//1605
f 1606//1606 1641//1641 1605//1605
f 1573//1573 1420//1420 1551//1551
f 1657//1657 1485//1485 1463//1463
f 678//678 1806//1806 1742//1742
f 1534//1534 1553//1553 1574//1574
f 1574//1574 1575//1575 1600//1600
f 1810//1810 2170//2170 585//585
f 1623//1623 1641//1641 1606//1606
f 1407//1407 1657//1657 960//960
f 1598//1598 1407//1407 960//960
f 1485//1485 1142//1142 1463//1463
f 1716//1716 1581//1581 1676//1676
f 1738//1738 1743//1743 1733//1733
f 843//843 2064//2064 835//835
f 1539//1539 1575//1575 1574//1574
f 1553//1553 1539//1539 1574//1574
f 1575//1575 1592//1592 1600//1600
f 1592//1592 1624//1624 1606//1606
f 1600//1600 1592//1592 1606//1606
f 1642//1642 585//585 1641//1641
f 1623//1623 1642//1642 1641//1641
f 1485//1485 164//164 1142//1142
f 1738//1738 1516//1516 1743//1743
f 1809//1809 1720//1720 1798//1798
f 1533//1533 1535//1535 1534//1534
f 1592//1592 1607//1607 1624//1624
f 1624//1624 1623//1623 1606//1606
f 1163//1163 566//566 1116//1116
f 1407//1407 1485//1485 1657//1657
f 1432//1432 1449//1449 1439//1439
f 1100//1100 802//802 2382//2382
f 1743//1743 1516//1516 1722//1722
f 1746//1746 1716//1716 1676//1676
f 1535//1535 1539//1539 1534//1534
f 1534//1534 1539//1539 1553//1553
f 1642//1642 1623//1623 1624//1624
f 1095//1095 1208//1208 1654//1654
f 967//967 1407//1407 1598//1598
f 1580//1580 967//967 1598//1598
f 1809//1809 1797//1797 1720//1720
f 1924//1924 1524//1524 1535//1535
f 1533//1533 1924//1924 1535//1535
f 1539//1539 1576//1576 1575//1575
f 1642//1642 216//216 585//585
f 1407//1407 1529//1529 1485//1485
f 1485//1485 1529//1529 164//164
f 1472//1472 1462//1462 1482//1482
f 1415//1415 1431//1431 1240//1240
f 966//966 1194//1194 714//714
f 383//383 1182//1182 152//152
f 474//474 2337//2337 446//446
f 1743//1743 1841//1841 1757//1757
f 1486//1486 1524//1524 1924//1924
f 1535//1535 1525//1525 1539//1539
f 1575//1575 1576//1576 1592//1592
f 1420//1420 967//967 1580//1580
f 1288//1288 1634//1634 1613//1613
f 459//459 427//427 1265//1265
f 1404//1404 2179//2179 1393//1393
f 1404//1404 1403//1403 1800//1800
f 1404//1404 1410//1410 1403//1403
f 1410//1410 1749//1749 1403//1403
f 1349//1349 1351//1351 218//218
f 1486//1486 1498//1498 1524//1524
f 1535//1535 1524//1524 1525//1525
f 1607//1607 1636//1636 1624//1624
f 183//183 1642//1642 1624//1624
f 1636//1636 183//183 1624//1624
f 1107//1107 1349//1349 218//218
f 1351//1351 845//845 218//218
f 164//164 1519//1519 1142//1142
f 845//845 413//413 218//218
f 1525//1525 1576//1576 1539//1539
f 1576//1576 1582//1582 1592//1592
f 1592//1592 2134//2134 1607//1607
f 2134//2134 1636//1636 1607//1607
f 2147//2147 1491//1491 1401//1401
f 1407//1407 1589//1589 1529//1529
f 1529//1529 1519//1519 164//164
f 1693//1693 1763//1763 1444//1444
f 1924//1924 1479//1479 1486//1486
f 1592//1592 1582//1582 2134//2134
f 499//499 165//165 874//874
f 2176//2176 1857//1857 1959//1959
f 2327//2327 2368//2368 2326//2326
f 2358//2358 821//821 953//953
f 953//953 821//821 1573//1573
f 1824//1824 1704//1704 1464//1464
f 1731//1731 1358//1358 1678//1678
f 1394//1394 1410//1410 1404//1404
f 1394//1394 1418//1418 1410//1410
f 1466//1466 1479//1479 1839//1839
f 1486//1486 1479//1479 1498//1498
f 1498//1498 1525//1525 1524//1524
f 1576//1576 2080//2080 1582//1582
f 1785//1785 1684//1684 1898//1898
f 804//804 398//398 802//802
f 804//804 925//925 398//398
f 1447//1447 1562//1562 2358//2358
f 2358//2358 1562//1562 821//821
f 821//821 1620//1620 1573//1573
f 1620//1620 1420//1420 1573//1573
f 1420//1420 1556//1556 967//967
f 1393//1393 1394//1394 1404//1404
f 1525//1525 2080//2080 1576//1576
f 1621//1621 1420//1420 1620//1620
f 1621//1621 1556//1556 1420//1420
f 967//967 1589//1589 1407//1407
f 1505//1505 5//5 1357//1357
f 1266//1266 1258//1258 1436//1436
f 1393//1393 1395//1395 1394//1394
f 2176//2176 2175//2175 1848//1848
f 1455//1455 1466//1466 1839//1839
f 1525//1525 1540//1540 2080//2080
f 1582//1582 2080//2080 2118//2118
f 1100//1100 804//804 802//802
f 1556//1556 1589//1589 967//967
f 1589//1589 1082//1082 1529//1529
f 1093//1093 1685//1685 1357//1357
f 1504//1504 1093//1093 1357//1357
f 1425//1425 1418//1418 1394//1394
f 1475//1475 1479//1479 1466//1466
f 1479//1479 1506//1506 1498//1498
f 1789//1789 1784//1784 1730//1730
f 2501//2501 2465//2465 2489//2489
f 1438//1438 1458//1458 1430//1430
f 1462//1462 1458//1458 1473//1473
f 1454//1454 805//805 1529//1529
f 1082//1082 1454//1454 1529//1529
f 1529//1529 805//805 1519//1519
f 1425//1425 1394//1394 1395//1395
f 1425//1425 1744//1744 1418//1418
f 1479//1479 1475//1475 1506//1506
f 1540//1540 2060//2060 2080//2080
f 1556//1556 1082//1082 1589//1589
f 1443//1443 945//945 1511//1511
f 1506//1506 1536//1536 1498//1498
f 1498//1498 1536//1536 1525//1525
f 1525//1525 1536//1536 1540//1540
f 1670//1670 852//852 1672//1672
f 1998//1998 1388//1388 1389//1389
f 1511//1511 966//966 1509//1509
f 1509//1509 966//966 714//714
f 1442//1442 1443//1443 1496//1496
f 1562//1562 1635//1635 821//821
f 155//155 1322//1322 1473//1473
f 1439//1439 1458//1458 1438//1438
f 1426//1426 1425//1425 1395//1395
f 1475//1475 1499//1499 1506//1506
f 1735//1735 1588//1588 1776//1776
f 2422//2422 2454//2454 2421//2421
f 1423//1423 1432//1432 1415//1415
f 1559//1559 2101//2101 2073//2073
f 845//845 866//866 413//413
f 1429//1429 1620//1620 821//821
f 1620//1620 1429//1429 1621//1621
f 1228//1228 1250//1250 1687//1687
f 1002//1002 945//945 1443//1443
f 2382//2382 802//802 1083//1083
f 1859//1859 1411//1411 1395//1395
f 1411//1411 1426//1426 1395//1395
f 1426//1426 1744//1744 1425//1425
f 1590//1590 1437//1437 1483//1483
f 1480//1480 1475//1475 1466//1466
f 1480//1480 1499//1499 1475//1475
f 1510//1510 1733//1733 1743//1743
f 1663//1663 1696//1696 1658//1658
f 1430//1430 1453//1453 1452//1452
f 1452//1452 1472//1472 1471//1471
f 1452//1452 1471//1471 1448//1448
f 1430//1430 1452//1452 1421//1421
f 1430//1430 1421//1421 1422//1422
f 1429//1429 1082//1082 1556//1556
f 1621//1621 1429//1429 1556//1556
f 1351//1351 2386//2386 845//845
f 1126//1126 1059//1059 487//487
f 1639//1639 1437//1437 1563//1563
f 1504//1504 1928//1928 1093//1093
f 1499//1499 1536//1536 1506//1506
f 1588//1588 1770//1770 1727//1727
f 1110//1110 1747//1747 1397//1397
f 1776//1776 1588//1588 1531//1531
f 1322//1322 1320//1320 1482//1482
f 1590//1590 1629//1629 1571//1571
f 1730//1730 1877//1877 1838//1838
f 1429//1429 935//935 1082//1082
f 1082//1082 935//935 1454//1454
f 804//804 1443//1443 925//925
f 1139//1139 1007//1007 1639//1639
f 1925//1925 1480//1480 1466//1466
f 1934//1934 1989//1989 1480//1480
f 1499//1499 1989//1989 1536//1536
f 1727//1727 1526//1526 1531//1531
f 1593//1593 1614//1614 502//502
f 2455//2455 2431//2431 2400//2400
f 1755//1755 1680//1680 908//908
f 1563//1563 1571//1571 1564//1564
f 1647//1647 1078//1078 1501//1501
f 2490//2490 1635//1635 1106//1106
f 1496//1496 1511//1511 717//717
f 2454//2454 2431//2431 516//516
f 1478//1478 1153//1153 1093//1093
f 1870//1870 1426//1426 1411//1411
f 1426//1426 1723//1723 1744//1744
f 962//962 986//986 1412//1412
f 717//717 1511//1511 1509//1509
f 1825//1825 1704//1704 1824//1824
f 2225//2225 2234//2234 2253//2253
f 1490//1490 1557//1557 1188//1188
f 1635//1635 80//80 821//821
f 805//805 1454//1454 935//935
f 1186//1186 706//706 695//695
f 1194//1194 1161//1161 714//714
f 1512//1512 1007//1007 1013//1013
f 592//592 97//97 204//204
f 1258//1258 1266//1266 1257//1257
f 82//82 1333//1333 471//471
f 1694//1694 1710//1710 1505//1505
f 1643//1643 490//490 1661//1661
f 1661//1661 490//490 1114//1114
f 1518//1518 2068//2068 2484//2484
f 1750//1750 1808//1808 1664//1664
f 1656//1656 1635//1635 2490//2490
f 935//935 1521//1521 805//805
f 1546//1546 1629//1629 1076//1076
f 1301//1301 70//70 1277//1277
f 966//966 1441//1441 1194//1194
f 1148//1148 1825//1825 1824//1824
f 1614//1614 1609//1609 1643//1643
f 1114//1114 1092//1092 1921//1921
f 1770//1770 1739//1739 1670//1670
f 1631//1631 1632//1632 1646//1646
f 821//821 1016//1016 1429//1429
f 1429//1429 1016//1016 935//935
f 1632//1632 1095//1095 1654//1654
f 1083//1083 262//262 688//688
f 1724//1724 1686//1686 1725//1725
f 1644//1644 490//490 1643//1643
f 1092//1092 1149//1149 1921//1921
f 3//3 893//893 1832//1832
f 988//988 1640//1640 1188//1188
f 916//916 1107//1107 284//284
f 1656//1656 80//80 1635//1635
f 1016//1016 821//821 80//80
f 1016//1016 1521//1521 935//935
f 1478//1478 1202//1202 1153//1153
f 1401//1401 1928//1928 29//29
f 1440//1440 1478//1478 1928//1928
f 1849//1849 1700//1700 1865//1865
f 1595//1595 1611//1611 1612//1612
f 1208//1208 198//198 341//341
f 1464//1464 1704//1704 1746//1746
f 2143//2143 984//984 1721//1721
f 1848//1848 1849//1849 1868//1868
f 1662//1662 1114//1114 490//490
f 1669//1669 1787//1787 1682//1682
f 1656//1656 1618//1618 80//80
f 198//198 1208//1208 916//916
f 1440//1440 1928//1928 1401//1401
f 1521//1521 1369//1369 805//805
f 1252//1252 1107//1107 916//916
f 1745//1745 678//678 1672//1672
f 1703//1703 1779//1779 1721//1721
f 1750//1750 1465//1465 1808//1808
f 1609//1609 1644//1644 1643//1643
f 1092//1092 1114//1114 1662//1662
f 1826//1826 1523//1523 1793//1793
f 2262//2262 2261//2261 2224//2224
f 1696//1696 2166//2166 1767//1767
f 1016//1016 1648//1648 1521//1521
f 1208//1208 1252//1252 916//916
f 833//833 688//688 1067//1067
f 1794//1794 1803//1803 1558//1558
f 28//28 17//17 512//512
f 1750//1750 861//861 1566//1566
f 1594//1594 1644//1644 1609//1609
f 1644//1644 1645//1645 490//490
f 490//490 1645//1645 1662//1662
f 2229//2229 2262//2262 2224//2224
f 1602//1602 861//861 1760//1760
f 1530//1530 1777//1777 1760//1760
f 872//872 1706//1706 1673//1673
f 1696//1696 1668//1668 2166//2166
f 1708//1708 1809//1809 1798//1798
f 1581//1581 1716//1716 1814//1814
f 1709//1709 1794//1794 1680//1680
f 1233//1233 1421//1421 1257//1257
f 1724//1724 1476//1476 1686//1686
f 1469//1469 1481//1481 1965//1965
f 1965//1965 1481//1481 1492//1492
f 2073//2073 1549//1549 1559//1559
f 1594//1594 1615//1615 1644//1644
f 1799//1799 1706//1706 1755//1755
f 1725//1725 1686//1686 1837//1837
f 1720//1720 1797//1797 1572//1572
f 1618//1618 2467//2467 2022//2022
f 1618//1618 1579//1579 80//80
f 1648//1648 1016//1016 80//80
f 2134//2134 2152//2152 1636//1636
f 1611//1611 1632//1632 1631//1631
f 1761//1761 1434//1434 1470//1470
f 1559//1559 1577//1577 1594//1594
f 1603//1603 1615//1615 1594//1594
f 1615//1615 1645//1645 1644//1644
f 1637//1637 1662//1662 1645//1645
f 1662//1662 1199//1199 1092//1092
f 1199//1199 1149//1149 1092//1092
f 1451//1451 1108//1108 1149//1149
f 665//665 734//734 756//756
f 1865//1865 1700//1700 1714//1714
f 1709//1709 1841//1841 1794//1794
f 1618//1618 2022//2022 1579//1579
f 1648//1648 1413//1413 1369//1369
f 1521//1521 1648//1648 1369//1369
f 1520//1520 11//11 1401//1401
f 1446//1446 1470//1470 1434//1434
f 1798//1798 1691//1691 1754//1754
f 2063//2063 1544//1544 2073//2073
f 2073//2073 1544//1544 1549//1549
f 1594//1594 1577//1577 1603//1603
f 1615//1615 1637//1637 1645//1645
f 1637//1637 1199//1199 1662//1662
f 1427//1427 1149//1149 1199//1199
f 2167//2167 1108//1108 1451//1451
f 1997//1997 1673//1673 1705//1705
f 1706//1706 1799//1799 1705//1705
f 1841//1841 1709//1709 1757//1757
f 1604//1604 1579//1579 2022//2022
f 1579//1579 707//707 80//80
f 80//80 707//707 1648//1648
f 1520//1520 1401//1401 1491//1491
f 1649//1649 1520//1520 1491//1491
f 1435//1435 1434//1434 1885//1885
f 1470//1470 1469//1469 1461//1461
f 1481//1481 1508//1508 2024//2024
f 2370//2370 1544//1544 2063//2063
f 1549//1549 1568//1568 1559//1559
f 1559//1559 1568//1568 1577//1577
f 1603//1603 1610//1610 1615//1615
f 1615//1615 1610//1610 1637//1637
f 999//999 1199//1199 1637//1637
f 1451//1451 1149//1149 1427//1427
f 1137//1137 1825//1825 1148//1148
f 1706//1706 1705//1705 1673//1673
f 1138//1138 1604//1604 2116//2116
f 1138//1138 1579//1579 1604//1604
f 1413//1413 1648//1648 707//707
f 2360//2360 2024//2024 1508//1508
f 598//598 1075//1075 1116//1116
f 229//229 93//93 1468//1468
f 1839//1839 1479//1479 1684//1684
f 2216//2216 2229//2229 2224//2224
f 1610//1610 1625//1625 1637//1637
f 329//329 999//999 1637//1637
f 1199//1199 1017//1017 1427//1427
f 1017//1017 303//303 1427//1427
f 303//303 1451//1451 1427//1427
f 1792//1792 1754//1754 1777//1777
f 2309//2309 2391//2391 2301//2301
f 1655//1655 1138//1138 2116//2116
f 1138//1138 707//707 1579//1579
f 1649//1649 1491//1491 206//206
f 1406//1406 1885//1885 1398//1398
f 1406//1406 1419//1419 1885//1885
f 1419//1419 1435//1435 1885//1885
f 1434//1434 1435//1435 1446//1446
f 1470//1470 1481//1481 1469//1469
f 1577//1577 1583//1583 1603//1603
f 999//999 1017//1017 1199//1199
f 81//81 67//67 941//941
f 67//67 1650//1650 941//941
f 1259//1259 1815//1815 2164//2164
f 1619//1619 2116//2116 2045//2045
f 1424//1424 707//707 1138//1138
f 1702//1702 1649//1649 206//206
f 1687//1687 1406//1406 1398//1398
f 1477//1477 1481//1481 1470//1470
f 1568//1568 1569//1569 1577//1577
f 1577//1577 1569//1569 1583//1583
f 1603//1603 1583//1583 1610//1610
f 1625//1625 329//329 1637//1637
f 2167//2167 340//340 273//273
f 81//81 273//273 340//340
f 81//81 962//962 67//67
f 1547//1547 1619//1619 1488//1488
f 1830//1830 1739//1739 1770//1770
f 938//938 1424//1424 1138//1138
f 1424//1424 1413//1413 707//707
f 1527//1527 1649//1649 1702//1702
f 1527//1527 1520//1520 1649//1649
f 1527//1527 1268//1268 1520//1520
f 1250//1250 1406//1406 1687//1687
f 1441//1441 1353//1353 1115//1115
f 1203//1203 1413//1413 1051//1051
f 1250//1250 1419//1419 1406//1406
f 1477//1477 2372//2372 1481//1481
f 1481//1481 2372//2372 1508//1508
f 2449//2449 1560//1560 1568//1568
f 1549//1549 2449//2449 1568//1568
f 1568//1568 1560//1560 1569//1569
f 1569//1569 1584//1584 1583//1583
f 1652//1652 329//329 1625//1625
f 329//329 817//817 999//999
f 285//285 1017//1017 999//999
f 303//303 10//10 1451//1451
f 10//10 2167//2167 1451//1451
f 1412//1412 1650//1650 67//67
f 1412//1412 1488//1488 1650//1650
f 1547//1547 1023//1023 1619//1619
f 1023//1023 1655//1655 1619//1619
f 1655//1655 938//938 1138//1138
f 1456//1456 1413//1413 1424//1424
f 1457//1457 1470//1470 1446//1446
f 1457//1457 1477//1477 1470//1470
f 329//329 1652//1652 817//817
f 10//10 340//340 2167//2167
f 938//938 1546//1546 1424//1424
f 1546//1546 1456//1456 1424//1424
f 1259//1259 1548//1548 1779//1779
f 2052//2052 2031//2031 1990//1990
f 1440//1440 1202//1202 1478//1478
f 1428//1428 1419//1419 1250//1250
f 1428//1428 1435//1435 1419//1419
f 1428//1428 1446//1446 1435//1435
f 1934//1934 1935//1935 1955//1955
f 1560//1560 1584//1584 1569//1569
f 1610//1610 1638//1638 1625//1625
f 1638//1638 1652//1652 1625//1625
f 817//817 1077//1077 999//999
f 1077//1077 285//285 999//999
f 980//980 303//303 1017//1017
f 962//962 1412//1412 67//67
f 1494//1494 1023//1023 1547//1547
f 325//325 271//271 1270//1270
f 1443//1443 1511//1511 1496//1496
f 1450//1450 1268//1268 1527//1527
f 1514//1514 1353//1353 1441//1441
f 1287//1287 1446//1446 1428//1428
f 1446//1446 1287//1287 1457//1457
f 1305//1305 2372//2372 1477//1477
f 1992//1992 1990//1990 1991//1991
f 1992//1992 1991//1991 1971//1971
f 1971//1971 1991//1991 1955//1955
f 2449//2449 1549//1549 2418//2418
f 1583//1583 1616//1616 1610//1610
f 1610//1610 1616//1616 1638//1638
f 10//10 1396//1396 340//340
f 340//340 1445//1445 81//81
f 1445//1445 962//962 81//81
f 1790//1790 984//984 1753//1753
f 984//984 2148//2148 1753//1753
f 1588//1588 1713//1713 1770//1770
f 969//969 978//978 958//958
f 1741//1741 1779//1779 1703//1703
f 1758//1758 1846//1846 1754//1754
f 1827//1827 1819//1819 1029//1029
f 1818//1818 1530//1530 1712//1712
f 1750//1750 1566//1566 2127//2127
f 2459//2459 2434//2434 2483//2483
f 1798//1798 1720//1720 1771//1771
f 1794//1794 1841//1841 1803//1803
f 216//216 1755//1755 1810//1810
f 1098//1098 1735//1735 1748//1748
f 1735//1735 1497//1497 1748//1748
f 1502//1502 2102//2102 1601//1601
f 881//881 1502//1502 1601//1601
f 1455//1455 1839//1839 1744//1744
f 1706//1706 1709//1709 1680//1680
f 1212//1212 1741//1741 1703//1703
f 1788//1788 1969//1969 1671//1671
f 1075//1075 1074//1074 1692//1692
f 951//951 2500//2500 881//881
f 2490//2490 2486//2486 2463//2463
f 1748//1748 1497//1497 1781//1781
f 1721//1721 984//984 1840//1840
f 1815//1815 1259//1259 1741//1741
f 1626//1626 1756//1756 1837//1837
f 975//975 987//987 1542//1542
f 2230//2230 2236//2236 2235//2235
f 1772//1772 678//678 734//734
f 1542//1542 1671//1671 975//975
f 1806//1806 1772//1772 1780//1780
f 678//678 1772//1772 1806//1806
f 2218//2218 2225//2225 2268//2268
f 1828//1828 1732//1732 2007//2007
f 1526//1526 1688//1688 1531//1531
f 1752//1752 1526//1526 1554//1554
f 1844//1844 1818//1818 1712//1712
f 1823//1823 1846//1846 1804//1804
f 1781//1781 1669//1669 1704//1704
f 1721//1721 1779//1779 2143//2143
f 1770//1770 1670//1670 1526//1526
f 1497//1497 1669//1669 1781//1781
f 1098//1098 1713//1713 1735//1735
f 1742//1742 1815//1815 1741//1741
f 1526//1526 858//858 1875//1875
f 1599//1599 1531//1531 1688//1688
f 1803//1803 1790//1790 1558//1558
f 1703//1703 1721//1721 1683//1683
f 1832//1832 1766//1766 957//957
f 1542//1542 1679//1679 1671//1671
f 1679//1679 1788//1788 1671//1671
f 1927//1927 1819//1819 1827//1827
f 1718//1718 1745//1745 1739//1739
f 1684//1684 1022//1022 1839//1839
f 1459//1459 1283//1283 1299//1299
f 1022//1022 1410//1410 1418//1418
f 2368//2368 2393//2393 2326//2326
f 1669//1669 1497//1497 1776//1776
f 1875//1875 858//858 1212//1212
f 1739//1739 1745//1745 852//852
f 1964//1964 1918//1918 1461//1461
f 1356//1356 133//133 1331//1331
f 1765//1765 1829//1829 1468//1468
f 858//858 1742//1742 1741//1741
f 1006//1006 1674//1674 1021//1021
f 1723//1723 1936//1936 1935//1935
f 1468//1468 1713//1713 1098//1098
f 1724//1724 1678//1678 1476//1476
f 1680//1680 1783//1783 908//908
f 1731//1731 1543//1543 520//520
f 1683//1683 1721//1721 1840//1840
f 1467//1467 1679//1679 1542//1542
f 1812//1812 1708//1708 1846//1846
f 1679//1679 1975//1975 1788//1788
f 1713//1713 1830//1830 1770//1770
f 1803//1803 1722//1722 1790//1790
f 2301//2301 2391//2391 2349//2349
f 1713//1713 1588//1588 1735//1735
f 1836//1836 1530//1530 1818//1818
f 1837//1837 1756//1756 861//861
f 886//886 571//571 556//556
f 1181//1181 1805//1805 1812//1812
f 1706//1706 1680//1680 1755//1755
f 1677//1677 1729//1729 1775//1775
f 1776//1776 1787//1787 1669//1669
f 1526//1526 1670//1670 1672//1672
f 1727//1727 1770//1770 1526//1526
f 987//987 1467//1467 1542//1542
f 1567//1567 1704//1704 1137//1137
f 1693//1693 1865//1865 1714//1714
f 897//897 1762//1762 912//912
f 1135//1135 1697//1697 1062//1062
f 1697//1697 376//376 1062//1062
f 1543//1543 1731//1731 1678//1678
f 1793//1793 1679//1679 1467//1467
f 1777//1777 1602//1602 1760//1760
f 1846//1846 1798//1798 1754//1754
f 1835//1835 1096//1096 1677//1677
f 1033//1033 1030//1030 940//940
f 1450//1450 1527//1527 1702//1702
f 1717//1717 376//376 1697//1697
f 1711//1711 1717//1717 1697//1697
f 1717//1717 165//165 376//376
f 1840//1840 984//984 1790//1790
f 1669//1669 1746//1746 1704//1704
f 1669//1669 1682//1682 1746//1746
f 2301//2301 2349//2349 2308//2308
f 1882//1882 1444//1444 1898//1898
f 1820//1820 1789//1789 1730//1730
f 861//861 1380//1380 1566//1566
f 2301//2301 2308//2308 2266//2266
f 1771//1771 1543//1543 1691//1691
f 1958//1958 1659//1659 1651//1651
f 1697//1697 1360//1360 1711//1711
f 1711//1711 1737//1737 1717//1717
f 1717//1717 1737//1737 165//165
f 1790//1790 1753//1753 1558//1558
f 1668//1668 1696//1696 1663//1663
f 1360//1360 1702//1702 1711//1711
f 1702//1702 1707//1707 1711//1711
f 1707//1707 1737//1737 1711//1711
f 1737//1737 1751//1751 165//165
f 1444//1444 1782//1782 1693//1693
f 1716//1716 1787//1787 1599//1599
f 1744//1744 1839//1839 1022//1022
f 1898//1898 1444//1444 1785//1785
f 206//206 1707//1707 1702//1702
f 1764//1764 2468//2468 1751//1751
f 316//316 1844//1844 893//893
f 893//893 1844//1844 915//915
f 1845//1845 1804//1804 1758//1758
f 1380//1380 861//861 1756//1756
f 1780//1780 670//670 1021//1021
f 1714//1714 2172//2172 1763//1763
f 1783//1783 1558//1558 1663//1663
f 1750//1750 2127//2127 1465//1465
f 1798//1798 1771//1771 1691//1691
f 1691//1691 1543//1543 1724//1724
f 1872//1872 1910//1910 839//839
f 1737//1737 2044//2044 1751//1751
f 1751//1751 2044//2044 1764//1764
f 1757//1757 1701//1701 482//482
f 1725//1725 1602//1602 1777//1777
f 1836//1836 1845//1845 1530//1530
f 2102//2102 2470//2470 1503//1503
f 2496//2496 1899//1899 544//544
f 763//763 2484//2484 946//946
f 987//987 1719//1719 1467//1467
f 1845//1845 1758//1758 1792//1792
f 1725//1725 1837//1837 1602//1602
f 1872//1872 1866//1866 1873//1873
f 1712//1712 1530//1530 1760//1760
f 489//489 1799//1799 216//216
f 1760//1760 861//861 1750//1750
f 2068//2068 2466//2466 2460//2460
f 1696//1696 2159//2159 2168//2168
f 377//377 1377//1377 1280//1280
f 1797//1797 1676//1676 1572//1572
f 1581//1581 2053//2053 1572//1572
f 1676//1676 1581//1581 1572//1572
f 1764//1764 2498//2498 2468//2468
f 2468//2468 2498//2498 1994//1994
f 1861//1861 1695//1695 1860//1860
f 2481//2481 2004//2004 2495//2495
f 1826//1826 1677//1677 1523//1523
f 1670//1670 1739//1739 852//852
f 2234//2234 2269//2269 2253//2253
f 1724//1724 1543//1543 1678//1678
f 1658//1658 2168//2168 1791//1791
f 1397//1397 1747//1747 1719//1719
f 1696//1696 2168//2168 1658//1658
f 979//979 519//519 272//272
f 1774//1774 1975//1975 1679//1679
f 975//975 1671//1671 932//932
f 1787//1787 1716//1716 1682//1682
f 1835//1835 1826//1826 1747//1747
f 2501//2501 2469//2469 961//961
f 1810//1810 908//908 1791//1791
f 1982//1982 1768//1768 191//191
f 1137//1137 1704//1704 1825//1825
f 1804//1804 1846//1846 1758//1758
f 2004//2004 2044//2044 1737//1737
f 913//913 1969//1969 902//902
f 2498//2498 1795//1795 1801//1801
f 915//915 1844//1844 1712//1712
f 1689//1689 915//915 1712//1712
f 1740//1740 1752//1752 1541//1541
f 695//695 661//661 199//199
f 1865//1865 1693//1693 1782//1782
f 1824//1824 1464//1464 1809//1809
f 1829//1829 1765//1765 1718//1718
f 1816//1816 1768//1768 1982//1982
f 1816//1816 1622//1622 1768//1768
f 1622//1622 2165//2165 1681//1681
f 1768//1768 1622//1622 1681//1681
f 670//670 1772//1772 228//228
f 1283//1283 1459//1459 52//52
f 1785//1785 1444//1444 1749//1749
f 1675//1675 1075//1075 1685//1685
f 1567//1567 1781//1781 1704//1704
f 1858//1858 1857//1857 1848//1848
f 1526//1526 1752//1752 1688//1688
f 1791//1791 2160//2160 1810//1810
f 908//908 1658//1658 1791//1791
f 1813//1813 1773//1773 1558//1558
f 1845//1845 1792//1792 1530//1530
f 69//69 376//376 165//165
f 3//3 1832//1832 1834//1834
f 1722//1722 1516//1516 1507//1507
f 1801//1801 1821//1821 1994//1994
f 1833//1833 1982//1982 2046//2046
f 1821//1821 1833//1833 2046//2046
f 1833//1833 1816//1816 1982//1982
f 1022//1022 1785//1785 1749//1749
f 2160//2160 2170//2170 1810//1810
f 1147//1147 1719//1719 1726//1726
f 1683//1683 1840//1840 1507//1507
f 1467//1467 1719//1719 1793//1793
f 1795//1795 1802//1802 1801//1801
f 1802//1802 1811//1811 1801//1801
f 1801//1801 1811//1811 1821//1821
f 1690//1690 2165//2165 1622//1622
f 1934//1934 1480//1480 1925//1925
f 229//229 1468//1468 1091//1091
f 1780//1780 2164//2164 1742//1742
f 1672//1672 1742//1742 858//858
f 1833//1833 1417//1417 1816//1816
f 1417//1417 1622//1622 1816//1816
f 1831//1831 2165//2165 1690//1690
f 1668//1668 1663//1663 1558//1558
f 1719//1719 1747//1747 1826//1826
f 1760//1760 1750//1750 1664//1664
f 1817//1817 1690//1690 1622//1622
f 1530//1530 1792//1792 1777//1777
f 948//948 1796//1796 1802//1802
f 1796//1796 1811//1811 1802//1802
f 1515//1515 1817//1817 1622//1622
f 1695//1695 1861//1861 1831//1831
f 1783//1783 1663//1663 1658//1658
f 1749//1749 1410//1410 1022//1022
f 854//854 1796//1796 948//948
f 1811//1811 1842//1842 1833//1833
f 1821//1821 1811//1811 1833//1833
f 1833//1833 1842//1842 1417//1417
f 1622//1622 1417//1417 1515//1515
f 127//127 1804//1804 1845//1845
f 1686//1686 1626//1626 1837//1837
f 1608//1608 1690//1690 1817//1817
f 1523//1523 1775//1775 1762//1762
f 127//127 1845//1845 1836//1836
f 1812//1812 1805//1805 1708//1708
f 1523//1523 1677//1677 1775//1775
f 1780//1780 1772//1772 670//670
f 1758//1758 1754//1754 1792//1792
f 1204//1204 1796//1796 854//854
f 1822//1822 1842//1842 1811//1811
f 1608//1608 1831//1831 1690//1690
f 1822//1822 1811//1811 1796//1796
f 1842//1842 1416//1416 1417//1417
f 1417//1417 1416//1416 1515//1515
f 1515//1515 1608//1608 1817//1817
f 1728//1728 1831//1831 1608//1608
f 908//908 1783//1783 1658//1658
f 127//127 1836//1836 316//316
f 1805//1805 1148//1148 1824//1824
f 852//852 1745//1745 1672//1672
f 1478//1478 1093//1093 1928//1928
f 1822//1822 1843//1843 1842//1842
f 1843//1843 959//959 1842//1842
f 1842//1842 959//959 1416//1416
f 1728//1728 1695//1695 1831//1831
f 1728//1728 1860//1860 1695//1695
f 2346//2346 446//446 2337//2337
f 1602//1602 1837//1837 861//861
f 1087//1087 1096//1096 1835//1835
f 1708//1708 1824//1824 1809//1809
f 2004//2004 1737//1737 505//505
f 1567//1567 1748//1748 1781//1781
f 520//520 1543//1543 1883//1883
f 1760//1760 1664//1664 1712//1712
f 128//128 1336//1336 72//72
f 2053//2053 1883//1883 1543//1543
f 1822//1822 180//180 1843//1843
f 1786//1786 1608//1608 1515//1515
f 929//929 2462//2462 519//519
f 512//512 2402//2402 506//506
f 1212//1212 1703//1703 1683//1683
f 1830//1830 1829//1829 1739//1739
f 2053//2053 1543//1543 1771//1771
f 1416//1416 1769//1769 1515//1515
f 1769//1769 1786//1786 1515//1515
f 1786//1786 1728//1728 1608//1608
f 1712//1712 1808//1808 1689//1689
f 1794//1794 1558//1558 1783//1783
f 1497//1497 1735//1735 1776//1776
f 1127//1127 1567//1567 1137//1137
f 1123//1123 1748//1748 1567//1567
f 36//36 205//205 1185//1185
f 959//959 1734//1734 1416//1416
f 1738//1738 1733//1733 1541//1541
f 1774//1774 1762//1762 1974//1974
f 1752//1752 1554//1554 1541//1541
f 1752//1752 1740//1740 1688//1688
f 1526//1526 1875//1875 1554//1554
f 1468//1468 1829//1829 1830//1830
f 1755//1755 908//908 1810//1810
f 1716//1716 1599//1599 1814//1814
f 1806//1806 1780//1780 1742//1742
f 2308//2308 2349//2349 2340//2340
f 1832//1832 915//915 1689//1689
f 1713//1713 1468//1468 1830//1830
f 1814//1814 1599//1599 1346//1346
f 1832//1832 1689//1689 1766//1766
f 1022//1022 1684//1684 1785//1785
f 1093//1093 1153//1153 1116//1116
f 1672//1672 678//678 1742//1742
f 1675//1675 1685//1685 1093//1093
f 1841//1841 1743//1743 1722//1722
f 1814//1814 2053//2053 1581//1581
f 1464//1464 1746//1746 1809//1809
f 2485//2485 2497//2497 2493//2493
f 1416//1416 1734//1734 1769//1769
f 1665//1665 1728//1728 1786//1786
f 1665//1665 1951//1951 1728//1728
f 1951//1951 1860//1860 1728//1728
f 1951//1951 2094//2094 1860//1860
f 1844//1844 1836//1836 1818//1818
f 316//316 1836//1836 1844//1844
f 1776//1776 1531//1531 1787//1787
f 1719//1719 1826//1826 1793//1793
f 2147//2147 1401//1401 29//29
f 2111//2111 2121//2121 1548//1548
f 1741//1741 1259//1259 1779//1779
f 1843//1843 347//347 1834//1834
f 1843//1843 1734//1734 959//959
f 1766//1766 1769//1769 1734//1734
f 957//957 1766//1766 1734//1734
f 1766//1766 1786//1786 1769//1769
f 1766//1766 1689//1689 1786//1786
f 1689//1689 1665//1665 1786//1786
f 1754//1754 1691//1691 1777//1777
f 1507//1507 1840//1840 1790//1790
f 1761//1761 1470//1470 1461//1461
f 1523//1523 1679//1679 1793//1793
f 1091//1091 1468//1468 1098//1098
f 1820//1820 1730//1730 1838//1838
f 1843//1843 1834//1834 1734//1734
f 1808//1808 1951//1951 1665//1665
f 1588//1588 1727//1727 1531//1531
f 893//893 915//915 1832//1832
f 1523//1523 1774//1774 1679//1679
f 272//272 2488//2488 710//710
f 1093//1093 1116//1116 1675//1675
f 2340//2340 2349//2349 2348//2348
f 1832//1832 1734//1734 1834//1834
f 1832//1832 957//957 1734//1734
f 1951//1951 1808//1808 2094//2094
f 1685//1685 1692//1692 1505//1505
f 1043//1043 295//295 698//698
f 2143//2143 1779//1779 2121//2121
f 1689//1689 1808//1808 1665//1665
f 1693//1693 1714//1714 1763//1763
f 1738//1738 2157//2157 1516//1516
f 1114//1114 1921//1921 236//236
f 1268//1268 1333//1333 1520//1520
f 1149//1149 1108//1108 431//431
f 508//508 2144//2144 1912//1912
f 1957//1957 1108//1108 1537//1537
f 431//431 1108//1108 1957//1957
f 1018//1018 1108//1108 2167//2167
f 1338//1338 1957//1957 1681//1681
f 2163//2163 1957//1957 1338//1338
f 1983//1983 1390//1390 2093//2093
f 30//30 557//557 37//37
f 1714//1714 2173//2173 2172//2172
f 1983//1983 1984//1984 1390//1390
f 1984//1984 2065//2065 1390//1390
f 884//884 1762//1762 897//897
f 2065//2065 1984//1984 1214//1214
f 1950//1950 1974//1974 1762//1762
f 884//884 1950//1950 1762//1762
f 2012//2012 1698//1698 1861//1861
f 1214//1214 2116//2116 803//803
f 1950//1950 1938//1938 1974//1974
f 1938//1938 1967//1967 1974//1974
f 1900//1900 1761//1761 1461//1461
f 865//865 1929//1929 884//884
f 884//884 1929//1929 1950//1950
f 2062//2062 2071//2071 2042//2042
f 919//919 1985//1985 1732//1732
f 1593//1593 502//502 2146//2146
f 1995//1995 1213//1213 2098//2098
f 1522//1522 2476//2476 1651//1651
f 2174//2174 1849//1849 2175//2175
f 1480//1480 1989//1989 1499//1499
f 1929//1929 1938//1938 1950//1950
f 1605//1605 2058//2058 1574//1574
f 2097//2097 1605//1605 2133//2133
f 1912//1912 2014//2014 1886//1886
f 2092//2092 2082//2082 2083//2083
f 206//206 1930//1930 505//505
f 2101//2101 2100//2100 2092//2092
f 2073//2073 2101//2101 2092//2092
f 839//839 1910//1910 865//865
f 1910//1910 1901//1901 1929//1929
f 865//865 1910//1910 1929//1929
f 1967//1967 1788//1788 1975//1975
f 2073//2073 2092//2092 2063//2063
f 2101//2101 1593//1593 2100//2100
f 2015//2015 1876//1876 1698//1698
f 1853//1853 1884//1884 2014//2014
f 1831//1831 1698//1698 2165//2165
f 1316//1316 273//273 81//81
f 1901//1901 1920//1920 1929//1929
f 1929//1929 1920//1920 1938//1938
f 1920//1920 1968//1968 1967//1967
f 1938//1938 1920//1920 1967//1967
f 1849//1849 2174//2174 1700//1700
f 2173//2173 1700//1700 2174//2174
f 2062//2062 2072//2072 2091//2091
f 803//803 2467//2467 2059//2059
f 2239//2239 1736//1736 2240//2240
f 1505//1505 1357//1357 1685//1685
f 1358//1358 1686//1686 1476//1476
f 1967//1967 1968//1968 1788//1788
f 1968//1968 1969//1969 1788//1788
f 2065//2065 2110//2110 2156//2156
f 2065//2065 1214//1214 2110//2110
f 2110//2110 1214//1214 503//503
f 273//273 2093//2093 1018//1018
f 273//273 1983//1983 2093//2093
f 532//532 1886//1886 2155//2155
f 2034//2034 2021//2021 1947//1947
f 216//216 1810//1810 585//585
f 1912//1912 543//543 2014//2014
f 1390//1390 2051//2051 1537//1537
f 1872//1872 1873//1873 1910//1910
f 1984//1984 2045//2045 1214//1214
f 597//597 1912//1912 1886//1886
f 1593//1593 2146//2146 2100//2100
f 2071//2071 2062//2062 2090//2090
f 2034//2034 2046//2046 1982//1982
f 2034//2034 1947//1947 2046//2046
f 1214//1214 2045//2045 2116//2116
f 1873//1873 1887//1887 1910//1910
f 1887//1887 1901//1901 1910//1910
f 1562//1562 1447//1447 1106//1106
f 2163//2163 431//431 1957//1957
f 1948//1948 1972//1972 1936//1936
f 1972//1972 1948//1948 1992//1992
f 2014//2014 2015//2015 2013//2013
f 1853//1853 2014//2014 2013//2013
f 1550//1550 1884//1884 1853//1853
f 1947//1947 2468//2468 1994//1994
f 1355//1355 1550//1550 2154//2154
f 1355//1355 1884//1884 1550//1550
f 2081//2081 2108//2108 2128//2128
f 2024//2024 1965//1965 1492//1492
f 2024//2024 2032//2032 1965//1965
f 2116//2116 1604//1604 803//803
f 1901//1901 1911//1911 1920//1920
f 1939//1939 1968//1968 1920//1920
f 1911//1911 1939//1939 1920//1920
f 872//872 1626//1626 1666//1666
f 2062//2062 2091//2091 2120//2120
f 1819//1819 1927//1927 1759//1759
f 1021//1021 1674//1674 1780//1780
f 872//872 1673//1673 1756//1756
f 1550//1550 501//501 2171//2171
f 1378//1378 1550//1550 2171//2171
f 2146//2146 2162//2162 2145//2145
f 1358//1358 482//482 192//192
f 2109//2109 2120//2120 2119//2119
f 1866//1866 1872//1872 2227//2227
f 1391//1391 2012//2012 1860//1860
f 2136//2136 2137//2137 2161//2161
f 2162//2162 1661//1661 236//236
f 1887//1887 1894//1894 1901//1901
f 1901//1901 1894//1894 1911//1911
f 505//505 1707//1707 206//206
f 2120//2120 2137//2137 2136//2136
f 2142//2142 2164//2164 1674//1674
f 1860//1860 2012//2012 1861//1861
f 1894//1894 1939//1939 1911//1911
f 2080//2080 2060//2060 2118//2118
f 2162//2162 236//236 508//508
f 2164//2164 1815//1815 1742//1742
f 1018//1018 2093//2093 1537//1537
f 2154//2154 1378//1378 2161//2161
f 2041//2041 2098//2098 2491//2491
f 2043//2043 2042//2042 2032//2032
f 1108//1108 1018//1018 1537//1537
f 1465//1465 2094//2094 1808//1808
f 502//502 1643//1643 1661//1661
f 2467//2467 1618//1618 1656//1656
f 2119//2119 2136//2136 2135//2135
f 2119//2119 2108//2108 2071//2071
f 878//878 1183//1183 1195//1195
f 2101//2101 1594//1594 1593//1593
f 2033//2033 2370//2370 2063//2063
f 2482//2482 2491//2491 2098//2098
f 1282//1282 2406//2406 1275//1275
f 2003//2003 1948//1948 1956//1956
f 2043//2043 2032//2032 2024//2024
f 2025//2025 2043//2043 2024//2024
f 2154//2154 1550//1550 1378//1378
f 1795//1795 2498//2498 1764//1764
f 2142//2142 1548//1548 2164//2164
f 2431//2431 2454//2454 2422//2422
f 1981//1981 2011//2011 1993//1993
f 2349//2349 2391//2391 2362//2362
f 502//502 2162//2162 2146//2146
f 2025//2025 2024//2024 2360//2360
f 2129//2129 2120//2120 2091//2091
f 1732//1732 1985//1985 2007//2007
f 2171//2171 1308//1308 209//209
f 1930//1930 1995//1995 2041//2041
f 1390//1390 1238//1238 2051//2051
f 1866//1866 1878//1878 1887//1887
f 1878//1878 1894//1894 1887//1887
f 1965//1965 2032//2032 2011//2011
f 874//874 2480//2480 2492//2492
f 2071//2071 2108//2108 2069//2069
f 1358//1358 1731//1731 482//482
f 430//430 2021//2021 2034//2034
f 1965//1965 2003//2003 1964//1964
f 1855//1855 1889//1889 831//831
f 1668//1668 1773//1773 2150//2150
f 1390//1390 2156//2156 1238//1238
f 898//898 869//869 1903//1903
f 2391//2391 2407//2407 2362//2362
f 2121//2121 2111//2111 2074//2074
f 1548//1548 1259//1259 2164//2164
f 2099//2099 2129//2129 2091//2091
f 1550//1550 1853//1853 501//501
f 1853//1853 1852//1852 501//501
f 952//952 2017//2017 969//969
f 2085//2085 2121//2121 2074//2074
f 2130//2130 2006//2006 1391//1391
f 2144//2144 1367//1367 543//543
f 2100//2100 2146//2146 2099//2099
f 1545//1545 1319//1319 113//113
f 1903//1903 1922//1922 898//898
f 1922//1922 1931//1931 898//898
f 585//585 2170//2170 1641//1641
f 2007//2007 2017//2017 952//952
f 2017//2017 2074//2074 969//969
f 1558//1558 1753//1753 1813//1813
f 837//837 2005//2005 1517//1517
f 2005//2005 2006//2006 2130//2130
f 1532//1532 1474//1474 1528//1528
f 2003//2003 1981//1981 1948//1948
f 2070//2070 2071//2071 2069//2069
f 1922//1922 919//919 1931//1931
f 2017//2017 2085//2085 2074//2074
f 2085//2085 2104//2104 2121//2121
f 2100//2100 2099//2099 2082//2082
f 2156//2156 2110//2110 2034//2034
f 505//505 2474//2474 2004//2004
f 1903//1903 871//871 1922//1922
f 1922//1922 1952//1952 919//919
f 919//919 1952//1952 1985//1985
f 1985//1985 2001//2001 2007//2007
f 2001//2001 2036//2036 2017//2017
f 2007//2007 2001//2001 2017//2017
f 2017//2017 2036//2036 2085//2085
f 2036//2036 2047//2047 2085//2085
f 2047//2047 2075//2075 2085//2085
f 2075//2075 2104//2104 2085//2085
f 1948//1948 1993//1993 2023//2023
f 2400//2400 2422//2422 2407//2407
f 2011//2011 2070//2070 1993//1993
f 2033//2033 2043//2043 2025//2025
f 2012//2012 2015//2015 1698//1698
f 1876//1876 1338//1338 2165//2165
f 871//871 1940//1940 1922//1922
f 1985//1985 1976//1976 2001//2001
f 2121//2121 2104//2104 2143//2143
f 1051//1051 1413//1413 1456//1456
f 2358//2358 1362//1362 2379//2379
f 1859//1859 1789//1789 1870//1870
f 2090//2090 2109//2109 2071//2071
f 1405//1405 1398//1398 1885//1885
f 1886//1886 1884//1884 1355//1355
f 1922//1922 1960//1960 1952//1952
f 1952//1952 1960//1960 1985//1985
f 1960//1960 1976//1976 1985//1985
f 1956//1956 1948//1948 1936//1936
f 2135//2135 209//209 2128//2128
f 2157//2157 1875//1875 1212//1212
f 2160//2160 2168//2168 2169//2169
f 1900//1900 1461//1461 1918//1918
f 2001//2001 2018//2018 2036//2036
f 2075//2075 2086//2086 2104//2104
f 2111//2111 2142//2142 2103//2103
f 1937//1937 1956//1956 1936//1936
f 2023//2023 2070//2070 2061//2061
f 2135//2135 2128//2128 2108//2108
f 2042//2042 2071//2071 2011//2011
f 2138//2138 413//413 2383//2383
f 2033//2033 2072//2072 2043//2043
f 1922//1922 1940//1940 1960//1960
f 2070//2070 2069//2069 2061//2061
f 2069//2069 2108//2108 2061//2061
f 2108//2108 2119//2119 2135//2135
f 1855//1855 1904//1904 1889//1889
f 1889//1889 1904//1904 871//871
f 871//871 1904//1904 1940//1940
f 1976//1976 2018//2018 2001//2001
f 2036//2036 2018//2018 2047//2047
f 2122//2122 2143//2143 2104//2104
f 216//216 1642//1642 489//489
f 2148//2148 984//984 2143//2143
f 1975//1975 1974//1974 1967//1967
f 2157//2157 1683//1683 1516//1516
f 1614//1614 1593//1593 1594//1594
f 2269//2269 2270//2270 2276//2276
f 1926//1926 2147//2147 29//29
f 2082//2082 2091//2091 2072//2072
f 430//430 503//503 2059//2059
f 1904//1904 1905//1905 1940//1940
f 1940//1940 1961//1961 1960//1960
f 1961//1961 1976//1976 1960//1960
f 2087//2087 2086//2086 2075//2075
f 2065//2065 2156//2156 1390//1390
f 1820//1820 1838//1838 1900//1900
f 534//534 1308//1308 837//837
f 2167//2167 273//273 1018//1018
f 831//831 1850//1850 1855//1855
f 2019//2019 2037//2037 2018//2018
f 2018//2018 2037//2037 2047//2047
f 2037//2037 2075//2075 2047//2047
f 2086//2086 2095//2095 2104//2104
f 2095//2095 2122//2122 2104//2104
f 2122//2122 2148//2148 2143//2143
f 1926//1926 1213//1213 1995//1995
f 1405//1405 1885//1885 1761//1761
f 2006//2006 2013//2013 2012//2012
f 2211//2211 2233//2233 2216//2216
f 1855//1855 1890//1890 1904//1904
f 1904//1904 1895//1895 1905//1905
f 1905//1905 1932//1932 1940//1940
f 1961//1961 1977//1977 1976//1976
f 1976//1976 1986//1986 2018//2018
f 2484//2484 2476//2476 1518//1518
f 1870//1870 1411//1411 1859//1859
f 1548//1548 2142//2142 2111//2111
f 1904//1904 1890//1890 1895//1895
f 1895//1895 1932//1932 1905//1905
f 1940//1940 1932//1932 1961//1961
f 1976//1976 1977//1977 1986//1986
f 1986//1986 2008//2008 2018//2018
f 2018//2018 2008//2008 2019//2019
f 2087//2087 2075//2075 2037//2037
f 2087//2087 2095//2095 2086//2086
f 2094//2094 1391//1391 1860//1860
f 1852//1852 1853//1853 2006//2006
f 1853//1853 2013//2013 2006//2006
f 929//929 979//979 850//850
f 1855//1855 1874//1874 1890//1890
f 2008//2008 2028//2028 2019//2019
f 1993//1993 2070//2070 2023//2023
f 1705//1705 1799//1799 1998//1998
f 1491//1491 2147//2147 206//206
f 1851//1851 1856//1856 1855//1855
f 1895//1895 1890//1890 1874//1874
f 2038//2038 2019//2019 2028//2028
f 2038//2038 2048//2048 2037//2037
f 2019//2019 2038//2038 2037//2037
f 2048//2048 2067//2067 2087//2087
f 2037//2037 2048//2048 2087//2087
f 2087//2087 2067//2067 2095//2095
f 2095//2095 2149//2149 2122//2122
f 2149//2149 2148//2148 2122//2122
f 1308//1308 2005//2005 837//837
f 209//209 1308//1308 1387//1387
f 1601//1601 2102//2102 1927//1927
f 254//254 170//170 201//201
f 1800//1800 1403//1403 1763//1763
f 1510//1510 1346//1346 1740//1740
f 870//870 871//871 1903//1903
f 1919//1919 1650//1650 1619//1619
f 2148//2148 1667//1667 1753//1753
f 1932//1932 1923//1923 1961//1961
f 1977//1977 1953//1953 1986//1986
f 2067//2067 2112//2112 2095//2095
f 2112//2112 2149//2149 2095//2095
f 2148//2148 2149//2149 1667//1667
f 2422//2422 2421//2421 2407//2407
f 1926//1926 2026//2026 1213//1213
f 1912//1912 2144//2144 543//543
f 2128//2128 1387//1387 2153//2153
f 1733//1733 1510//1510 1740//1740
f 990//990 853//853 2489//2489
f 503//503 1214//1214 803//803
f 1921//1921 431//431 2163//2163
f 2146//2146 2145//2145 2129//2129
f 2144//2144 1921//1921 2163//2163
f 1855//1855 1856//1856 1874//1874
f 1895//1895 1923//1923 1932//1932
f 1923//1923 1941//1941 1961//1961
f 1961//1961 1941//1941 1977//1977
f 2048//2048 2076//2076 2067//2067
f 2076//2076 2113//2113 2067//2067
f 2067//2067 2113//2113 2112//2112
f 1723//1723 1900//1900 1937//1937
f 1870//1870 1900//1900 1723//1723
f 1367//1367 2163//2163 1338//1338
f 520//520 1346//1346 1510//1510
f 1698//1698 1831//1831 1861//1861
f 1984//1984 1919//1919 2045//2045
f 1895//1895 1891//1891 1923//1923
f 2008//2008 1986//1986 2028//2028
f 1948//1948 1981//1981 1993//1993
f 1883//1883 1346//1346 520//520
f 1883//1883 1814//1814 1346//1346
f 1930//1930 206//206 2147//2147
f 2499//2499 2486//2486 1447//1447
f 1891//1891 1906//1906 1923//1923
f 1923//1923 1953//1953 1941//1941
f 1953//1953 1977//1977 1941//1941
f 1953//1953 1987//1987 1986//1986
f 2113//2113 2123//2123 2112//2112
f 2123//2123 2149//2149 2112//2112
f 1387//1387 1308//1308 1226//1226
f 1599//1599 1688//1688 1346//1346
f 2093//2093 1390//1390 1537//1537
f 2003//2003 2011//2011 1981//1981
f 1987//1987 2028//2028 1986//1986
f 2038//2038 2049//2049 2048//2048
f 2048//2048 2049//2049 2076//2076
f 1813//1813 1667//1667 2149//2149
f 2123//2123 1813//1813 2149//2149
f 1461//1461 1469//1469 1964//1964
f 1757//1757 1510//1510 1743//1743
f 505//505 1930//1930 1999//1999
f 2223//2223 1784//1784 1789//1789
f 1532//1532 1522//1522 1651//1651
f 1906//1906 1913//1913 1923//1923
f 1913//1913 1943//1943 1923//1923
f 1943//1943 1942//1942 1923//1923
f 1923//1923 1942//1942 1953//1953
f 1942//1942 1987//1987 1953//1953
f 1308//1308 1852//1852 2005//2005
f 2053//2053 1814//1814 1883//1883
f 1733//1733 1740//1740 1541//1541
f 2154//2154 1886//1886 1355//1355
f 1503//1503 1528//1528 1474//1474
f 1874//1874 1879//1879 1895//1895
f 1895//1895 1879//1879 1891//1891
f 2076//2076 2124//2124 2113//2113
f 2113//2113 2124//2124 2123//2123
f 1896//1896 1891//1891 1879//1879
f 1891//1891 1896//1896 1906//1906
f 1942//1942 1962//1962 1987//1987
f 1962//1962 2009//2009 2028//2028
f 1987//1987 1962//1962 2028//2028
f 2009//2009 2038//2038 2028//2028
f 2109//2109 2119//2119 2071//2071
f 1918//1918 1956//1956 1937//1937
f 1851//1851 1864//1864 1856//1856
f 1896//1896 1897//1897 1906//1906
f 1906//1906 1897//1897 1913//1913
f 1943//1943 1962//1962 1942//1942
f 2049//2049 2077//2077 2076//2076
f 2124//2124 2125//2125 2123//2123
f 1930//1930 2147//2147 1926//1926
f 1902//1902 1894//1894 1878//1878
f 482//482 1510//1510 1757//1757
f 2129//2129 2137//2137 2120//2120
f 503//503 803//803 2059//2059
f 1847//1847 1857//1857 1851//1851
f 1851//1851 1857//1857 1864//1864
f 2039//2039 2038//2038 2009//2009
f 2038//2038 2039//2039 2049//2049
f 2076//2076 2077//2077 2124//2124
f 2150//2150 1813//1813 2123//2123
f 482//482 520//520 1510//1510
f 1994//1994 1821//1821 2046//2046
f 2044//2044 2004//2004 1764//1764
f 1864//1864 1867//1867 1856//1856
f 1867//1867 1874//1874 1856//1856
f 1897//1897 1944//1944 1913//1913
f 1943//1943 1944//1944 1962//1962
f 2124//2124 2126//2126 2125//2125
f 2150//2150 2123//2123 2125//2125
f 2099//2099 2146//2146 2129//2129
f 2041//2041 1995//1995 2098//2098
f 1605//1605 1641//1641 2151//2151
f 1847//1847 1959//1959 1857//1857
f 1874//1874 1867//1867 1879//1879
f 1913//1913 1944//1944 1943//1943
f 1944//1944 1963//1963 1962//1962
f 2077//2077 2096//2096 2124//2124
f 2096//2096 2126//2126 2124//2124
f 2126//2126 2150//2150 2125//2125
f 941//941 1650//1650 1919//1919
f 2135//2135 2136//2136 209//209
f 1884//1884 1886//1886 2014//2014
f 2049//2049 2029//2029 2077//2077
f 1388//1388 2127//2127 1389//1389
f 1389//1389 2127//2127 1566//1566
f 1930//1930 1926//1926 1995//1995
f 941//941 1919//1919 1316//1316
f 2110//2110 503//503 430//430
f 1867//1867 1880//1880 1879//1879
f 1879//1879 1880//1880 1896//1896
f 1897//1897 1907//1907 1944//1944
f 1963//1963 1978//1978 1962//1962
f 1962//1962 1978//1978 2009//2009
f 2039//2039 2029//2029 2049//2049
f 2077//2077 2078//2078 2096//2096
f 822//822 823//823 827//827
f 2166//2166 1668//1668 2150//2150
f 81//81 941//941 1316//1316
f 2204//2204 2216//2216 2203//2203
f 2011//2011 2071//2071 2070//2070
f 1880//1880 1892//1892 1896//1896
f 1892//1892 1907//1907 1897//1897
f 1896//1896 1892//1892 1897//1897
f 1907//1907 1914//1914 1944//1944
f 1978//1978 2010//2010 2009//2009
f 2010//2010 2039//2039 2009//2009
f 1688//1688 1740//1740 1346//1346
f 1789//1789 1820//1820 1870//1870
f 2130//2130 1391//1391 2094//2094
f 1944//1944 1945//1945 1963//1963
f 2029//2029 2078//2078 2077//2077
f 1767//1767 2150//2150 2126//2126
f 1767//1767 2166//2166 2150//2150
f 803//803 2022//2022 2467//2467
f 1503//1503 1927//1927 2102//2102
f 1914//1914 1954//1954 1944//1944
f 1944//1944 1954//1954 1945//1945
f 1963//1963 1970//1970 1978//1978
f 2078//2078 2105//2105 2096//2096
f 2105//2105 2126//2126 2096//2096
f 1965//1965 2011//2011 2003//2003
f 192//192 1626//1626 1358//1358
f 2101//2101 1559//1559 1594//1594
f 1930//1930 2041//2041 1999//1999
f 1698//1698 1876//1876 2165//2165
f 1398//1398 1871//1871 891//891
f 2165//2165 1338//1338 1681//1681
f 1970//1970 2010//2010 1978//1978
f 2010//2010 2030//2030 2029//2029
f 2039//2039 2010//2010 2029//2029
f 2030//2030 2055//2055 2078//2078
f 2029//2029 2030//2030 2078//2078
f 1849//1849 1848//1848 2175//2175
f 1871//1871 1862//1862 891//891
f 543//543 2015//2015 2014//2014
f 1857//1857 1858//1858 1864//1864
f 1864//1864 1858//1858 1867//1867
f 1963//1963 1945//1945 1970//1970
f 2055//2055 2088//2088 2078//2078
f 2078//2078 2088//2088 2105//2105
f 2105//2105 2131//2131 2126//2126
f 2126//2126 2131//2131 1767//1767
f 2063//2063 2083//2083 2033//2033
f 2161//2161 2171//2171 209//209
f 2032//2032 2042//2042 2011//2011
f 1813//1813 2150//2150 1773//1773
f 1914//1914 1908//1908 1954//1954
f 1970//1970 1979//1979 2010//2010
f 2088//2088 2131//2131 2105//2105
f 2015//2015 543//543 1876//1876
f 1694//1694 1692//1692 1048//1048
f 1395//1395 2207//2207 1859//1859
f 1395//1395 1393//1393 2207//2207
f 1730//1730 1784//1784 1736//1736
f 2500//2500 2466//2466 2470//2470
f 1709//1709 1701//1701 1757//1757
f 1945//1945 1979//1979 1970//1970
f 2030//2030 2050//2050 2055//2055
f 2350//2350 2317//2317 2286//2286
f 2154//2154 2155//2155 1886//1886
f 871//871 860//860 1889//1889
f 2161//2161 209//209 2136//2136
f 2497//2497 2463//2463 2493//2493
f 2190//2190 2204//2204 2203//2203
f 1800//1800 2179//2179 1404//1404
f 2477//2477 2469//2469 1385//1385
f 1385//1385 1715//1715 2477//2477
f 2128//2128 209//209 1387//1387
f 1858//1858 1868//1868 1867//1867
f 1867//1867 1881//1881 1880//1880
f 1893//1893 1892//1892 1880//1880
f 1881//1881 1893//1893 1880//1880
f 1893//1893 1907//1907 1892//1892
f 1907//1907 1908//1908 1914//1914
f 1954//1954 1979//1979 1945//1945
f 1979//1979 1980//1980 2010//2010
f 2131//2131 2159//2159 1767//1767
f 1765//1765 93//93 339//339
f 1761//1761 1877//1877 1405//1405
f 523//523 1347//1347 515//515
f 1541//1541 2157//2157 1738//1738
f 2144//2144 2163//2163 1367//1367
f 1380//1380 1389//1389 1566//1566
f 2317//2317 2392//2392 2316//2316
f 1994//1994 2498//2498 1801//1801
f 1867//1867 1868//1868 1881//1881
f 1980//1980 2050//2050 2030//2030
f 2010//2010 1980//1980 2030//2030
f 2050//2050 2089//2089 2055//2055
f 2055//2055 2089//2089 2088//2088
f 2088//2088 2114//2114 2131//2131
f 1538//1538 1651//1651 1659//1659
f 2145//2145 2155//2155 2129//2129
f 2140//2140 29//29 1928//1928
f 2370//2370 2033//2033 2025//2025
f 2252//2252 2239//2239 2240//2240
f 2239//2239 2252//2252 1862//1862
f 2392//2392 2391//2391 2316//2316
f 2469//2469 2501//2501 1385//1385
f 2477//2477 1715//1715 1710//1710
f 502//502 1614//1614 1643//1643
f 2438//2438 1227//1227 2431//2431
f 1915//1915 1907//1907 1893//1893
f 1915//1915 1908//1908 1907//1907
f 1954//1954 1908//1908 1979//1979
f 1908//1908 1988//1988 1979//1979
f 1979//1979 1988//1988 1980//1980
f 2114//2114 2159//2159 2131//2131
f 2155//2155 2154//2154 2129//2129
f 508//508 1966//1966 2144//2144
f 872//872 1756//1756 1626//1626
f 1710//1710 1715//1715 1505//1505
f 236//236 1966//1966 508//508
f 2272//2272 2284//2284 1398//1398
f 2325//2325 2355//2355 2319//2319
f 1548//1548 2121//2121 1779//1779
f 1532//1532 1528//1528 1522//1522
f 1980//1980 2056//2056 2050//2050
f 2050//2050 2056//2056 2089//2089
f 2013//2013 2015//2015 2012//2012
f 1964//1964 2003//2003 1956//1956
f 2006//2006 2012//2012 1391//1391
f 1565//1565 1927//1927 1503//1503
f 2244//2244 2243//2243 2226//2226
f 5//5 1715//1715 1385//1385
f 1858//1858 1848//1848 1868//1868
f 1915//1915 1946//1946 1908//1908
f 1946//1946 1988//1988 1908//1908
f 1980//1980 2020//2020 2056//2056
f 2115//2115 2159//2159 2114//2114
f 2092//2092 2083//2083 2063//2063
f 1398//1398 2284//2284 1687//1687
f 2162//2162 2155//2155 2145//2145
f 519//519 2475//2475 2488//2488
f 2158//2158 5//5 1385//1385
f 5//5 1505//1505 1715//1715
f 1692//1692 1694//1694 1505//1505
f 1988//1988 2020//2020 1980//1980
f 2115//2115 2169//2169 2159//2159
f 2169//2169 2168//2168 2159//2159
f 2083//2083 2082//2082 2072//2072
f 1316//1316 1984//1984 1983//1983
f 1488//1488 1619//1619 1650//1650
f 2083//2083 2072//2072 2033//2033
f 2361//2361 1210//1210 1233//1233
f 1933//1933 1946//1946 1915//1915
f 2056//2056 2079//2079 2089//2089
f 2088//2088 2115//2115 2114//2114
f 2099//2099 2091//2091 2082//2082
f 2162//2162 532//532 2155//2155
f 1852//1852 2006//2006 2005//2005
f 2023//2023 2061//2061 2052//2052
f 2176//2176 2184//2184 2175//2175
f 2162//2162 985//985 532//532
f 1909//1909 1893//1893 1881//1881
f 1909//1909 1915//1915 1893//1893
f 1988//1988 2040//2040 2020//2020
f 2040//2040 2056//2056 2020//2020
f 2089//2089 2079//2079 2088//2088
f 2088//2088 2079//2079 2115//2115
f 1782//1782 1444//1444 1882//1882
f 1216//1216 1215//1215 2320//2320
f 867//867 1939//1939 1894//1894
f 867//867 903//903 1939//1939
f 1372//1372 2398//2398 1379//1379
f 1863//1863 504//504 2027//2027
f 2158//2158 1385//1385 504//504
f 1868//1868 1782//1782 1881//1881
f 1909//1909 1933//1933 1915//1915
f 2040//2040 1988//1988 1946//1946
f 1481//1481 2024//2024 1492//1492
f 2120//2120 2136//2136 2119//2119
f 1522//1522 1528//1528 1518//1518
f 1871//1871 1398//1398 1405//1405
f 1221//1221 1408//1408 1399//1399
f 1357//1357 5//5 2158//2158
f 2179//2179 1800//1800 1763//1763
f 1868//1868 1865//1865 1782//1782
f 1882//1882 1881//1881 1782//1782
f 1882//1882 1909//1909 1881//1881
f 2040//2040 2057//2057 2056//2056
f 2106//2106 2079//2079 2056//2056
f 2057//2057 2106//2106 2056//2056
f 2106//2106 2132//2132 2079//2079
f 2132//2132 2115//2115 2079//2079
f 2115//2115 2132//2132 2169//2169
f 532//532 985//985 597//597
f 2092//2092 2100//2100 2082//2082
f 1210//1210 1221//1221 1399//1399
f 1399//1399 1233//1233 1210//1210
f 2130//2130 2002//2002 1517//1517
f 1849//1849 1865//1865 1868//1868
f 1933//1933 2040//2040 1946//1946
f 52//52 1269//1269 30//30
f 1667//1667 1813//1813 1753//1753
f 1997//1997 1380//1380 1673//1673
f 940//940 1008//1008 1088//1088
f 1947//1947 1994//1994 2046//2046
f 1882//1882 1916//1916 1909//1909
f 1924//1924 1933//1933 1909//1909
f 1533//1533 2040//2040 1933//1933
f 1533//1533 1534//1534 2040//2040
f 2058//2058 2040//2040 1534//1534
f 2058//2058 2057//2057 2040//2040
f 1238//1238 191//191 1768//1768
f 1997//1997 1389//1389 1380//1380
f 1875//1875 1541//1541 1554//1554
f 1854//1854 504//504 1863//1863
f 1854//1854 2158//2158 504//504
f 2396//2396 1275//1275 2406//2406
f 2426//2426 2443//2443 153//153
f 1916//1916 1924//1924 1909//1909
f 1925//1925 1935//1935 1934//1934
f 1870//1870 1723//1723 1426//1426
f 2058//2058 2097//2097 2057//2057
f 2097//2097 2106//2106 2057//2057
f 2132//2132 2151//2151 2169//2169
f 2151//2151 2160//2160 2169//2169
f 1106//1106 1635//1635 1562//1562
f 1957//1957 1768//1768 1681//1681
f 1957//1957 2051//2051 1768//1768
f 526//526 535//535 33//33
f 1614//1614 1594//1594 1609//1609
f 2233//2233 2229//2229 2216//2216
f 2496//2496 2027//2027 2084//2084
f 2496//2496 1863//1863 2027//2027
f 2117//2117 1854//1854 1863//1863
f 2016//2016 2158//2158 1854//1854
f 2016//2016 1504//1504 1357//1357
f 2158//2158 2016//2016 1357//1357
f 1114//1114 236//236 1661//1661
f 2129//2129 2154//2154 2137//2137
f 2133//2133 2106//2106 2097//2097
f 2491//2491 1999//1999 2041//2041
f 2051//2051 1238//1238 1768//1768
f 2061//2061 2108//2108 2081//2081
f 2189//2189 2195//2195 2186//2186
f 2348//2348 2349//2349 2362//2362
f 1701//1701 192//192 482//482
f 505//505 1737//1737 1707//1707
f 2133//2133 2132//2132 2106//2106
f 2132//2132 2133//2133 2151//2151
f 2151//2151 2170//2170 2160//2160
f 502//502 1661//1661 2162//2162
f 1998//1998 1389//1389 1997//1997
f 2297//2297 2352//2352 2329//2329
f 2352//2352 2364//2364 2329//2329
f 2394//2394 2414//2414 2364//2364
f 2352//2352 2394//2394 2364//2364
f 2402//2402 512//512 2415//2415
f 2255//2255 2254//2254 2243//2243
f 2446//2446 1365//1365 2456//2456
f 2271//2271 2282//2282 2298//2298
f 846//846 2283//2283 2264//2264
f 2293//2293 2310//2310 2318//2318
f 2254//2254 2295//2295 2294//2294
f 2283//2283 2290//2290 2278//2278
f 2270//2270 2294//2294 2293//2293
f 2423//2423 2455//2455 2400//2400
f 2281//2281 2287//2287 2267//2267
f 2190//2190 2191//2191 2204//2204
f 2271//2271 2263//2263 2282//2282
f 2334//2334 2329//2329 2364//2364
f 2424//2424 2432//2432 2409//2409
f 2282//2282 2263//2263 2298//2298
f 1409//1409 1659//1659 1958//1958
f 2263//2263 2302//2302 2298//2298
f 2297//2297 2329//2329 2296//2296
f 1256//1256 446//446 2346//2346
f 1958//1958 2502//2502 2478//2478
f 2437//2437 2399//2399 2444//2444
f 263//263 2366//2366 2359//2359
f 849//849 827//827 823//823
f 2311//2311 2325//2325 2290//2290
f 2499//2499 2379//2379 2434//2434
f 2446//2446 2456//2456 2423//2423
f 947//947 2358//2358 2379//2379
f 2499//2499 947//947 2379//2379
f 2205//2205 2195//2195 2212//2212
f 2245//2245 2237//2237 2227//2227
f 2245//2245 2256//2256 2237//2237
f 2256//2256 2263//2263 2271//2271
f 556//556 571//571 2305//2305
f 1528//1528 2068//2068 1518//1518
f 2424//2424 2439//2439 2432//2432
f 2302//2302 2352//2352 2297//2297
f 1866//1866 2237//2237 826//826
f 2248//2248 2242//2242 2211//2211
f 2334//2334 2364//2364 2363//2363
f 2235//2235 2244//2244 2226//2226
f 2255//2255 2295//2295 2254//2254
f 2329//2329 2324//2324 2296//2296
f 2439//2439 2447//2447 1973//1973
f 2329//2329 2334//2334 2324//2324
f 2409//2409 2432//2432 2414//2414
f 2293//2293 2318//2318 2276//2276
f 866//866 2425//2425 2416//2416
f 1487//1487 1493//1493 2372//2372
f 2237//2237 2231//2231 2230//2230
f 2415//2415 512//512 17//17
f 2035//2035 1236//1236 26//26
f 921//921 2138//2138 688//688
f 2491//2491 2482//2482 2462//2462
f 6//6 181//181 197//197
f 2481//2481 948//948 1795//1795
f 2138//2138 2383//2383 2382//2382
f 2377//2377 2394//2394 2352//2352
f 2377//2377 506//506 2394//2394
f 2394//2394 506//506 2402//2402
f 2401//2401 2402//2402 2415//2415
f 2394//2394 2402//2402 2401//2401
f 2318//2318 2326//2326 2276//2276
f 2439//2439 2457//2457 2432//2432
f 2298//2298 2302//2302 2297//2297
f 2244//2244 2249//2249 2243//2243
f 2404//2404 1100//1100 2382//2382
f 2238//2238 2245//2245 2227//2227
f 2245//2245 2257//2257 2256//2256
f 2257//2257 2263//2263 2256//2256
f 2324//2324 2334//2334 2328//2328
f 2257//2257 2289//2289 2263//2263
f 2289//2289 2302//2302 2263//2263
f 2236//2236 2231//2231 2250//2250
f 2138//2138 2382//2382 688//688
f 2383//2383 2404//2404 2382//2382
f 1100//1100 2404//2404 2343//2343
f 2353//2353 2352//2352 2302//2302
f 2353//2353 2377//2377 2352//2352
f 2237//2237 2230//2230 2220//2220
f 2335//2335 2355//2355 2325//2325
f 2308//2308 2340//2340 2315//2315
f 2253//2253 2269//2269 2276//2276
f 2311//2311 2335//2335 2325//2325
f 2439//2439 2424//2424 511//511
f 2268//2268 2267//2267 2248//2248
f 2383//2383 413//413 2404//2404
f 123//123 971//971 832//832
f 2234//2234 2243//2243 2269//2269
f 2225//2225 2213//2213 2234//2234
f 2219//2219 2213//2213 2225//2225
f 2195//2195 2196//2196 2212//2212
f 1544//1544 2418//2418 1549//1549
f 413//413 866//866 2404//2404
f 2404//2404 866//866 2416//2416
f 2416//2416 2417//2417 2404//2404
f 2404//2404 2417//2417 2343//2343
f 2415//2415 2409//2409 2401//2401
f 2196//2196 2219//2219 2212//2212
f 2268//2268 2248//2248 2218//2218
f 2206//2206 2214//2214 2197//2197
f 2417//2417 2332//2332 2343//2343
f 2343//2343 2332//2332 832//832
f 2330//2330 2302//2302 2289//2289
f 2330//2330 2353//2353 2302//2302
f 2453//2453 2454//2454 515//515
f 2218//2218 2248//2248 2217//2217
f 2218//2218 2217//2217 2205//2205
f 2276//2276 2281//2281 2268//2268
f 2178//2178 2197//2197 2177//2177
f 2197//2197 2189//2189 2177//2177
f 2332//2332 2066//2066 832//832
f 832//832 2066//2066 123//123
f 2231//2231 2236//2236 2230//2230
f 669//669 950//950 1144//1144
f 2217//2217 2211//2211 2199//2199
f 1216//1216 1209//1209 1217//1217
f 2066//2066 2365//2365 123//123
f 2230//2230 2226//2226 2214//2214
f 2290//2290 2325//2325 2304//2304
f 2325//2325 2319//2319 2304//2304
f 2217//2217 2248//2248 2211//2211
f 2191//2191 2192//2192 2199//2199
f 510//510 525//525 2035//2035
f 2417//2417 1917//1917 2332//2332
f 2332//2332 1917//1917 2066//2066
f 2408//2408 2413//2413 2341//2341
f 2248//2248 2267//2267 2242//2242
f 2326//2326 2333//2333 2281//2281
f 1340//1340 2365//2365 2066//2066
f 2440//2440 1302//1302 1340//1340
f 2226//2226 2230//2230 2235//2235
f 1153//1153 1163//1163 1116//1116
f 2431//2431 2455//2455 2438//2438
f 2416//2416 2425//2425 2417//2417
f 2495//2495 2474//2474 2462//2462
f 2290//2290 2304//2304 2277//2277
f 825//825 2227//2227 1872//1872
f 151//151 239//239 1038//1038
f 9//9 151//151 1038//1038
f 545//545 928//928 2381//2381
f 2440//2440 2406//2406 1384//1384
f 928//928 1596//1596 2381//2381
f 2186//2186 2188//2188 2185//2185
f 2456//2456 26//26 1888//1888
f 2287//2287 2333//2333 2262//2262
f 2425//2425 2342//2342 2417//2417
f 2342//2342 1917//1917 2417//2417
f 1917//1917 877//877 2066//2066
f 2336//2336 1340//1340 2066//2066
f 2336//2336 2440//2440 1340//1340
f 2328//2328 2351//2351 2327//2327
f 825//825 2238//2238 2227//2227
f 2351//2351 2368//2368 2327//2327
f 1222//1222 2388//2388 1211//1211
f 678//678 756//756 734//734
f 428//428 263//263 1343//1343
f 2188//2188 2191//2191 2190//2190
f 2341//2341 2376//2376 2333//2333
f 2066//2066 877//877 2336//2336
f 2290//2290 2277//2277 2278//2278
f 739//739 634//634 592//592
f 675//675 304//304 14//14
f 2384//2384 675//675 14//14
f 2199//2199 2211//2211 2204//2204
f 2191//2191 2199//2199 2204//2204
f 2322//2322 2318//2318 2310//2310
f 2287//2287 2262//2262 2233//2233
f 2185//2185 2188//2188 2184//2184
f 2386//2386 2425//2425 845//845
f 2384//2384 572//572 675//675
f 1128//1128 123//123 2365//2365
f 832//832 971//971 2343//2343
f 2188//2188 2186//2186 2191//2191
f 2185//2185 2184//2184 2176//2176
f 2345//2345 1917//1917 2342//2342
f 2345//2345 877//877 1917//1917
f 2336//2336 2406//2406 2440//2440
f 971//971 1100//1100 2343//2343
f 2299//2299 2289//2289 2257//2257
f 2299//2299 2303//2303 2289//2289
f 2249//2249 2255//2255 2243//2243
f 506//506 513//513 512//512
f 2437//2437 955//955 1219//1219
f 1587//1587 2398//2398 1324//1324
f 877//877 2396//2396 2336//2336
f 2336//2336 2396//2396 2406//2406
f 2463//2463 2479//2479 879//879
f 2376//2376 2412//2412 2350//2350
f 2281//2281 2267//2267 2268//2268
f 2303//2303 2330//2330 2289//2289
f 624//624 635//635 159//159
f 1996//1996 2356//2356 1561//1561
f 2449//2449 2436//2436 1996//1996
f 2356//2356 2054//2054 2451//2451
f 928//928 2398//2398 1587//1587
f 2333//2333 2350//2350 2262//2262
f 2035//2035 26//26 2456//2456
f 2346//2346 2342//2342 2425//2425
f 2346//2346 2345//2345 2342//2342
f 1544//1544 2380//2380 2418//2418
f 2412//2412 2392//2392 2350//2350
f 622//622 509//509 1151//1151
f 2436//2436 2054//2054 1996//1996
f 545//545 2451//2451 928//928
f 2326//2326 2341//2341 2333//2333
f 2346//2346 2425//2425 2386//2386
f 1365//1365 2035//2035 2456//2456
f 2369//2369 2377//2377 2353//2353
f 2369//2369 506//506 2377//2377
f 2451//2451 900//900 928//928
f 900//900 2398//2398 928//928
f 1235//1235 1888//1888 1244//1244
f 2337//2337 2345//2345 2346//2346
f 877//877 772//772 2396//2396
f 772//772 1275//1275 2396//2396
f 2432//2432 2446//2446 2414//2414
f 2294//2294 2295//2295 2310//2310
f 2369//2369 2330//2330 828//828
f 2418//2418 2419//2419 2436//2436
f 2450//2450 2429//2429 2436//2436
f 2436//2436 2429//2429 2054//2054
f 2490//2490 2494//2494 1656//1656
f 1321//1321 155//155 2338//2338
f 1256//1256 2346//2346 2386//2386
f 2448//2448 877//877 2345//2345
f 877//877 2448//2448 772//772
f 2446//2446 2423//2423 2414//2414
f 2351//2351 2334//2334 2363//2363
f 2243//2243 2254//2254 2269//2269
f 2380//2380 2419//2419 2418//2418
f 2419//2419 2450//2450 2436//2436
f 2283//2283 2278//2278 2264//2264
f 822//822 2197//2197 823//823
f 1008//1008 1759//1759 1565//1565
f 2448//2448 2345//2345 2337//2337
f 2270//2270 2293//2293 2276//2276
f 2323//2323 2324//2324 2328//2328
f 2429//2429 1012//1012 2054//2054
f 2226//2226 2243//2243 2213//2213
f 2395//2395 325//325 772//772
f 2370//2370 2367//2367 2380//2380
f 2054//2054 2435//2435 2451//2451
f 2435//2435 2397//2397 2451//2451
f 2451//2451 2397//2397 900//900
f 1774//1774 1974//1974 1975//1975
f 2305//2305 2290//2290 2283//2283
f 846//846 2305//2305 2283//2283
f 2320//2320 1215//1215 2285//2285
f 2139//2139 2448//2448 2337//2337
f 2448//2448 2395//2395 772//772
f 1232//1232 1231//1231 1216//1216
f 2272//2272 2285//2285 2284//2284
f 2367//2367 2371//2371 2380//2380
f 2371//2371 2405//2405 2380//2380
f 2380//2380 2405//2405 2419//2419
f 2419//2419 2429//2429 2450//2450
f 2429//2429 176//176 1012//1012
f 2397//2397 2373//2373 900//900
f 2373//2373 2398//2398 900//900
f 2373//2373 1379//1379 2398//2398
f 2372//2372 1500//1500 1508//1508
f 1133//1133 1303//1303 1142//1142
f 2252//2252 2273//2273 2272//2272
f 891//891 2252//2252 2272//2272
f 2419//2419 2405//2405 2429//2429
f 2405//2405 2430//2430 2429//2429
f 2429//2429 2430//2430 176//176
f 2189//2189 2186//2186 2181//2181
f 2212//2212 2219//2219 2218//2218
f 2312//2312 2139//2139 2337//2337
f 2139//2139 2384//2384 2448//2448
f 2448//2448 2384//2384 2395//2395
f 899//899 855//855 843//843
f 2272//2272 2273//2273 2285//2285
f 2331//2331 2303//2303 2299//2299
f 176//176 2435//2435 2054//2054
f 1012//1012 176//176 2054//2054
f 2177//2177 2185//2185 2176//2176
f 2218//2218 2219//2219 2225//2225
f 1216//1216 1220//1220 1215//1215
f 2378//2378 2139//2139 2312//2312
f 2384//2384 14//14 2395//2395
f 2324//2324 2295//2295 2255//2255
f 2240//2240 2273//2273 2252//2252
f 2371//2371 2387//2387 2405//2405
f 2410//2410 2430//2430 2405//2405
f 2430//2430 2442//2442 176//176
f 2435//2435 2344//2344 2397//2397
f 2397//2397 2344//2344 2373//2373
f 2456//2456 1888//1888 2455//2455
f 2242//2242 2267//2267 2233//2233
f 2233//2233 2262//2262 2229//2229
f 2378//2378 2384//2384 2139//2139
f 2323//2323 2310//2310 2295//2295
f 2323//2323 2322//2322 2310//2310
f 2240//2240 2274//2274 2273//2273
f 974//974 841//841 990//990
f 2490//2490 1447//1447 2486//2486
f 2387//2387 2410//2410 2405//2405
f 2442//2442 2141//2141 176//176
f 2344//2344 1778//1778 2373//2373
f 972//972 1379//1379 2373//2373
f 1778//1778 972//972 2373//2373
f 1379//1379 972//972 428//428
f 1211//1211 2437//2437 1223//1223
f 1228//1228 1215//1215 1220//1220
f 702//702 2378//2378 2312//2312
f 17//17 518//518 2415//2415
f 1888//1888 26//26 1244//1244
f 2324//2324 2323//2323 2295//2295
f 2305//2305 2311//2311 2290//2290
f 2307//2307 2285//2285 2273//2273
f 2274//2274 2307//2307 2273//2273
f 2307//2307 2320//2320 2285//2285
f 2369//2369 531//531 506//506
f 2435//2435 2258//2258 2344//2344
f 2296//2296 2324//2324 2288//2288
f 1233//1233 1217//1217 2361//2361
f 2360//2360 2371//2371 2367//2367
f 2410//2410 2442//2442 2430//2430
f 176//176 2141//2141 2258//2258
f 176//176 2258//2258 2435//2435
f 539//539 2331//2331 66//66
f 2350//2350 2392//2392 2317//2317
f 2268//2268 2225//2225 2253//2253
f 1508//1508 1500//1500 2371//2371
f 2360//2360 1508//1508 2371//2371
f 2371//2371 1500//1500 2387//2387
f 972//972 2366//2366 428//428
f 1626//1626 1686//1686 1358//1358
f 1759//1759 1807//1807 1819//1819
f 2277//2277 2257//2257 2245//2245
f 2277//2277 2299//2299 2257//2257
f 1784//1784 2228//2228 1736//1736
f 2265//2265 2240//2240 1736//1736
f 2228//2228 2265//2265 1736//1736
f 2265//2265 2274//2274 2240//2240
f 1209//1209 2320//2320 2307//2307
f 2320//2320 1209//1209 1216//1216
f 1555//1555 1584//1584 1560//1560
f 2387//2387 1500//1500 2372//2372
f 2410//2410 2420//2420 2442//2442
f 2433//2433 972//972 1778//1778
f 2433//2433 2366//2366 972//972
f 955//955 522//522 1225//1225
f 2339//2339 2307//2307 2274//2274
f 2372//2372 1493//1493 2387//2387
f 2411//2411 2420//2420 2410//2410
f 2420//2420 954//954 2442//2442
f 2442//2442 954//954 2141//2141
f 2344//2344 2433//2433 1778//1778
f 2205//2205 2212//2212 2218//2218
f 2328//2328 2334//2334 2351//2351
f 2394//2394 2401//2401 2414//2414
f 2250//2250 2256//2256 2271//2271
f 2339//2339 1209//1209 2307//2307
f 2328//2328 2322//2322 2323//2323
f 866//866 845//845 2425//2425
f 3//3 316//316 893//893
f 2387//2387 2411//2411 2410//2410
f 2441//2441 2141//2141 954//954
f 2141//2141 2441//2441 2258//2258
f 2354//2354 2433//2433 2344//2344
f 2254//2254 2294//2294 2270//2270
f 2269//2269 2254//2254 2270//2270
f 863//863 2305//2305 846//846
f 2441//2441 2354//2354 2258//2258
f 2258//2258 2354//2354 2344//2344
f 2319//2319 2355//2355 51//51
f 2223//2223 2228//2228 1784//1784
f 1493//1493 2411//2411 2387//2387
f 1560//1560 2449//2449 1555//1555
f 2288//2288 2324//2324 2255//2255
f 825//825 2251//2251 2238//2238
f 2251//2251 2245//2245 2238//2238
f 1299//1299 84//84 1312//1312
f 2246//2246 2265//2265 2228//2228
f 2313//2313 2274//2274 2265//2265
f 2313//2313 2339//2339 2274//2274
f 2251//2251 2277//2277 2245//2245
f 2319//2319 51//51 2331//2331
f 891//891 1862//1862 2252//2252
f 2443//2443 954//954 2420//2420
f 2443//2443 2441//2441 954//954
f 511//511 2447//2447 2439//2439
f 2242//2242 2233//2233 2211//2211
f 188//188 15//15 814//814
f 2443//2443 2426//2426 2441//2441
f 2426//2426 2354//2354 2441//2441
f 2306//2306 2403//2403 2433//2433
f 2433//2433 2403//2403 2366//2366
f 539//539 2303//2303 2331//2331
f 2246//2246 2228//2228 2223//2223
f 1030//1030 1819//1819 1807//1807
f 2354//2354 2306//2306 2433//2433
f 2413//2413 2412//2412 2376//2376
f 2438//2438 2455//2455 1888//1888
f 1848//1848 1857//1857 2176//2176
f 2207//2207 2208//2208 2223//2223
f 2208//2208 2246//2246 2223//2223
f 1209//1209 2339//2339 1217//1217
f 2339//2339 2361//2361 1217//1217
f 1221//1221 1210//1210 2388//2388
f 554//554 109//109 78//78
f 386//386 1375//1375 95//95
f 2327//2327 2326//2326 2318//2318
f 2179//2179 2182//2182 1393//1393
f 2182//2182 2208//2208 1393//1393
f 1393//1393 2208//2208 2207//2207
f 2361//2361 2399//2399 2388//2388
f 2388//2388 2399//2399 1211//1211
f 2306//2306 2354//2354 2426//2426
f 2403//2403 2359//2359 2366//2366
f 2214//2214 2226//2226 2213//2213
f 2268//2268 2253//2253 2276//2276
f 889//889 2200//2200 2179//2179
f 2200//2200 2182//2182 2179//2179
f 2200//2200 2221//2221 2182//2182
f 2221//2221 2208//2208 2182//2182
f 2314//2314 2265//2265 2246//2246
f 2314//2314 2313//2313 2265//2265
f 2339//2339 2374//2374 2361//2361
f 2478//2478 2434//2434 2379//2379
f 2205//2205 2217//2217 2199//2199
f 2208//2208 2259//2259 2246//2246
f 2259//2259 2275//2275 2246//2246
f 2314//2314 2321//2321 2313//2313
f 2313//2313 2347//2347 2339//2339
f 2347//2347 2374//2374 2339//2339
f 2374//2374 2399//2399 2361//2361
f 153//153 154//154 2426//2426
f 154//154 2306//2306 2426//2426
f 2385//2385 2359//2359 2403//2403
f 2221//2221 2259//2259 2208//2208
f 2306//2306 2357//2357 2403//2403
f 2357//2357 2385//2385 2403//2403
f 2237//2237 2256//2256 2231//2231
f 2172//2172 2180//2180 889//889
f 2180//2180 2200//2200 889//889
f 2200//2200 2201//2201 2221//2221
f 2246//2246 2291//2291 2314//2314
f 2374//2374 2444//2444 2399//2399
f 571//571 555//555 2311//2311
f 2192//2192 2205//2205 2199//2199
f 2173//2173 2180//2180 2172//2172
f 2279//2279 2246//2246 2275//2275
f 2279//2279 2291//2291 2246//2246
f 2292//2292 2314//2314 2291//2291
f 2321//2321 2362//2362 2313//2313
f 2362//2362 2347//2347 2313//2313
f 2347//2347 2389//2389 2374//2374
f 2444//2444 955//955 2437//2437
f 2292//2292 2291//2291 2279//2279
f 2452//2452 2444//2444 2374//2374
f 2054//2054 2356//2356 1996//1996
f 2338//2338 2306//2306 154//154
f 2186//2186 2192//2192 2191//2191
f 2193//2193 2201//2201 2200//2200
f 2259//2259 2221//2221 2201//2201
f 2247//2247 2259//2259 2201//2201
f 2452//2452 955//955 2444//2444
f 2278//2278 2277//2277 2251//2251
f 2338//2338 2357//2357 2306//2306
f 2181//2181 2186//2186 2185//2185
f 2276//2276 2326//2326 2281//2281
f 2432//2432 2457//2457 2446//2446
f 2198//2198 2201//2201 2193//2193
f 2198//2198 2232//2232 2201//2201
f 2232//2232 2247//2247 2201//2201
f 2389//2389 2452//2452 2374//2374
f 2452//2452 1630//1630 955//955
f 1403//1403 1749//1749 1444//1444
f 1555//1555 1996//1996 1561//1561
f 2357//2357 2427//2427 2385//2385
f 2385//2385 2428//2428 230//230
f 2409//2409 2415//2415 2424//2424
f 2304//2304 2331//2331 2299//2299
f 2193//2193 2200//2200 2180//2180
f 2445//2445 2452//2452 2389//2389
f 1565//1565 1759//1759 1927//1927
f 2380//2380 1544//1544 2370//2370
f 2338//2338 2427//2427 2357//2357
f 2427//2427 2428//2428 2385//2385
f 230//230 222//222 253//253
f 2202//2202 2198//2198 2193//2193
f 2202//2202 2209//2209 2198//2198
f 2209//2209 2241//2241 2198//2198
f 2241//2241 2232//2232 2198//2198
f 2266//2266 2275//2275 2259//2259
f 2365//2365 1340//1340 1128//1128
f 2415//2415 518//518 2424//2424
f 2338//2338 170//170 2427//2427
f 170//170 2428//2428 2427//2427
f 2181//2181 2185//2185 2177//2177
f 2196//2196 2195//2195 2189//2189
f 2183//2183 2193//2193 2180//2180
f 2453//2453 1630//1630 2452//2452
f 2197//2197 2214//2214 2189//2189
f 2401//2401 2409//2409 2414//2414
f 822//822 2220//2220 2197//2197
f 1210//1210 2361//2361 2388//2388
f 2187//2187 2193//2193 2183//2183
f 2187//2187 2202//2202 2193//2193
f 2266//2266 2279//2279 2275//2275
f 2279//2279 2300//2300 2292//2292
f 2375//2375 2347//2347 2362//2362
f 2375//2375 2390//2390 2347//2347
f 2390//2390 2389//2389 2347//2347
f 2453//2453 2452//2452 2445//2445
f 1347//1347 1630//1630 2453//2453
f 1630//1630 1347//1347 522//522
f 2220//2220 2206//2206 2197//2197
f 2262//2262 2350//2350 2286//2286
f 170//170 254//254 2428//2428
f 2457//2457 1973//1973 2446//2446
f 1973//1973 1365//1365 2446//2446
f 2174//2174 2183//2183 2180//2180
f 2194//2194 2202//2202 2187//2187
f 2222//2222 2241//2241 2209//2209
f 2222//2222 2260//2260 2241//2241
f 2266//2266 2259//2259 2247//2247
f 2390//2390 2445//2445 2389//2389
f 2264//2264 2251//2251 825//825
f 2363//2363 2368//2368 2351//2351
f 2326//2326 2393//2393 2341//2341
f 1855//1855 1850//1850 1851//1851
f 2210//2210 2209//2209 2202//2202
f 2210//2210 2222//2222 2209//2209
f 2261//2261 2260//2260 2222//2222
f 2280//2280 2279//2279 2266//2266
f 2280//2280 2300//2300 2279//2279
f 251//251 263//263 2359//2359
f 2277//2277 2304//2304 2299//2299
f 2220//2220 2230//2230 2206//2206
f 2202//2202 2194//2194 2210//2210
f 2213//2213 2243//2243 2234//2234
f 2328//2328 2327//2327 2322//2322
f 2294//2294 2310//2310 2293//2293
f 2214//2214 2196//2196 2189//2189
f 2196//2196 2213//2213 2219//2219
f 2224//2224 2222//2222 2210//2210
f 2421//2421 2390//2390 2375//2375
f 2206//2206 2230//2230 2214//2214
f 2194//2194 2203//2203 2210//2210
f 2224//2224 2261//2261 2222//2222
f 2421//2421 2445//2445 2390//2390
f 2322//2322 2327//2327 2318//2318
f 2393//2393 2408//2408 2341//2341
f 1365//1365 1973//1973 510//510
f 2216//2216 2210//2210 2203//2203
f 2216//2216 2224//2224 2210//2210
f 2266//2266 2308//2308 2280//2280
f 2280//2280 2308//2308 2300//2300
f 2407//2407 2421//2421 2375//2375
f 2175//2175 2183//2183 2174//2174
f 2194//2194 2190//2190 2203//2203
f 2454//2454 2445//2445 2421//2421
f 522//522 1347//1347 523//523
f 2456//2456 2455//2455 2423//2423
f 823//823 2197//2197 2178//2178
f 2281//2281 2333//2333 2287//2287
f 2188//2188 2187//2187 2183//2183
f 2188//2188 2190//2190 2194//2194
f 2187//2187 2188//2188 2194//2194
f 2308//2308 2315//2315 2300//2300
f 2407//2407 2375//2375 2362//2362
f 2443//2443 2420//2420 2503//2503
f 2420//2420 2411//2411 2503//2503
f 2411//2411 1493//1493 2503//2503
f 1493//1493 1487//1487 2503//2503
f 1487//1487 1318//1318 2503//2503
f 1318//1318 1320//1320 2503//2503
f 1320//1320 2443//2443 2503//2503
